id,user_id,restaurant_id,order_date,order_time,status,subtotal,delivery_fee,discount_amount,order_total,items_count,city
1,324,12,2025-04-10,12:04:00,completed,87.83,2.68,2.42,88.09,2,Boston
2,22,21,2025-08-13,14:32:00,completed,78.34,4.87,0.44,82.77,6,Austin
3,98,19,2024-01-01,23:49:00,completed,66.52,3.87,9.59,60.80,4,Seattle
4,205,48,2024-03-26,16:21:00,refunded,0.00,0.00,0.00,0.00,0,Los Angeles
5,255,45,2024-05-24,15:59:00,completed,37.74,2.91,5.09,35.56,4,Atlanta
6,309,12,2024-07-12,14:20:00,completed,42.27,3.98,5.35,40.90,6,Boston
7,219,11,2024-12-07,17:22:00,completed,71.78,7.06,7.38,71.46,4,Boston
8,141,41,2025-03-21,10:04:00,completed,48.06,5.07,9.00,44.13,2,Atlanta
9,16,10,2025-05-19,19:43:00,completed,20.58,2.84,9.34,14.08,3,Chicago
10,186,25,2025-08-30,19:02:00,completed,68.25,7.24,4.46,71.03,1,Austin
11,294,9,2024-06-26,15:25:00,completed,38.62,7.30,0.31,45.61,2,Chicago
12,256,34,2024-02-01,18:07:00,completed,37.26,4.73,11.96,30.03,3,San Francisco
13,252,13,2023-05-06,12:54:00,completed,30.78,6.07,11.97,24.88,6,Boston
14,164,43,2023-12-22,21:04:00,completed,39.49,4.00,1.89,41.60,6,Atlanta
15,327,12,2025-03-23,15:32:00,completed,90.90,6.46,2.84,94.52,4,Boston
16,14,24,2024-07-21,19:23:00,completed,90.74,3.15,10.61,83.28,1,Austin
17,159,26,2025-01-04,21:30:00,completed,74.92,6.62,0.89,80.65,3,Miami
18,329,5,2024-04-05,17:43:00,completed,27.50,6.65,6.62,27.53,5,New York
19,94,50,2023-05-13,16:32:00,cancelled,0.00,0.00,0.00,0.00,0,Los Angeles
20,29,8,2024-06-14,12:19:00,completed,41.88,6.05,4.15,43.78,5,Chicago
21,146,6,2023-09-14,13:40:00,refunded,0.00,0.00,0.00,0.00,0,Chicago
22,141,9,2024-10-02,14:39:00,completed,55.19,3.34,11.30,47.23,2,Chicago
23,88,43,2024-10-01,21:57:00,completed,80.35,5.32,9.90,75.77,1,Atlanta
24,42,3,2025-08-29,20:49:00,completed,66.18,6.33,5.00,67.51,6,New York
25,16,32,2025-06-29,20:34:00,completed,88.79,4.91,9.66,84.04,6,San Francisco
26,208,20,2024-04-09,11:44:00,completed,50.53,4.92,2.45,53.00,5,Seattle
27,74,21,2025-06-01,21:20:00,completed,81.70,7.38,1.57,87.51,3,Austin
28,264,36,2023-04-19,15:15:00,completed,37.79,3.74,1.16,40.37,3,Denver
29,197,40,2024-03-04,13:55:00,cancelled,0.00,0.00,0.00,0.00,0,Denver
30,168,37,2025-01-08,15:12:00,completed,54.87,5.07,5.99,53.95,3,Denver
31,255,2,2023-04-03,16:32:00,completed,35.81,5.42,0.58,40.65,3,New York
32,254,39,2025-06-22,23:41:00,completed,39.15,2.54,1.29,40.40,2,Denver
33,136,47,2024-01-10,22:25:00,completed,47.64,5.35,2.34,50.65,5,Los Angeles
34,148,5,2024-01-31,18:28:00,completed,38.70,7.45,8.16,37.99,1,New York
35,66,7,2024-02-08,15:50:00,refunded,0.00,0.00,0.00,0.00,0,Chicago
36,286,24,2025-02-12,12:12:00,completed,47.70,2.70,0.47,49.93,6,Austin
37,171,31,2024-06-15,17:09:00,completed,56.15,4.14,7.36,52.93,2,San Francisco
38,202,40,2025-01-27,23:19:00,completed,55.54,5.05,5.88,54.71,5,Denver
39,154,31,2025-04-15,10:23:00,completed,26.11,4.58,3.69,27.00,6,San Francisco
40,323,2,2024-09-03,17:16:00,refunded,0.00,0.00,0.00,0.00,0,New York
41,297,37,2023-08-22,21:03:00,completed,30.62,5.65,7.44,28.83,4,Denver
42,76,44,2023-09-06,10:36:00,refunded,0.00,0.00,0.00,0.00,0,Atlanta
43,57,13,2023-01-20,17:20:00,completed,48.56,3.52,6.02,46.06,5,Boston
44,242,48,2025-01-14,10:45:00,completed,33.34,4.13,7.95,29.52,5,Los Angeles
45,193,21,2023-06-27,17:58:00,completed,58.42,5.88,10.41,53.89,6,Austin
46,330,45,2023-09-28,19:30:00,completed,36.24,5.29,2.70,38.83,3,Atlanta
47,148,46,2023-08-01,21:45:00,completed,53.51,5.30,11.21,47.60,6,Los Angeles
48,141,19,2023-05-05,19:43:00,completed,84.29,4.47,4.14,84.62,2,Seattle
49,149,3,2023-10-22,21:05:00,completed,50.74,3.78,5.75,48.77,2,New York
50,276,18,2025-08-13,18:44:00,completed,26.08,6.20,2.87,29.41,1,Seattle
51,343,34,2023-08-20,20:14:00,completed,48.58,6.09,1.21,53.46,2,San Francisco
52,3,36,2025-08-09,12:26:00,completed,83.17,4.88,7.81,80.24,3,Denver
53,165,19,2024-10-23,10:58:00,completed,66.27,3.66,8.86,61.07,1,Seattle
54,90,27,2025-06-22,23:11:00,refunded,0.00,0.00,0.00,0.00,0,Miami
55,19,26,2025-03-17,17:11:00,refunded,0.00,0.00,0.00,0.00,0,Miami
56,149,3,2023-01-10,14:36:00,completed,86.71,4.18,5.45,85.44,6,New York
57,279,34,2024-05-20,12:54:00,completed,38.19,6.54,3.97,40.76,6,San Francisco
58,235,42,2023-09-21,21:11:00,completed,42.95,3.98,8.09,38.84,2,Atlanta
59,90,40,2025-05-26,20:57:00,completed,49.65,4.14,4.81,48.98,1,Denver
60,95,9,2024-05-03,15:59:00,completed,37.30,3.68,9.05,31.93,3,Chicago
61,155,38,2025-01-10,19:00:00,completed,44.61,3.68,8.01,40.28,4,Denver
62,158,11,2024-02-20,20:32:00,refunded,0.00,0.00,0.00,0.00,0,Boston
63,160,45,2023-05-01,20:58:00,refunded,0.00,0.00,0.00,0.00,0,Atlanta
64,189,40,2023-08-15,13:08:00,completed,51.67,7.44,4.48,54.63,6,Denver
65,282,31,2025-02-14,18:51:00,completed,34.16,3.74,9.06,28.84,1,San Francisco
66,270,29,2024-06-24,21:23:00,completed,59.75,2.81,6.57,55.99,5,Miami
67,104,37,2024-07-03,12:10:00,completed,56.51,3.08,2.46,57.13,5,Denver
68,251,6,2025-07-09,18:28:00,cancelled,0.00,0.00,0.00,0.00,0,Chicago
69,233,9,2024-06-09,16:29:00,completed,59.35,5.86,3.70,61.51,1,Chicago
70,203,17,2025-04-16,10:47:00,completed,23.40,4.62,8.40,19.62,5,Seattle
71,31,5,2025-08-14,17:02:00,completed,31.32,3.18,7.70,26.80,6,New York
72,331,27,2024-01-19,16:28:00,cancelled,0.00,0.00,0.00,0.00,0,Miami
73,194,25,2023-03-24,20:42:00,cancelled,0.00,0.00,0.00,0.00,0,Austin
74,69,42,2025-05-30,15:07:00,completed,57.76,5.14,8.73,54.17,2,Atlanta
75,2,49,2023-01-24,14:29:00,completed,58.29,5.16,9.88,53.57,2,Los Angeles
76,236,23,2023-06-08,14:12:00,refunded,0.00,0.00,0.00,0.00,0,Austin
77,58,3,2025-04-08,20:26:00,completed,87.28,6.95,2.89,91.34,1,New York
78,52,39,2023-02-04,17:38:00,completed,82.54,3.72,0.53,85.73,4,Denver
79,120,35,2023-08-11,22:55:00,completed,28.37,7.47,2.81,33.03,6,San Francisco
80,295,21,2024-08-14,19:49:00,completed,41.73,4.01,1.72,44.02,6,Austin
81,267,15,2024-02-28,14:17:00,completed,88.19,6.90,10.94,84.15,6,Boston
82,348,28,2024-07-23,17:03:00,refunded,0.00,0.00,0.00,0.00,0,Miami
83,330,43,2024-01-26,22:33:00,completed,48.81,3.25,4.52,47.54,5,Atlanta
84,243,16,2025-05-19,13:19:00,cancelled,0.00,0.00,0.00,0.00,0,Seattle
85,74,30,2025-07-25,10:35:00,completed,48.82,5.15,4.66,49.31,3,Miami
86,105,22,2024-10-24,11:59:00,completed,45.46,5.18,9.95,40.69,1,Austin
87,138,25,2024-11-20,19:38:00,completed,23.39,6.52,7.05,22.86,6,Austin
88,287,14,2024-05-05,13:55:00,cancelled,0.00,0.00,0.00,0.00,0,Boston
89,156,1,2023-08-05,13:47:00,completed,91.97,4.89,2.91,93.95,5,New York
90,105,26,2025-07-26,13:35:00,completed,38.95,4.83,7.78,36.00,3,Miami
91,134,24,2024-06-09,17:29:00,completed,90.62,4.85,10.08,85.39,2,Austin
92,190,21,2024-02-28,10:36:00,cancelled,0.00,0.00,0.00,0.00,0,Austin
93,75,2,2023-09-25,18:59:00,completed,71.28,3.98,2.35,72.91,2,New York
94,195,37,2025-05-03,13:31:00,completed,87.82,4.19,9.16,82.85,4,Denver
95,329,48,2024-05-17,17:10:00,completed,44.06,3.20,6.56,40.70,2,Los Angeles
96,278,42,2023-03-02,18:02:00,cancelled,0.00,0.00,0.00,0.00,0,Atlanta
97,39,43,2023-02-19,22:00:00,completed,80.35,3.66,8.49,75.52,1,Atlanta
98,112,33,2024-04-11,15:03:00,completed,67.34,5.58,5.80,67.12,4,San Francisco
99,9,1,2024-06-28,18:26:00,completed,57.18,3.87,11.73,49.32,1,New York
100,258,45,2024-11-21,16:51:00,refunded,0.00,0.00,0.00,0.00,0,Atlanta
101,92,7,2025-07-29,11:33:00,completed,32.20,5.13,9.78,27.55,3,Chicago
102,204,6,2024-01-18,16:29:00,completed,91.28,3.63,8.21,86.70,1,Chicago
103,335,42,2025-02-16,10:05:00,completed,45.91,4.88,7.64,43.15,6,Atlanta
104,88,6,2024-05-26,23:27:00,completed,42.51,7.39,11.69,38.21,5,Chicago
105,22,15,2023-08-05,23:44:00,cancelled,0.00,0.00,0.00,0.00,0,Boston
106,244,18,2023-02-17,11:43:00,refunded,0.00,0.00,0.00,0.00,0,Seattle
107,279,37,2024-11-04,10:11:00,refunded,0.00,0.00,0.00,0.00,0,Denver
108,162,2,2023-08-01,19:09:00,completed,70.74,4.49,0.92,74.31,2,New York
109,289,16,2024-08-03,23:54:00,completed,84.34,4.16,9.07,79.43,2,Seattle
110,41,33,2025-02-02,15:03:00,completed,35.18,2.88,7.26,30.80,5,San Francisco
111,305,26,2025-03-03,15:01:00,completed,75.98,4.75,2.74,77.99,5,Miami
112,193,28,2023-07-10,20:37:00,completed,24.34,5.59,9.58,20.35,6,Miami
113,38,6,2023-10-02,12:24:00,completed,64.91,6.20,3.80,67.31,1,Chicago
114,47,1,2025-08-23,14:28:00,completed,37.96,3.16,2.25,38.87,4,New York
115,286,36,2024-06-08,16:06:00,completed,44.19,2.97,7.18,39.98,3,Denver
116,198,1,2023-10-26,16:24:00,completed,71.64,5.30,11.91,65.03,2,New York
117,293,34,2023-06-23,20:24:00,completed,37.90,3.84,1.75,39.99,2,San Francisco
118,223,18,2024-03-07,14:30:00,completed,44.72,7.22,8.65,43.29,4,Seattle
119,305,40,2023-07-20,17:06:00,completed,18.50,4.48,10.10,12.88,4,Denver
120,169,29,2023-12-09,16:52:00,cancelled,0.00,0.00,0.00,0.00,0,Miami
121,334,39,2023-05-20,14:20:00,completed,69.45,4.90,2.13,72.22,4,Denver
122,164,19,2025-01-22,21:40:00,completed,60.62,3.71,4.51,59.82,4,Seattle
123,187,8,2025-08-12,19:12:00,completed,58.38,5.91,6.60,57.69,6,Chicago
124,237,46,2023-08-03,17:51:00,completed,69.27,6.59,9.55,66.31,4,Los Angeles
125,345,32,2023-05-23,20:19:00,completed,66.74,6.08,9.47,63.35,1,San Francisco
126,230,39,2024-05-05,19:25:00,completed,86.34,6.85,5.02,88.17,1,Denver
127,185,45,2025-07-05,22:34:00,completed,85.67,3.05,2.98,85.74,6,Atlanta
128,182,11,2024-10-24,19:02:00,completed,65.73,5.73,11.60,59.86,3,Boston
129,221,7,2023-01-11,11:16:00,completed,73.27,5.29,8.25,70.31,2,Chicago
130,229,24,2024-02-05,17:49:00,completed,69.09,3.25,11.97,60.37,4,Austin
131,54,19,2024-03-01,11:07:00,cancelled,0.00,0.00,0.00,0.00,0,Seattle
132,73,23,2023-11-16,15:29:00,completed,56.56,4.24,1.17,59.63,6,Austin
133,232,21,2023-03-10,14:02:00,cancelled,0.00,0.00,0.00,0.00,0,Austin
134,59,2,2025-05-19,15:41:00,completed,77.20,7.15,8.89,75.46,5,New York
135,90,36,2023-06-13,15:35:00,completed,52.19,6.49,7.56,51.12,2,Denver
136,328,43,2024-03-18,16:01:00,completed,83.35,4.75,5.15,82.95,1,Atlanta
137,110,14,2023-10-13,22:45:00,cancelled,0.00,0.00,0.00,0.00,0,Boston
138,33,37,2023-04-15,22:55:00,completed,45.07,3.49,1.37,47.19,6,Denver
139,251,34,2024-10-16,15:38:00,completed,47.05,3.07,4.22,45.90,4,San Francisco
140,317,12,2025-04-13,20:45:00,cancelled,0.00,0.00,0.00,0.00,0,Boston
141,315,38,2023-03-28,20:08:00,completed,35.65,3.08,4.48,34.25,2,Denver
142,262,25,2024-03-04,19:08:00,completed,49.30,4.93,6.45,47.78,6,Austin
143,89,36,2023-06-20,17:18:00,completed,41.28,4.76,0.64,45.40,3,Denver
144,5,32,2023-05-20,13:52:00,completed,59.56,5.77,4.91,60.42,4,San Francisco
145,213,46,2025-05-10,17:31:00,completed,59.84,6.48,2.65,63.67,1,Los Angeles
146,141,15,2024-07-04,14:10:00,completed,59.86,6.36,5.94,60.28,5,Boston
147,58,37,2023-04-27,14:49:00,completed,91.33,5.21,9.08,87.46,6,Denver
148,226,35,2023-08-12,16:06:00,completed,66.37,3.74,10.50,59.61,1,San Francisco
149,231,17,2023-12-23,23:52:00,completed,82.03,3.09,9.74,75.38,2,Seattle
150,302,45,2023-12-26,23:45:00,completed,49.68,5.58,9.42,45.84,2,Atlanta
151,31,37,2023-12-26,18:17:00,completed,30.46,7.40,3.51,34.35,5,Denver
152,137,33,2025-07-10,20:52:00,completed,89.25,6.43,11.03,84.65,3,San Francisco
153,336,9,2024-12-19,23:08:00,completed,70.64,6.64,9.14,68.14,6,Chicago
154,202,32,2023-05-26,19:40:00,completed,48.65,4.76,7.60,45.81,1,San Francisco
155,207,33,2025-02-06,14:44:00,refunded,0.00,0.00,0.00,0.00,0,San Francisco
156,189,30,2025-08-31,17:20:00,completed,82.30,6.74,1.12,87.92,4,Miami
157,326,43,2024-12-15,15:54:00,completed,57.55,3.59,5.16,55.98,2,Atlanta
158,254,18,2023-11-27,23:18:00,completed,60.77,5.33,5.82,60.28,3,Seattle
159,350,49,2023-02-19,10:06:00,completed,79.92,2.58,11.15,71.35,2,Los Angeles
160,226,30,2023-01-01,16:12:00,refunded,0.00,0.00,0.00,0.00,0,Miami
161,68,42,2023-11-06,12:55:00,refunded,0.00,0.00,0.00,0.00,0,Atlanta
162,141,6,2024-11-01,15:16:00,completed,67.17,5.74,0.62,72.29,6,Chicago
163,157,47,2024-12-17,22:14:00,completed,24.75,2.98,2.56,25.17,1,Los Angeles
164,68,38,2023-08-20,18:43:00,completed,18.60,4.22,1.45,21.37,4,Denver
165,68,31,2023-03-14,13:24:00,completed,77.64,3.02,4.41,76.25,3,San Francisco
166,71,25,2025-03-03,23:48:00,cancelled,0.00,0.00,0.00,0.00,0,Austin
167,329,44,2023-05-27,11:33:00,completed,63.16,3.32,4.21,62.27,2,Atlanta
168,322,48,2023-06-05,16:39:00,completed,81.64,2.93,1.21,83.36,1,Los Angeles
169,302,47,2024-01-29,15:27:00,completed,28.35,3.88,1.01,31.22,5,Los Angeles
170,308,39,2025-01-08,19:18:00,completed,69.10,6.74,7.90,67.94,3,Denver
171,106,34,2024-09-13,18:12:00,completed,39.87,2.77,10.77,31.87,2,San Francisco
172,254,25,2023-04-26,13:31:00,completed,23.25,6.94,0.14,30.05,3,Austin
173,163,9,2024-02-01,23:53:00,completed,45.04,5.91,9.15,41.80,1,Chicago
174,9,38,2023-03-11,10:16:00,completed,86.27,7.24,4.78,88.73,3,Denver
175,322,46,2024-05-28,22:26:00,completed,47.77,5.70,6.45,47.02,2,Los Angeles
176,143,6,2023-11-14,11:32:00,refunded,0.00,0.00,0.00,0.00,0,Chicago
177,80,35,2023-12-01,16:37:00,completed,79.75,5.91,0.79,84.87,6,San Francisco
178,224,47,2025-05-16,13:03:00,completed,86.42,3.08,7.35,82.15,1,Los Angeles
179,159,43,2025-01-29,20:47:00,completed,18.94,3.19,0.14,21.99,4,Atlanta
180,178,34,2024-06-13,22:52:00,completed,30.36,3.13,9.37,24.12,3,San Francisco
181,61,50,2025-07-10,10:21:00,cancelled,0.00,0.00,0.00,0.00,0,Los Angeles
182,140,34,2023-03-07,14:45:00,refunded,0.00,0.00,0.00,0.00,0,San Francisco
183,322,5,2024-05-23,17:32:00,completed,54.97,5.33,4.41,55.89,3,New York
184,53,37,2024-11-21,21:07:00,completed,55.65,2.72,10.36,48.01,2,Denver
185,24,31,2024-01-08,16:58:00,completed,86.91,6.79,6.63,87.07,6,San Francisco
186,336,27,2023-08-18,15:15:00,completed,71.30,3.86,0.93,74.23,3,Miami
187,62,33,2024-11-20,10:11:00,completed,56.17,2.73,4.81,54.09,4,San Francisco
188,145,50,2025-05-15,14:20:00,completed,51.80,4.34,3.50,52.64,3,Los Angeles
189,319,16,2024-04-20,15:37:00,refunded,0.00,0.00,0.00,0.00,0,Seattle
190,101,47,2025-07-11,18:48:00,completed,29.14,7.16,0.29,36.01,5,Los Angeles
191,178,41,2025-05-09,21:56:00,completed,42.79,6.29,4.52,44.56,6,Atlanta
192,158,7,2023-07-30,18:15:00,completed,89.13,7.36,1.71,94.78,3,Chicago
193,48,3,2025-08-01,13:57:00,cancelled,0.00,0.00,0.00,0.00,0,New York
194,212,45,2025-07-06,15:29:00,refunded,0.00,0.00,0.00,0.00,0,Atlanta
195,44,38,2023-04-08,18:08:00,completed,47.18,5.46,0.75,51.89,6,Denver
196,67,16,2023-10-26,14:54:00,completed,77.26,6.00,8.82,74.44,3,Seattle
197,232,18,2023-08-28,11:12:00,completed,74.99,3.04,1.27,76.76,4,Seattle
198,239,21,2024-02-21,11:34:00,completed,75.00,4.76,5.56,74.20,1,Austin
199,47,11,2025-04-06,20:19:00,cancelled,0.00,0.00,0.00,0.00,0,Boston
200,309,3,2023-08-09,23:54:00,completed,24.75,3.74,4.27,24.22,5,New York
201,26,44,2023-11-03,14:52:00,refunded,0.00,0.00,0.00,0.00,0,Atlanta
202,16,26,2025-05-25,17:35:00,completed,36.49,4.81,9.65,31.65,2,Miami
203,63,1,2023-03-05,23:49:00,refunded,0.00,0.00,0.00,0.00,0,New York
204,67,13,2025-04-23,16:23:00,completed,87.38,2.92,7.03,83.27,1,Boston
205,12,5,2023-07-22,20:28:00,cancelled,0.00,0.00,0.00,0.00,0,New York
206,48,22,2023-05-06,10:29:00,completed,86.39,4.67,8.69,82.37,4,Austin
207,16,25,2024-11-30,16:11:00,completed,85.21,3.87,5.35,83.73,2,Austin
208,18,40,2024-09-26,19:15:00,completed,54.92,6.91,5.75,56.08,1,Denver
209,144,25,2023-05-21,16:12:00,completed,76.99,3.75,11.93,68.81,5,Austin
210,10,25,2025-03-11,21:22:00,completed,75.83,4.22,6.79,73.26,3,Austin
211,199,18,2023-07-04,10:20:00,completed,20.17,6.55,3.37,23.35,4,Seattle
212,272,23,2025-02-24,19:14:00,refunded,0.00,0.00,0.00,0.00,0,Austin
213,52,16,2024-11-03,13:17:00,completed,76.55,6.19,9.17,73.57,2,Seattle
214,295,25,2023-12-30,23:54:00,completed,35.50,4.09,8.86,30.73,3,Austin
215,303,2,2024-12-21,21:22:00,refunded,0.00,0.00,0.00,0.00,0,New York
216,289,10,2024-07-30,13:53:00,refunded,0.00,0.00,0.00,0.00,0,Chicago
217,253,35,2023-11-13,12:31:00,completed,22.16,5.51,0.24,27.43,4,San Francisco
218,1,22,2025-07-28,19:12:00,cancelled,0.00,0.00,0.00,0.00,0,Austin
219,175,46,2023-07-01,22:54:00,cancelled,0.00,0.00,0.00,0.00,0,Los Angeles
220,31,2,2023-06-01,19:45:00,cancelled,0.00,0.00,0.00,0.00,0,New York
221,57,34,2025-05-31,15:04:00,completed,87.70,4.48,1.21,90.97,3,San Francisco
222,166,9,2023-06-11,21:27:00,completed,89.09,5.75,2.09,92.75,5,Chicago
223,315,23,2023-08-17,20:37:00,cancelled,0.00,0.00,0.00,0.00,0,Austin
224,194,20,2025-01-21,21:18:00,completed,71.93,7.24,11.38,67.79,4,Seattle
225,291,3,2023-07-06,19:20:00,refunded,0.00,0.00,0.00,0.00,0,New York
226,314,15,2024-10-16,19:06:00,refunded,0.00,0.00,0.00,0.00,0,Boston
227,73,22,2025-02-02,11:15:00,completed,41.64,5.68,11.56,35.76,6,Austin
228,344,41,2025-01-16,15:28:00,completed,33.52,5.97,4.21,35.28,1,Atlanta
229,1,4,2024-01-31,17:46:00,completed,30.31,4.57,10.58,24.30,3,New York
230,280,25,2023-04-14,23:30:00,completed,60.78,6.29,2.71,64.36,4,Austin
231,38,3,2023-10-29,10:20:00,completed,25.75,4.21,10.66,19.30,2,New York
232,39,36,2025-08-22,11:21:00,completed,63.41,4.91,0.37,67.95,6,Denver
233,85,39,2025-06-30,16:10:00,completed,42.50,7.37,4.91,44.96,5,Denver
234,277,17,2024-11-07,14:19:00,completed,21.67,5.36,10.08,16.95,2,Seattle
235,28,24,2023-01-04,16:05:00,completed,66.99,5.50,2.40,70.09,1,Austin
236,106,11,2024-10-15,14:05:00,completed,26.55,6.42,5.65,27.32,6,Boston
237,136,6,2024-10-19,18:24:00,completed,83.53,4.35,5.35,82.53,3,Chicago
238,226,30,2023-09-27,13:53:00,completed,22.56,6.26,8.01,20.81,1,Miami
239,343,23,2025-04-07,18:26:00,refunded,0.00,0.00,0.00,0.00,0,Austin
240,302,15,2024-07-20,10:53:00,completed,56.67,7.33,8.24,55.76,4,Boston
241,294,16,2024-05-02,14:05:00,completed,81.19,2.67,6.85,77.01,5,Seattle
242,293,44,2024-09-27,12:07:00,refunded,0.00,0.00,0.00,0.00,0,Atlanta
243,230,12,2025-08-29,12:13:00,cancelled,0.00,0.00,0.00,0.00,0,Boston
244,65,3,2024-03-09,11:43:00,completed,91.80,5.64,10.01,87.43,3,New York
245,164,47,2025-07-25,22:04:00,completed,59.17,5.26,10.28,54.15,5,Los Angeles
246,235,1,2025-03-16,21:39:00,completed,75.84,3.06,1.80,77.10,5,New York
247,302,38,2025-02-15,11:59:00,completed,75.69,6.43,10.41,71.71,3,Denver
248,211,17,2024-01-28,20:31:00,completed,53.01,3.36,4.84,51.53,5,Seattle
249,312,44,2024-12-11,16:02:00,completed,83.04,5.95,0.59,88.40,4,Atlanta
250,138,24,2023-01-21,15:52:00,completed,41.01,6.71,10.30,37.42,6,Austin
251,51,15,2023-05-18,14:47:00,completed,79.11,3.85,5.00,77.96,6,Boston
252,46,13,2024-03-28,13:58:00,cancelled,0.00,0.00,0.00,0.00,0,Boston
253,249,49,2024-06-12,23:23:00,cancelled,0.00,0.00,0.00,0.00,0,Los Angeles
254,264,11,2023-03-09,14:45:00,completed,28.04,6.76,10.55,24.25,1,Boston
255,89,13,2025-06-15,23:12:00,cancelled,0.00,0.00,0.00,0.00,0,Boston
256,128,3,2024-04-12,10:58:00,completed,32.73,4.34,5.57,31.50,4,New York
257,326,8,2024-11-28,10:15:00,completed,61.96,3.39,10.45,54.90,5,Chicago
258,283,23,2023-12-19,12:53:00,cancelled,0.00,0.00,0.00,0.00,0,Austin
259,47,19,2023-01-29,16:03:00,completed,60.35,7.32,10.29,57.38,6,Seattle
260,116,44,2023-07-31,14:41:00,completed,19.48,6.40,9.21,16.67,1,Atlanta
261,243,9,2024-10-24,12:38:00,cancelled,0.00,0.00,0.00,0.00,0,Chicago
262,115,17,2024-09-14,22:19:00,completed,70.49,3.88,10.75,63.62,3,Seattle
263,236,17,2023-08-12,17:19:00,completed,79.00,4.49,1.23,82.26,5,Seattle
264,340,24,2024-07-28,20:38:00,completed,40.09,3.04,0.77,42.36,3,Austin
265,328,21,2025-06-01,14:16:00,completed,88.46,5.76,2.26,91.96,5,Austin
266,124,4,2025-04-04,23:51:00,cancelled,0.00,0.00,0.00,0.00,0,New York
267,207,43,2023-11-24,20:08:00,completed,66.50,7.49,3.11,70.88,4,Atlanta
268,208,25,2025-01-24,10:37:00,completed,60.33,3.45,8.72,55.06,2,Austin
269,274,41,2025-03-14,17:58:00,refunded,0.00,0.00,0.00,0.00,0,Atlanta
270,184,33,2023-11-04,23:10:00,cancelled,0.00,0.00,0.00,0.00,0,San Francisco
271,286,12,2023-10-28,11:30:00,completed,37.14,6.54,9.16,34.52,2,Boston
272,349,22,2024-11-01,11:14:00,completed,73.07,4.04,9.46,67.65,3,Austin
273,191,17,2024-08-22,14:29:00,cancelled,0.00,0.00,0.00,0.00,0,Seattle
274,241,4,2025-06-06,20:37:00,completed,63.93,4.86,2.33,66.46,1,New York
275,349,25,2024-06-26,14:26:00,completed,81.21,3.19,2.40,82.00,4,Austin
276,292,30,2023-05-27,15:55:00,completed,75.64,4.94,7.57,73.01,2,Miami
277,161,41,2023-03-01,10:28:00,completed,74.33,3.34,9.17,68.50,4,Atlanta
278,46,9,2024-09-21,16:40:00,completed,49.75,4.89,0.06,54.58,5,Chicago
279,103,47,2024-01-18,10:57:00,completed,79.66,3.45,8.12,74.99,6,Los Angeles
280,128,15,2024-12-11,15:19:00,completed,46.38,5.44,2.00,49.82,1,Boston
281,153,19,2024-04-11,21:33:00,completed,43.00,6.94,11.95,37.99,3,Seattle
282,251,23,2025-02-07,13:10:00,refunded,0.00,0.00,0.00,0.00,0,Austin
283,207,2,2023-08-22,13:46:00,refunded,0.00,0.00,0.00,0.00,0,New York
284,109,47,2023-01-23,19:32:00,completed,45.13,5.75,0.45,50.43,6,Los Angeles
285,131,50,2024-07-01,19:03:00,completed,21.55,3.04,10.03,14.56,1,Los Angeles
286,60,27,2024-03-30,16:07:00,completed,53.11,3.27,8.34,48.04,6,Miami
287,5,20,2024-03-06,20:06:00,completed,37.98,5.53,1.65,41.86,1,Seattle
288,262,47,2024-09-24,11:18:00,completed,25.86,3.49,2.40,26.95,3,Los Angeles
289,268,13,2024-01-02,21:26:00,completed,20.92,4.98,2.49,23.41,4,Boston
290,170,16,2023-01-03,10:42:00,completed,26.17,5.37,5.93,25.61,1,Seattle
291,262,5,2025-01-10,21:06:00,cancelled,0.00,0.00,0.00,0.00,0,New York
292,330,15,2024-04-12,14:16:00,completed,25.39,3.37,0.47,28.29,3,Boston
293,185,44,2023-11-17,16:47:00,completed,80.99,6.95,0.12,87.82,2,Atlanta
294,340,42,2023-06-24,15:22:00,cancelled,0.00,0.00,0.00,0.00,0,Atlanta
295,319,18,2025-06-18,21:05:00,completed,43.36,3.07,4.80,41.63,4,Seattle
296,140,25,2024-12-07,23:30:00,completed,66.01,6.48,1.36,71.13,6,Austin
297,31,11,2023-04-17,16:58:00,completed,77.37,5.89,2.18,81.08,4,Boston
298,184,40,2023-01-30,23:43:00,cancelled,0.00,0.00,0.00,0.00,0,Denver
299,67,31,2025-07-31,17:07:00,cancelled,0.00,0.00,0.00,0.00,0,San Francisco
300,226,3,2023-03-06,14:41:00,completed,70.14,5.89,9.21,66.82,5,New York
301,290,15,2024-11-16,23:21:00,completed,68.93,5.59,5.19,69.33,6,Boston
302,128,31,2023-12-21,20:43:00,completed,29.00,6.63,10.70,24.93,5,San Francisco
303,28,1,2024-10-20,12:32:00,cancelled,0.00,0.00,0.00,0.00,0,New York
304,254,11,2023-03-18,22:31:00,completed,42.49,3.89,6.08,40.30,5,Boston
305,330,25,2024-02-17,23:15:00,completed,50.87,5.37,1.06,55.18,4,Austin
306,229,21,2023-05-02,17:47:00,completed,25.60,4.56,6.69,23.47,1,Austin
307,47,39,2024-09-25,20:19:00,cancelled,0.00,0.00,0.00,0.00,0,Denver
308,288,14,2024-11-01,20:29:00,refunded,0.00,0.00,0.00,0.00,0,Boston
309,187,4,2025-04-16,13:54:00,completed,59.45,5.60,5.68,59.37,6,New York
310,187,46,2024-04-08,11:06:00,completed,34.41,4.21,9.96,28.66,3,Los Angeles
311,281,34,2024-01-18,21:06:00,completed,30.15,3.20,8.60,24.75,6,San Francisco
312,210,7,2023-09-18,19:12:00,completed,86.84,4.46,5.48,85.82,2,Chicago
313,174,7,2025-02-14,16:02:00,refunded,0.00,0.00,0.00,0.00,0,Chicago
314,345,38,2023-05-07,22:57:00,completed,66.73,7.28,1.62,72.39,4,Denver
315,3,34,2025-01-23,10:35:00,refunded,0.00,0.00,0.00,0.00,0,San Francisco
316,300,31,2025-08-04,18:49:00,refunded,0.00,0.00,0.00,0.00,0,San Francisco
317,91,45,2024-08-15,12:46:00,cancelled,0.00,0.00,0.00,0.00,0,Atlanta
318,54,25,2024-11-04,19:38:00,cancelled,0.00,0.00,0.00,0.00,0,Austin
319,259,25,2024-03-04,19:58:00,completed,36.37,4.49,4.11,36.75,3,Austin
320,232,9,2023-05-22,16:38:00,completed,73.38,3.99,8.42,68.95,3,Chicago
321,284,41,2023-08-11,13:13:00,completed,39.50,4.23,8.07,35.66,6,Atlanta
322,333,12,2024-05-30,18:44:00,completed,70.57,6.30,6.75,70.12,5,Boston
323,293,43,2024-12-28,16:43:00,completed,80.26,3.93,10.17,74.02,1,Atlanta
324,268,7,2023-01-26,16:09:00,completed,22.19,3.83,9.43,16.59,3,Chicago
325,350,17,2023-05-30,23:03:00,completed,39.84,6.27,0.39,45.72,4,Seattle
326,53,40,2025-06-07,20:47:00,completed,34.60,5.74,4.67,35.67,5,Denver
327,148,45,2024-11-11,10:59:00,completed,48.83,6.44,8.22,47.05,5,Atlanta
328,28,1,2025-01-31,14:12:00,completed,75.79,6.85,9.96,72.68,6,New York
329,332,24,2025-02-12,19:34:00,completed,32.54,6.12,2.32,36.34,4,Austin
330,91,44,2023-03-18,12:11:00,completed,26.83,2.70,3.35,26.18,3,Atlanta
331,67,11,2024-08-21,23:16:00,completed,52.51,7.19,0.48,59.22,3,Boston
332,306,4,2025-03-03,20:39:00,cancelled,0.00,0.00,0.00,0.00,0,New York
333,155,32,2025-03-19,19:35:00,completed,76.02,4.09,2.64,77.47,2,San Francisco
334,267,5,2025-03-16,18:10:00,completed,57.74,2.96,2.65,58.05,2,New York
335,340,22,2023-12-06,15:18:00,completed,73.70,5.15,11.96,66.89,6,Austin
336,5,8,2024-11-15,15:28:00,completed,65.53,7.09,2.93,69.69,1,Chicago
337,350,21,2024-01-26,22:07:00,completed,57.98,3.91,10.94,50.95,3,Austin
338,264,33,2024-04-01,17:02:00,completed,66.21,4.10,0.99,69.32,1,San Francisco
339,86,50,2024-07-04,18:00:00,completed,33.60,5.65,2.56,36.69,6,Los Angeles
340,218,7,2023-07-30,18:53:00,completed,90.24,6.38,7.76,88.86,1,Chicago
341,79,2,2024-04-15,21:21:00,completed,23.42,3.39,3.02,23.79,1,New York
342,295,15,2025-07-21,14:26:00,completed,64.64,4.67,0.20,69.11,6,Boston
343,61,35,2023-01-07,20:46:00,completed,73.94,5.43,8.41,70.96,1,San Francisco
344,184,33,2023-04-19,14:50:00,completed,62.89,3.91,11.12,55.68,4,San Francisco
345,203,43,2023-02-01,17:10:00,completed,28.09,4.45,9.57,22.97,5,Atlanta
346,152,41,2023-05-28,14:43:00,cancelled,0.00,0.00,0.00,0.00,0,Atlanta
347,332,24,2025-08-30,10:35:00,cancelled,0.00,0.00,0.00,0.00,0,Austin
348,73,8,2023-02-12,10:36:00,completed,57.75,7.23,3.66,61.32,6,Chicago
349,177,14,2024-02-27,20:54:00,completed,29.91,3.60,10.02,23.49,2,Boston
350,59,12,2024-11-18,22:36:00,cancelled,0.00,0.00,0.00,0.00,0,Boston
351,282,30,2024-10-22,18:04:00,completed,22.98,2.99,8.71,17.26,4,Miami
352,170,23,2023-05-12,20:41:00,completed,39.10,2.85,2.32,39.63,4,Austin
353,231,22,2024-09-23,20:19:00,completed,29.28,5.33,9.69,24.92,4,Austin
354,87,1,2023-11-17,13:50:00,completed,72.75,4.68,10.08,67.35,2,New York
355,348,47,2023-12-06,17:29:00,completed,75.33,4.93,1.31,78.95,6,Los Angeles
356,311,6,2025-05-11,14:54:00,cancelled,0.00,0.00,0.00,0.00,0,Chicago
357,276,13,2023-09-27,21:56:00,completed,71.83,6.96,10.20,68.59,6,Boston
358,16,38,2024-08-15,16:49:00,completed,85.07,5.26,6.52,83.81,5,Denver
359,242,42,2025-03-04,12:23:00,completed,83.97,5.45,10.29,79.13,2,Atlanta
360,238,33,2024-06-06,11:25:00,completed,18.78,3.69,11.57,10.90,5,San Francisco
361,85,49,2024-06-10,12:28:00,completed,59.91,5.33,10.47,54.77,2,Los Angeles
362,248,23,2023-02-11,13:48:00,completed,22.65,4.35,0.51,26.49,2,Austin
363,266,24,2024-02-02,17:58:00,completed,21.44,7.40,3.89,24.95,6,Austin
364,267,41,2025-04-29,14:53:00,completed,60.82,5.35,4.52,61.65,4,Atlanta
365,188,38,2024-10-31,23:04:00,completed,45.85,7.04,6.20,46.69,3,Denver
366,177,32,2025-03-22,17:56:00,completed,55.14,3.19,1.99,56.34,1,San Francisco
367,264,42,2023-10-15,13:09:00,completed,44.80,6.09,1.42,49.47,2,Atlanta
368,213,22,2025-01-07,11:30:00,completed,53.45,5.45,7.77,51.13,4,Austin
369,12,16,2023-02-14,12:36:00,completed,27.97,5.06,10.69,22.34,2,Seattle
370,29,11,2023-09-22,12:33:00,refunded,0.00,0.00,0.00,0.00,0,Boston
371,307,37,2024-10-14,10:56:00,completed,66.97,3.92,1.03,69.86,4,Denver
372,311,31,2025-06-07,17:10:00,completed,48.40,3.21,6.99,44.62,2,San Francisco
373,320,43,2024-06-07,14:10:00,completed,43.36,4.77,7.09,41.04,2,Atlanta
374,194,25,2023-05-16,11:01:00,completed,81.61,5.02,5.04,81.59,2,Austin
375,311,7,2023-07-01,17:57:00,completed,20.89,6.42,6.04,21.27,1,Chicago
376,48,31,2024-11-06,12:57:00,completed,79.24,6.98,9.30,76.92,6,San Francisco
377,221,34,2024-03-06,15:55:00,completed,57.21,3.65,9.63,51.23,4,San Francisco
378,180,38,2025-04-03,21:58:00,completed,69.56,2.99,1.61,70.94,4,Denver
379,120,6,2023-10-18,19:56:00,completed,37.08,2.53,8.92,30.69,1,Chicago
380,296,34,2023-05-01,18:00:00,completed,33.20,6.52,4.91,34.81,1,San Francisco
381,80,28,2024-10-29,19:16:00,completed,57.67,5.32,7.34,55.65,6,Miami
382,204,49,2023-07-28,16:35:00,completed,53.70,4.35,6.66,51.39,3,Los Angeles
383,158,37,2023-12-19,22:45:00,completed,28.22,6.82,1.43,33.61,2,Denver
384,229,45,2025-08-30,12:06:00,completed,47.64,4.19,6.61,45.22,6,Atlanta
385,27,11,2024-02-03,20:00:00,cancelled,0.00,0.00,0.00,0.00,0,Boston
386,75,31,2025-08-06,19:27:00,completed,37.47,4.35,7.31,34.51,6,San Francisco
387,197,26,2024-09-20,20:33:00,completed,89.30,2.79,9.28,82.81,2,Miami
388,328,32,2024-03-25,10:12:00,cancelled,0.00,0.00,0.00,0.00,0,San Francisco
389,266,19,2023-07-19,10:50:00,completed,56.17,3.66,2.03,57.80,1,Seattle
390,185,16,2024-11-01,10:10:00,completed,38.42,4.50,8.04,34.88,4,Seattle
391,301,13,2024-06-14,10:47:00,completed,86.02,5.25,8.71,82.56,5,Boston
392,299,23,2023-12-22,23:17:00,completed,89.27,4.77,4.85,89.19,1,Austin
393,134,12,2024-02-21,18:06:00,completed,55.23,4.20,1.40,58.03,5,Boston
394,132,35,2025-04-12,22:36:00,completed,50.76,4.39,5.80,49.35,2,San Francisco
395,174,50,2024-04-14,20:29:00,cancelled,0.00,0.00,0.00,0.00,0,Los Angeles
396,15,31,2023-04-30,14:04:00,completed,76.36,3.60,8.41,71.55,3,San Francisco
397,212,23,2024-06-12,18:00:00,completed,37.49,3.94,4.79,36.64,6,Austin
398,176,5,2024-07-21,12:30:00,completed,34.17,5.37,2.19,37.35,6,New York
399,350,13,2024-05-25,21:12:00,completed,35.91,3.83,2.75,36.99,2,Boston
400,317,23,2023-06-09,22:06:00,completed,23.81,7.28,5.91,25.18,1,Austin
401,278,3,2025-05-18,17:23:00,completed,54.43,7.43,10.76,51.10,3,New York
402,252,12,2025-02-21,18:17:00,completed,73.51,3.14,6.31,70.34,4,Boston
403,245,35,2023-02-03,18:22:00,completed,68.79,3.37,11.72,60.44,6,San Francisco
404,266,30,2023-11-20,21:00:00,completed,33.60,5.41,3.91,35.10,5,Miami
405,133,12,2024-07-15,14:15:00,completed,88.93,4.22,2.21,90.94,4,Boston
406,108,27,2024-12-18,22:23:00,completed,47.64,4.75,6.86,45.53,5,Miami
407,118,7,2025-01-08,14:51:00,completed,49.98,4.40,1.75,52.63,6,Chicago
408,77,31,2025-04-05,10:11:00,completed,27.95,6.97,7.57,27.35,5,San Francisco
409,162,32,2023-11-04,14:35:00,cancelled,0.00,0.00,0.00,0.00,0,San Francisco
410,25,26,2023-04-12,21:10:00,completed,78.22,4.88,7.56,75.54,4,Miami
411,172,17,2024-01-05,15:35:00,completed,77.94,4.22,4.94,77.22,3,Seattle
412,348,39,2023-07-23,19:36:00,completed,57.84,7.40,3.42,61.82,3,Denver
413,345,33,2024-05-14,22:47:00,completed,23.80,5.57,5.57,23.80,2,San Francisco
414,86,41,2025-04-07,15:26:00,completed,60.30,6.74,0.86,66.18,2,Atlanta
415,176,15,2023-11-18,15:41:00,completed,37.79,5.72,3.25,40.26,4,Boston
416,186,48,2024-08-24,18:28:00,completed,31.61,2.62,8.73,25.50,6,Los Angeles
417,129,48,2024-12-18,21:05:00,completed,47.38,2.98,11.24,39.12,4,Los Angeles
418,281,4,2023-01-27,22:25:00,completed,91.71,3.02,7.42,87.31,1,New York
419,336,25,2023-11-13,13:15:00,completed,50.79,3.13,6.32,47.60,2,Austin
420,15,3,2024-11-10,15:55:00,cancelled,0.00,0.00,0.00,0.00,0,New York
421,244,30,2025-06-10,18:59:00,completed,50.92,7.35,8.37,49.90,2,Miami
422,303,39,2024-04-12,20:47:00,completed,59.73,5.12,7.67,57.18,3,Denver
423,178,31,2024-07-06,13:51:00,completed,40.78,4.56,1.87,43.47,1,San Francisco
424,1,34,2025-04-14,22:54:00,completed,39.22,5.18,8.25,36.15,4,San Francisco
425,245,20,2023-01-10,22:27:00,completed,62.18,6.48,6.58,62.08,2,Seattle
426,211,36,2024-03-23,16:15:00,completed,72.55,4.45,4.54,72.46,3,Denver
427,41,28,2024-10-02,13:33:00,completed,85.34,6.54,8.22,83.66,3,Miami
428,333,48,2024-06-28,22:17:00,completed,81.16,3.41,3.48,81.09,6,Los Angeles
429,234,40,2024-04-08,14:44:00,completed,31.90,2.60,0.60,33.90,5,Denver
430,12,12,2023-04-15,14:17:00,completed,50.44,2.54,1.08,51.90,1,Boston
431,253,14,2023-12-17,16:19:00,completed,54.88,4.36,8.36,50.88,1,Boston
432,170,6,2025-05-13,22:09:00,completed,75.40,2.86,5.64,72.62,2,Chicago
433,129,25,2025-04-28,10:07:00,refunded,0.00,0.00,0.00,0.00,0,Austin
434,128,25,2025-02-28,17:15:00,completed,20.48,4.80,9.25,16.03,5,Austin
435,341,14,2024-04-29,16:43:00,refunded,0.00,0.00,0.00,0.00,0,Boston
436,166,11,2024-10-06,21:02:00,completed,58.67,3.11,5.77,56.01,3,Boston
437,102,24,2025-06-27,10:55:00,completed,90.02,3.68,5.21,88.49,1,Austin
438,86,18,2024-08-21,11:25:00,completed,18.66,2.71,9.40,11.97,4,Seattle
439,306,10,2024-01-16,22:05:00,completed,54.99,5.93,4.06,56.86,6,Chicago
440,31,4,2023-12-31,20:09:00,completed,76.57,3.13,2.79,76.91,5,New York
441,331,49,2023-12-22,22:57:00,completed,32.28,5.95,4.30,33.93,2,Los Angeles
442,129,3,2024-05-11,21:28:00,completed,58.16,4.95,6.80,56.31,5,New York
443,179,21,2025-01-19,17:17:00,cancelled,0.00,0.00,0.00,0.00,0,Austin
444,307,36,2023-06-14,11:33:00,completed,39.88,3.82,4.41,39.29,1,Denver
445,327,33,2024-01-24,21:11:00,cancelled,0.00,0.00,0.00,0.00,0,San Francisco
446,318,24,2025-03-05,19:15:00,completed,22.69,7.34,9.83,20.20,2,Austin
447,269,44,2024-05-24,22:35:00,completed,38.95,4.55,3.86,39.64,1,Atlanta
448,268,43,2023-03-10,10:53:00,refunded,0.00,0.00,0.00,0.00,0,Atlanta
449,92,3,2023-07-26,11:31:00,completed,20.35,5.71,4.66,21.40,4,New York
450,270,40,2024-12-19,19:16:00,completed,34.33,6.09,0.16,40.26,2,Denver
451,336,32,2025-08-08,23:05:00,completed,65.28,4.30,8.92,60.66,4,San Francisco
452,189,46,2023-03-01,23:39:00,completed,21.01,2.85,3.65,20.21,2,Los Angeles
453,266,7,2023-04-14,21:14:00,completed,32.02,5.13,2.99,34.16,6,Chicago
454,92,36,2025-02-06,18:26:00,completed,74.70,5.38,8.09,71.99,6,Denver
455,341,28,2025-06-23,11:10:00,completed,58.70,5.02,7.89,55.83,5,Miami
456,308,29,2025-08-13,15:57:00,completed,91.37,4.12,4.46,91.03,6,Miami
457,221,47,2023-11-28,19:15:00,completed,33.83,6.33,11.11,29.05,3,Los Angeles
458,185,29,2024-04-03,16:00:00,completed,90.74,5.48,6.21,90.01,3,Miami
459,4,20,2023-08-16,13:54:00,completed,75.09,7.22,9.87,72.44,5,Seattle
460,262,36,2024-08-07,19:09:00,completed,52.07,3.28,3.18,52.17,5,Denver
461,128,15,2023-09-20,22:19:00,completed,47.59,7.09,8.81,45.87,6,Boston
462,167,31,2023-06-27,17:52:00,cancelled,0.00,0.00,0.00,0.00,0,San Francisco
463,296,7,2024-09-01,20:19:00,completed,77.82,4.41,9.36,72.87,3,Chicago
464,179,28,2024-03-02,23:07:00,cancelled,0.00,0.00,0.00,0.00,0,Miami
465,117,48,2024-10-30,23:38:00,refunded,0.00,0.00,0.00,0.00,0,Los Angeles
466,325,50,2024-10-09,16:03:00,completed,21.05,5.20,1.79,24.46,5,Los Angeles
467,114,10,2023-02-21,20:46:00,refunded,0.00,0.00,0.00,0.00,0,Chicago
468,229,49,2024-09-01,19:32:00,completed,49.96,6.43,1.78,54.61,3,Los Angeles
469,43,31,2024-08-08,21:03:00,completed,37.43,4.49,5.21,36.71,6,San Francisco
470,67,49,2023-05-19,17:35:00,completed,47.25,5.36,6.73,45.88,6,Los Angeles
471,269,16,2023-09-06,11:17:00,completed,41.93,7.12,1.08,47.97,6,Seattle
472,212,28,2024-01-10,15:12:00,completed,61.95,2.62,3.66,60.91,3,Miami
473,316,29,2024-09-30,12:28:00,completed,78.54,3.50,4.49,77.55,6,Miami
474,44,8,2025-01-27,10:15:00,refunded,0.00,0.00,0.00,0.00,0,Chicago
475,76,19,2023-01-15,15:44:00,cancelled,0.00,0.00,0.00,0.00,0,Seattle
476,157,29,2024-04-27,10:21:00,completed,57.81,3.52,6.28,55.05,3,Miami
477,281,31,2024-09-29,21:09:00,completed,67.45,4.38,10.87,60.96,5,San Francisco
478,23,17,2023-06-24,10:18:00,completed,69.54,3.86,5.58,67.82,1,Seattle
479,35,25,2024-11-07,14:42:00,cancelled,0.00,0.00,0.00,0.00,0,Austin
480,338,24,2025-06-04,11:01:00,completed,83.37,4.43,11.76,76.04,5,Austin
481,51,21,2024-05-11,23:38:00,completed,31.79,5.00,5.50,31.29,6,Austin
482,12,3,2023-09-11,18:19:00,completed,47.11,3.29,4.16,46.24,3,New York
483,182,41,2023-11-06,13:32:00,completed,22.59,3.79,4.65,21.73,1,Atlanta
484,285,18,2023-08-19,12:21:00,cancelled,0.00,0.00,0.00,0.00,0,Seattle
485,337,9,2023-03-31,21:24:00,completed,68.17,6.86,8.24,66.79,4,Chicago
486,124,37,2023-06-06,16:19:00,cancelled,0.00,0.00,0.00,0.00,0,Denver
487,169,29,2024-07-09,12:13:00,completed,61.00,5.92,2.43,64.49,2,Miami
488,159,45,2024-12-23,18:58:00,completed,91.68,7.38,1.74,97.32,5,Atlanta
489,81,21,2023-03-11,18:34:00,refunded,0.00,0.00,0.00,0.00,0,Austin
490,61,12,2023-11-22,23:56:00,completed,20.18,4.09,11.67,12.60,4,Boston
491,156,29,2025-02-02,23:57:00,completed,72.64,3.26,2.26,73.64,2,Miami
492,95,2,2025-02-19,19:39:00,completed,59.96,3.65,2.79,60.82,6,New York
493,14,23,2023-03-23,21:49:00,completed,55.17,5.52,8.54,52.15,3,Austin
494,95,25,2024-05-18,17:08:00,completed,34.74,4.54,11.63,27.65,3,Austin
495,212,15,2025-01-30,20:12:00,completed,22.89,7.14,11.83,18.20,5,Boston
496,251,45,2023-11-29,23:29:00,cancelled,0.00,0.00,0.00,0.00,0,Atlanta
497,219,26,2025-03-05,10:38:00,completed,46.15,4.06,7.34,42.87,6,Miami
498,293,39,2024-07-03,18:41:00,cancelled,0.00,0.00,0.00,0.00,0,Denver
499,20,34,2023-04-22,17:29:00,cancelled,0.00,0.00,0.00,0.00,0,San Francisco
500,22,16,2024-06-15,18:25:00,refunded,0.00,0.00,0.00,0.00,0,Seattle
501,21,36,2024-02-01,18:48:00,completed,21.65,3.96,4.78,20.83,3,Denver
502,147,30,2023-06-20,16:18:00,completed,22.04,5.08,1.71,25.41,6,Miami
503,232,6,2025-01-09,18:07:00,completed,61.32,6.97,6.56,61.73,4,Chicago
504,212,21,2024-04-06,10:11:00,completed,84.35,6.98,10.59,80.74,1,Austin
505,129,21,2024-12-09,20:58:00,completed,30.14,6.17,1.09,35.22,6,Austin
506,231,41,2024-01-07,11:33:00,completed,71.79,7.38,7.34,71.83,2,Atlanta
507,194,36,2024-01-25,10:49:00,completed,42.80,6.86,10.35,39.31,2,Denver
508,75,12,2025-02-26,21:03:00,completed,40.90,6.34,5.36,41.88,6,Boston
509,93,8,2025-07-09,12:12:00,completed,74.64,2.56,5.97,71.23,4,Chicago
510,279,1,2024-09-14,17:15:00,completed,66.80,4.77,5.30,66.27,5,New York
511,308,1,2023-09-08,18:17:00,completed,59.26,6.63,0.59,65.30,2,New York
512,29,42,2023-12-24,10:09:00,cancelled,0.00,0.00,0.00,0.00,0,Atlanta
513,342,37,2025-05-08,19:19:00,completed,24.49,3.04,11.92,15.61,2,Denver
514,345,19,2024-09-17,20:44:00,completed,60.35,5.31,11.60,54.06,6,Seattle
515,297,24,2025-08-11,10:05:00,completed,41.89,6.99,9.84,39.04,4,Austin
516,282,5,2023-10-27,17:08:00,completed,81.60,4.15,4.97,80.78,2,New York
517,108,40,2023-03-01,11:36:00,completed,64.54,7.44,5.80,66.18,6,Denver
518,310,46,2023-10-22,16:38:00,cancelled,0.00,0.00,0.00,0.00,0,Los Angeles
519,133,34,2024-08-11,19:22:00,refunded,0.00,0.00,0.00,0.00,0,San Francisco
520,315,37,2024-05-23,18:46:00,completed,54.45,3.40,7.31,50.54,6,Denver
521,149,13,2023-01-02,11:01:00,completed,76.96,6.19,2.49,80.66,5,Boston
522,213,27,2023-02-16,15:22:00,completed,65.18,2.56,2.41,65.33,3,Miami
523,131,5,2023-11-12,14:32:00,completed,74.76,3.07,4.00,73.83,4,New York
524,292,40,2023-01-30,23:11:00,completed,79.70,7.11,5.75,81.06,4,Denver
525,19,42,2023-05-20,17:09:00,completed,84.01,5.18,4.02,85.17,4,Atlanta
526,29,34,2023-11-03,19:46:00,completed,59.08,2.59,6.93,54.74,3,San Francisco
527,182,5,2023-06-02,14:53:00,completed,90.79,5.63,10.11,86.31,5,New York
528,311,25,2023-07-11,19:07:00,cancelled,0.00,0.00,0.00,0.00,0,Austin
529,158,46,2025-05-28,15:45:00,completed,48.63,4.99,2.85,50.77,4,Los Angeles
530,155,14,2024-06-21,14:11:00,completed,76.09,6.39,10.96,71.52,4,Boston
531,260,2,2025-03-29,17:57:00,completed,32.08,7.12,8.79,30.41,5,New York
532,159,50,2023-12-02,12:49:00,cancelled,0.00,0.00,0.00,0.00,0,Los Angeles
533,265,44,2023-05-16,13:46:00,completed,46.68,6.82,1.39,52.11,3,Atlanta
534,23,44,2025-05-18,19:55:00,completed,52.55,2.73,6.25,49.03,6,Atlanta
535,160,2,2024-08-14,22:19:00,completed,33.53,3.50,3.44,33.59,5,New York
536,164,50,2024-03-27,20:07:00,completed,29.65,3.07,11.50,21.22,5,Los Angeles
537,264,7,2023-07-31,18:22:00,completed,38.06,7.22,9.65,35.63,5,Chicago
538,126,11,2023-03-14,14:39:00,cancelled,0.00,0.00,0.00,0.00,0,Boston
539,277,29,2023-02-21,12:01:00,completed,67.99,3.03,0.65,70.37,4,Miami
540,201,12,2024-12-22,19:57:00,completed,79.88,6.00,7.40,78.48,3,Boston
541,171,13,2024-12-31,22:42:00,cancelled,0.00,0.00,0.00,0.00,0,Boston
542,41,49,2025-02-21,17:36:00,completed,78.15,7.10,5.62,79.63,4,Los Angeles
543,159,44,2024-10-21,21:49:00,completed,35.15,3.62,10.33,28.44,5,Atlanta
544,133,24,2024-02-06,12:44:00,cancelled,0.00,0.00,0.00,0.00,0,Austin
545,170,21,2024-04-09,17:01:00,completed,26.35,4.89,10.15,21.09,3,Austin
546,179,39,2024-08-11,12:32:00,completed,78.50,6.48,3.91,81.07,6,Denver
547,37,20,2024-06-29,17:25:00,completed,35.65,3.72,1.91,37.46,4,Seattle
548,197,5,2023-12-15,13:52:00,completed,49.90,7.40,6.81,50.49,3,New York
549,279,45,2023-08-30,12:42:00,completed,72.71,6.06,10.04,68.73,1,Atlanta
550,304,39,2024-04-19,15:35:00,completed,50.95,4.04,4.87,50.12,5,Denver
551,56,44,2025-04-13,19:49:00,cancelled,0.00,0.00,0.00,0.00,0,Atlanta
552,168,32,2024-10-22,20:03:00,completed,78.46,6.94,10.84,74.56,6,San Francisco
553,1,49,2023-05-31,20:09:00,completed,39.57,5.58,5.37,39.78,2,Los Angeles
554,349,21,2023-11-03,19:50:00,cancelled,0.00,0.00,0.00,0.00,0,Austin
555,156,28,2025-01-05,15:05:00,completed,63.25,5.05,10.17,58.13,3,Miami
556,32,24,2025-07-11,18:03:00,completed,59.44,7.39,1.32,65.51,3,Austin
557,16,16,2024-03-18,21:37:00,completed,41.54,4.41,4.58,41.37,5,Seattle
558,109,43,2023-06-27,17:08:00,completed,46.46,7.12,10.08,43.50,2,Atlanta
559,148,43,2023-05-09,12:00:00,completed,19.16,6.11,5.84,19.43,4,Atlanta
560,70,6,2023-05-21,20:51:00,completed,51.75,6.44,7.25,50.94,4,Chicago
561,320,12,2024-04-10,18:27:00,completed,51.30,4.28,2.23,53.35,5,Boston
562,4,37,2024-05-25,23:46:00,completed,55.13,4.55,6.55,53.13,3,Denver
563,18,3,2024-08-04,17:45:00,completed,60.94,7.31,0.96,67.29,6,New York
564,270,49,2025-03-08,14:29:00,completed,56.73,5.55,2.94,59.34,6,Los Angeles
565,340,43,2023-03-21,20:40:00,completed,60.89,5.57,10.84,55.62,5,Atlanta
566,6,31,2024-04-09,18:57:00,completed,72.30,4.61,11.53,65.38,3,San Francisco
567,149,11,2023-02-06,21:59:00,completed,40.50,6.43,3.13,43.80,6,Boston
568,243,38,2023-06-23,19:03:00,completed,39.59,6.19,0.33,45.45,4,Denver
569,43,9,2024-06-01,11:54:00,completed,36.65,5.58,3.30,38.93,3,Chicago
570,8,48,2023-04-25,19:11:00,cancelled,0.00,0.00,0.00,0.00,0,Los Angeles
571,78,43,2024-04-02,15:51:00,completed,75.91,3.68,2.17,77.42,5,Atlanta
572,17,22,2023-03-28,12:38:00,refunded,0.00,0.00,0.00,0.00,0,Austin
573,79,32,2025-02-09,16:49:00,completed,66.89,6.13,2.01,71.01,5,San Francisco
574,177,4,2024-10-19,14:48:00,cancelled,0.00,0.00,0.00,0.00,0,New York
575,27,11,2024-04-20,16:30:00,completed,73.22,6.26,6.39,73.09,4,Boston
576,350,46,2024-02-04,17:16:00,completed,82.40,2.56,11.13,73.83,4,Los Angeles
577,196,44,2023-11-20,18:43:00,refunded,0.00,0.00,0.00,0.00,0,Atlanta
578,50,35,2024-10-14,15:54:00,completed,85.94,6.79,4.02,88.71,3,San Francisco
579,51,17,2024-11-01,19:25:00,completed,67.97,3.71,8.06,63.62,2,Seattle
580,267,22,2024-11-24,21:11:00,completed,18.78,2.54,0.82,20.50,4,Austin
581,51,34,2023-04-17,20:28:00,completed,71.67,3.76,0.41,75.02,5,San Francisco
582,48,4,2025-08-19,19:42:00,cancelled,0.00,0.00,0.00,0.00,0,New York
583,112,39,2024-10-15,11:45:00,refunded,0.00,0.00,0.00,0.00,0,Denver
584,45,39,2023-05-14,16:42:00,completed,65.95,6.52,2.22,70.25,1,Denver
585,95,17,2023-10-29,17:42:00,refunded,0.00,0.00,0.00,0.00,0,Seattle
586,328,30,2025-08-02,14:49:00,completed,84.85,6.35,3.88,87.32,2,Miami
587,38,18,2025-03-06,10:24:00,completed,91.70,3.79,9.75,85.74,2,Seattle
588,226,5,2024-05-18,13:39:00,completed,65.77,3.04,6.49,62.32,4,New York
589,112,40,2024-10-20,11:58:00,completed,37.17,2.67,0.84,39.00,6,Denver
590,129,50,2024-04-01,10:57:00,completed,66.31,2.50,0.45,68.36,4,Los Angeles
591,137,10,2024-12-17,15:57:00,completed,18.27,6.04,9.25,15.06,4,Chicago
592,224,26,2025-05-14,21:49:00,cancelled,0.00,0.00,0.00,0.00,0,Miami
593,36,35,2023-08-20,10:24:00,refunded,0.00,0.00,0.00,0.00,0,San Francisco
594,247,8,2024-08-03,18:59:00,refunded,0.00,0.00,0.00,0.00,0,Chicago
595,171,44,2023-11-07,16:03:00,completed,88.95,2.95,6.42,85.48,3,Atlanta
596,42,30,2025-02-17,22:18:00,completed,31.07,2.70,4.61,29.16,2,Miami
597,154,45,2024-02-04,11:40:00,completed,54.00,6.93,5.26,55.67,2,Atlanta
598,72,3,2023-07-17,10:46:00,refunded,0.00,0.00,0.00,0.00,0,New York
599,123,32,2024-02-03,11:50:00,completed,40.77,5.17,10.01,35.93,4,San Francisco
600,9,3,2023-12-14,10:21:00,completed,21.17,3.09,9.69,14.57,6,New York
601,268,30,2025-08-20,20:55:00,cancelled,0.00,0.00,0.00,0.00,0,Miami
602,77,48,2024-08-16,13:59:00,completed,72.42,4.94,0.23,77.13,5,Los Angeles
603,24,16,2024-12-19,20:08:00,completed,64.82,7.02,9.85,61.99,1,Seattle
604,234,40,2023-06-24,23:37:00,completed,78.49,3.07,7.14,74.42,5,Denver
605,113,5,2025-04-03,13:27:00,completed,79.86,6.19,4.82,81.23,1,New York
606,295,35,2023-05-21,15:53:00,refunded,0.00,0.00,0.00,0.00,0,San Francisco
607,110,49,2023-02-16,19:11:00,completed,26.94,3.21,4.98,25.17,6,Los Angeles
608,190,36,2023-06-18,17:15:00,refunded,0.00,0.00,0.00,0.00,0,Denver
609,21,9,2023-04-13,22:54:00,completed,45.83,3.29,10.56,38.56,1,Chicago
610,4,1,2023-07-03,11:45:00,completed,83.63,4.58,9.69,78.52,4,New York
611,65,14,2023-05-27,20:17:00,completed,48.49,7.19,7.33,48.35,1,Boston
612,306,12,2025-01-04,17:39:00,refunded,0.00,0.00,0.00,0.00,0,Boston
613,322,20,2023-12-23,16:00:00,completed,32.20,7.43,11.72,27.91,5,Seattle
614,186,49,2024-07-06,18:14:00,completed,64.36,3.54,0.64,67.26,1,Los Angeles
615,77,44,2025-05-14,17:31:00,completed,67.59,2.72,7.74,62.57,3,Atlanta
616,108,28,2023-09-15,15:39:00,cancelled,0.00,0.00,0.00,0.00,0,Miami
617,233,3,2023-04-17,21:03:00,refunded,0.00,0.00,0.00,0.00,0,New York
618,91,11,2025-03-15,10:31:00,completed,23.24,3.68,5.34,21.58,5,Boston
619,167,27,2023-07-23,21:43:00,cancelled,0.00,0.00,0.00,0.00,0,Miami
620,118,50,2023-04-23,15:14:00,completed,72.59,6.85,4.51,74.93,2,Los Angeles
621,38,31,2024-08-22,17:03:00,cancelled,0.00,0.00,0.00,0.00,0,San Francisco
622,75,14,2025-08-08,19:29:00,completed,45.64,4.79,2.33,48.10,3,Boston
623,139,13,2023-12-10,12:02:00,completed,22.41,3.18,10.22,15.37,4,Boston
624,215,11,2025-02-17,15:14:00,cancelled,0.00,0.00,0.00,0.00,0,Boston
625,310,11,2025-03-19,22:40:00,refunded,0.00,0.00,0.00,0.00,0,Boston
626,88,37,2024-07-20,23:14:00,completed,81.42,4.95,11.95,74.42,5,Denver
627,243,30,2023-10-13,10:46:00,completed,82.57,3.74,5.21,81.10,2,Miami
628,303,10,2025-07-24,19:57:00,completed,90.53,2.70,5.65,87.58,5,Chicago
629,18,28,2024-06-27,16:30:00,cancelled,0.00,0.00,0.00,0.00,0,Miami
630,51,29,2024-05-22,13:05:00,completed,18.92,6.16,11.40,13.68,2,Miami
631,184,19,2023-09-02,20:05:00,completed,67.51,3.31,5.51,65.31,5,Seattle
632,299,2,2024-04-10,17:49:00,completed,70.03,3.42,10.46,62.99,6,New York
633,238,46,2024-10-10,10:55:00,completed,46.48,5.95,6.37,46.06,3,Los Angeles
634,219,49,2023-10-04,21:39:00,completed,76.79,6.44,0.97,82.26,3,Los Angeles
635,29,33,2025-08-26,20:23:00,cancelled,0.00,0.00,0.00,0.00,0,San Francisco
636,57,25,2024-01-10,17:39:00,completed,45.12,5.74,8.46,42.40,5,Austin
637,105,9,2023-12-09,13:34:00,completed,53.41,7.20,6.96,53.65,6,Chicago
638,108,49,2025-02-01,22:14:00,completed,84.45,5.02,5.08,84.39,1,Los Angeles
639,33,24,2023-12-20,17:31:00,completed,79.39,4.85,6.38,77.86,5,Austin
640,150,29,2024-09-27,15:51:00,completed,69.30,7.39,10.60,66.09,2,Miami
641,235,6,2023-03-24,16:57:00,completed,88.91,2.88,1.98,89.81,1,Chicago
642,76,32,2023-06-04,23:13:00,completed,64.42,3.97,11.63,56.76,5,San Francisco
643,68,31,2023-12-22,16:28:00,completed,19.59,3.45,0.26,22.78,2,San Francisco
644,267,42,2023-12-10,16:37:00,completed,65.81,4.13,7.12,62.82,6,Atlanta
645,272,36,2024-03-31,17:19:00,completed,84.47,4.03,9.47,79.03,2,Denver
646,248,24,2023-10-23,22:54:00,completed,44.13,4.78,2.00,46.91,2,Austin
647,275,19,2023-07-06,12:53:00,completed,84.95,6.47,1.94,89.48,1,Seattle
648,22,21,2024-08-11,12:28:00,completed,31.65,5.31,0.42,36.54,3,Austin
649,177,10,2024-01-17,17:34:00,refunded,0.00,0.00,0.00,0.00,0,Chicago
650,274,20,2023-05-05,10:25:00,refunded,0.00,0.00,0.00,0.00,0,Seattle
651,75,30,2025-08-08,15:09:00,completed,72.65,7.38,3.98,76.05,6,Miami
652,152,31,2025-07-06,14:48:00,refunded,0.00,0.00,0.00,0.00,0,San Francisco
653,294,43,2023-05-31,22:36:00,completed,86.25,4.19,1.35,89.09,4,Atlanta
654,21,9,2024-11-25,18:07:00,completed,47.72,6.70,5.35,49.07,1,Chicago
655,168,4,2024-09-14,20:12:00,completed,34.44,7.18,3.34,38.28,1,New York
656,43,35,2025-05-19,17:43:00,completed,24.47,5.06,2.33,27.20,3,San Francisco
657,309,39,2024-06-07,10:58:00,completed,47.42,6.08,5.13,48.37,4,Denver
658,191,1,2023-10-19,15:22:00,completed,50.97,5.31,2.59,53.69,4,New York
659,213,29,2023-10-23,12:51:00,completed,84.43,6.14,4.97,85.60,5,Miami
660,307,6,2023-05-28,13:19:00,completed,82.20,7.43,0.79,88.84,5,Chicago
661,193,6,2023-01-07,16:40:00,cancelled,0.00,0.00,0.00,0.00,0,Chicago
662,213,12,2024-07-23,17:45:00,completed,85.70,3.50,9.99,79.21,3,Boston
663,284,32,2023-02-13,23:52:00,completed,61.31,4.97,8.88,57.40,2,San Francisco
664,14,1,2023-06-07,14:19:00,refunded,0.00,0.00,0.00,0.00,0,New York
665,326,31,2023-05-08,20:42:00,cancelled,0.00,0.00,0.00,0.00,0,San Francisco
666,214,12,2024-05-18,21:41:00,completed,26.83,3.89,11.93,18.79,1,Boston
667,307,48,2024-01-06,19:30:00,completed,82.26,5.64,5.71,82.19,6,Los Angeles
668,62,24,2024-06-08,21:36:00,completed,37.21,5.41,1.75,40.87,4,Austin
669,70,23,2023-06-17,10:17:00,completed,65.08,7.28,0.58,71.78,3,Austin
670,272,41,2025-08-16,11:32:00,completed,64.47,6.32,7.19,63.60,2,Atlanta
671,279,21,2025-06-12,15:52:00,cancelled,0.00,0.00,0.00,0.00,0,Austin
672,155,18,2024-12-02,21:44:00,completed,57.55,4.26,1.72,60.09,2,Seattle
673,266,19,2024-01-17,22:31:00,completed,86.15,3.32,2.61,86.86,5,Seattle
674,114,13,2025-03-25,18:39:00,completed,88.48,6.73,8.55,86.66,6,Boston
675,59,27,2024-04-16,11:07:00,cancelled,0.00,0.00,0.00,0.00,0,Miami
676,9,31,2023-12-23,14:44:00,completed,78.46,6.95,7.17,78.24,3,San Francisco
677,89,46,2023-11-08,10:47:00,cancelled,0.00,0.00,0.00,0.00,0,Los Angeles
678,114,9,2025-05-27,21:09:00,completed,40.75,3.55,11.77,32.53,4,Chicago
679,58,5,2023-01-20,22:30:00,completed,21.15,3.04,9.52,14.67,5,New York
680,304,4,2024-04-25,11:58:00,completed,22.90,5.84,9.05,19.69,1,New York
681,309,14,2024-08-24,13:11:00,completed,20.17,3.23,8.95,14.45,3,Boston
682,297,23,2023-12-27,12:54:00,completed,71.91,3.71,6.84,68.78,1,Austin
683,297,49,2023-01-15,18:13:00,completed,89.36,3.36,9.05,83.67,1,Los Angeles
684,51,14,2025-07-31,18:54:00,completed,45.12,5.45,5.28,45.29,1,Boston
685,93,23,2024-01-24,16:13:00,completed,48.16,6.31,3.77,50.70,4,Austin
686,57,34,2023-05-20,17:48:00,completed,39.33,6.11,0.99,44.45,4,San Francisco
687,60,25,2023-10-18,17:38:00,completed,68.84,6.71,2.71,72.84,4,Austin
688,149,28,2023-07-13,23:04:00,cancelled,0.00,0.00,0.00,0.00,0,Miami
689,244,44,2024-01-12,12:00:00,refunded,0.00,0.00,0.00,0.00,0,Atlanta
690,252,44,2023-04-18,16:28:00,completed,68.06,3.10,4.74,66.42,6,Atlanta
691,303,7,2025-01-29,12:04:00,completed,32.73,3.50,10.13,26.10,4,Chicago
692,63,15,2025-05-08,16:46:00,completed,74.60,6.33,7.12,73.81,6,Boston
693,205,23,2024-05-02,20:38:00,refunded,0.00,0.00,0.00,0.00,0,Austin
694,249,33,2023-10-13,12:49:00,completed,27.04,4.95,2.77,29.22,2,San Francisco
695,16,7,2025-01-25,10:53:00,completed,68.18,7.36,4.59,70.95,6,Chicago
696,168,10,2023-11-07,19:39:00,completed,23.66,6.26,9.21,20.71,4,Chicago
697,104,19,2024-11-08,17:31:00,completed,58.14,6.55,6.49,58.20,1,Seattle
698,17,28,2025-06-20,11:24:00,completed,81.11,4.71,0.43,85.39,2,Miami
699,286,43,2025-05-31,22:19:00,cancelled,0.00,0.00,0.00,0.00,0,Atlanta
700,85,32,2024-03-17,12:19:00,completed,54.07,3.05,8.10,49.02,6,San Francisco
701,284,44,2024-07-06,19:30:00,completed,81.22,5.03,4.70,81.55,4,Atlanta
702,303,25,2024-09-23,20:22:00,completed,39.05,2.81,7.09,34.77,2,Austin
703,188,23,2025-04-08,21:37:00,completed,83.96,4.21,1.17,87.00,3,Austin
704,183,27,2023-12-26,10:42:00,completed,35.36,4.06,1.02,38.40,6,Miami
705,34,20,2023-04-28,15:10:00,completed,42.13,4.80,10.36,36.57,5,Seattle
706,264,27,2023-10-01,10:44:00,completed,19.65,4.08,6.84,16.89,3,Miami
707,294,7,2025-04-07,17:06:00,completed,33.24,4.98,9.74,28.48,6,Chicago
708,174,11,2024-09-21,14:23:00,refunded,0.00,0.00,0.00,0.00,0,Boston
709,104,32,2024-10-12,23:50:00,completed,80.92,3.57,3.18,81.31,3,San Francisco
710,294,26,2025-04-03,13:39:00,completed,24.80,6.72,1.14,30.38,3,Miami
711,140,5,2024-08-03,22:33:00,completed,33.52,6.48,7.82,32.18,3,New York
712,259,20,2024-03-19,20:34:00,completed,48.66,3.76,6.18,46.24,6,Seattle
713,281,12,2025-06-21,10:40:00,completed,81.84,5.38,2.56,84.66,6,Boston
714,240,18,2025-08-17,20:34:00,cancelled,0.00,0.00,0.00,0.00,0,Seattle
715,223,37,2025-01-14,20:03:00,completed,44.96,3.24,1.81,46.39,6,Denver
716,154,28,2024-02-25,15:55:00,cancelled,0.00,0.00,0.00,0.00,0,Miami
717,33,41,2023-07-28,23:26:00,completed,39.24,3.30,8.24,34.30,2,Atlanta
718,208,16,2023-04-27,12:12:00,completed,76.98,4.05,5.82,75.21,4,Seattle
719,217,42,2025-07-16,10:12:00,completed,28.10,3.79,9.64,22.25,6,Atlanta
720,282,12,2024-10-21,23:02:00,refunded,0.00,0.00,0.00,0.00,0,Boston
721,249,2,2023-02-26,23:57:00,completed,62.52,6.84,10.81,58.55,4,New York
722,187,43,2024-11-04,11:25:00,refunded,0.00,0.00,0.00,0.00,0,Atlanta
723,72,16,2023-04-25,19:47:00,completed,26.93,5.82,6.97,25.78,5,Seattle
724,129,32,2025-06-24,11:15:00,completed,75.22,4.07,9.99,69.30,6,San Francisco
725,200,48,2025-01-31,13:59:00,completed,28.68,3.38,11.64,20.42,4,Los Angeles
726,210,17,2025-06-02,19:03:00,completed,45.73,7.24,3.80,49.17,4,Seattle
727,244,44,2023-09-10,14:56:00,completed,28.72,4.88,4.41,29.19,3,Atlanta
728,11,42,2025-07-15,19:02:00,cancelled,0.00,0.00,0.00,0.00,0,Atlanta
729,340,4,2024-12-08,22:42:00,completed,58.90,4.05,11.50,51.45,3,New York
730,63,35,2025-06-06,13:54:00,completed,18.58,7.30,11.13,14.75,3,San Francisco
731,155,6,2025-08-16,23:48:00,completed,33.57,6.95,10.99,29.53,6,Chicago
732,163,50,2024-10-21,16:50:00,completed,82.12,6.62,11.29,77.45,4,Los Angeles
733,212,22,2025-01-04,16:56:00,cancelled,0.00,0.00,0.00,0.00,0,Austin
734,52,11,2024-12-16,14:32:00,completed,49.14,6.15,6.57,48.72,3,Boston
735,233,45,2023-01-29,22:03:00,completed,31.60,4.72,7.69,28.63,1,Atlanta
736,206,13,2024-10-05,14:20:00,completed,26.20,3.75,8.56,21.39,6,Boston
737,67,39,2024-12-03,16:50:00,refunded,0.00,0.00,0.00,0.00,0,Denver
738,232,31,2025-06-13,21:08:00,completed,68.87,6.63,9.59,65.91,2,San Francisco
739,44,27,2024-01-12,12:25:00,cancelled,0.00,0.00,0.00,0.00,0,Miami
740,293,15,2023-01-22,10:59:00,completed,63.29,3.64,1.07,65.86,4,Boston
741,102,17,2024-12-19,23:10:00,completed,63.73,5.50,1.79,67.44,3,Seattle
742,88,37,2023-05-01,10:45:00,completed,75.23,7.14,9.93,72.44,4,Denver
743,61,15,2024-12-31,13:12:00,refunded,0.00,0.00,0.00,0.00,0,Boston
744,137,19,2025-02-03,17:24:00,completed,81.37,5.50,11.94,74.93,3,Seattle
745,347,13,2024-03-04,12:26:00,completed,20.13,7.38,2.83,24.68,4,Boston
746,128,24,2024-08-19,20:41:00,completed,18.76,3.17,3.88,18.05,6,Austin
747,204,44,2023-08-06,21:24:00,completed,72.47,3.78,1.14,75.11,1,Atlanta
748,27,22,2025-08-11,13:30:00,cancelled,0.00,0.00,0.00,0.00,0,Austin
749,311,43,2025-04-01,19:45:00,completed,21.37,3.77,7.44,17.70,3,Atlanta
750,203,43,2024-01-15,12:57:00,completed,60.96,3.80,6.04,58.72,3,Atlanta
751,240,9,2023-04-02,15:45:00,completed,28.49,3.08,0.53,31.04,2,Chicago
752,256,18,2025-02-04,15:59:00,completed,84.81,3.82,9.96,78.67,3,Seattle
753,265,21,2024-03-22,12:20:00,completed,54.35,7.25,6.67,54.93,6,Austin
754,326,29,2023-02-24,13:09:00,completed,31.55,4.85,1.96,34.44,4,Miami
755,224,8,2025-07-05,17:02:00,completed,91.17,5.30,5.49,90.98,1,Chicago
756,76,8,2023-12-24,11:13:00,cancelled,0.00,0.00,0.00,0.00,0,Chicago
757,93,11,2025-02-06,18:52:00,completed,83.93,5.43,7.00,82.36,1,Boston
758,270,50,2024-08-07,12:26:00,refunded,0.00,0.00,0.00,0.00,0,Los Angeles
759,127,50,2024-05-25,20:06:00,cancelled,0.00,0.00,0.00,0.00,0,Los Angeles
760,14,19,2024-11-28,20:07:00,completed,61.69,7.26,10.04,58.91,2,Seattle
761,15,6,2024-04-16,23:45:00,completed,51.60,7.28,7.13,51.75,1,Chicago
762,169,3,2024-11-02,19:28:00,completed,72.13,6.17,11.49,66.81,5,New York
763,67,14,2025-06-02,10:51:00,completed,41.91,2.78,0.85,43.84,5,Boston
764,196,6,2024-02-13,14:11:00,completed,75.04,4.49,0.25,79.28,2,Chicago
765,84,25,2025-03-09,16:18:00,completed,88.63,3.27,3.58,88.32,4,Austin
766,159,44,2024-09-09,12:22:00,completed,79.57,5.06,5.88,78.75,4,Atlanta
767,244,18,2024-07-30,19:27:00,completed,49.27,4.34,2.24,51.37,6,Seattle
768,219,6,2023-02-11,18:21:00,refunded,0.00,0.00,0.00,0.00,0,Chicago
769,347,15,2024-10-25,20:45:00,completed,54.65,5.65,6.30,54.00,3,Boston
770,240,28,2023-03-23,22:30:00,completed,90.83,5.92,3.60,93.15,2,Miami
771,268,28,2023-10-30,19:03:00,completed,85.88,5.07,6.13,84.82,4,Miami
772,49,30,2024-11-07,21:36:00,cancelled,0.00,0.00,0.00,0.00,0,Miami
773,182,17,2024-08-22,11:49:00,completed,26.43,5.81,2.15,30.09,2,Seattle
774,202,3,2023-03-27,16:56:00,completed,41.23,6.12,9.09,38.26,4,New York
775,320,17,2023-12-16,23:51:00,completed,31.70,6.24,7.25,30.69,6,Seattle
776,55,28,2024-07-01,10:00:00,completed,18.98,5.78,5.52,19.24,4,Miami
777,337,48,2024-09-08,21:31:00,completed,78.17,5.58,8.29,75.46,6,Los Angeles
778,346,26,2025-04-03,14:05:00,completed,19.03,3.06,0.19,21.90,2,Miami
779,14,14,2024-05-07,20:09:00,completed,50.25,5.63,9.48,46.40,2,Boston
780,45,20,2025-02-27,17:09:00,completed,19.61,3.33,1.83,21.11,6,Seattle
781,228,32,2024-04-27,10:55:00,completed,35.95,3.97,9.95,29.97,4,San Francisco
782,27,22,2023-01-09,11:40:00,cancelled,0.00,0.00,0.00,0.00,0,Austin
783,222,27,2025-05-18,17:47:00,completed,72.10,7.50,0.44,79.16,4,Miami
784,249,33,2024-08-28,21:39:00,refunded,0.00,0.00,0.00,0.00,0,San Francisco
785,250,15,2025-01-01,10:33:00,completed,60.65,5.27,3.21,62.71,6,Boston
786,214,31,2023-04-30,17:39:00,refunded,0.00,0.00,0.00,0.00,0,San Francisco
787,178,29,2024-12-15,16:01:00,completed,71.74,4.85,5.26,71.33,5,Miami
788,113,38,2025-07-19,20:21:00,refunded,0.00,0.00,0.00,0.00,0,Denver
789,337,30,2023-05-15,14:46:00,completed,89.03,6.67,8.08,87.62,6,Miami
790,185,31,2025-03-29,23:10:00,completed,38.90,6.25,8.00,37.15,2,San Francisco
791,89,13,2023-06-10,19:31:00,completed,48.78,7.47,3.64,52.61,2,Boston
792,286,4,2023-01-19,15:56:00,completed,68.09,3.37,10.31,61.15,5,New York
793,17,5,2023-12-12,16:07:00,completed,26.93,3.62,3.09,27.46,3,New York
794,182,50,2023-02-17,22:56:00,completed,84.33,6.77,10.48,80.62,5,Los Angeles
795,343,7,2024-12-24,10:59:00,refunded,0.00,0.00,0.00,0.00,0,Chicago
796,235,49,2023-04-24,11:50:00,completed,75.88,7.24,9.88,73.24,1,Los Angeles
797,260,7,2023-06-21,20:07:00,cancelled,0.00,0.00,0.00,0.00,0,Chicago
798,186,11,2025-01-15,14:45:00,completed,55.44,6.16,1.19,60.41,6,Boston
799,187,22,2025-04-18,12:07:00,cancelled,0.00,0.00,0.00,0.00,0,Austin
800,225,27,2025-02-26,22:00:00,completed,77.88,4.21,6.06,76.03,1,Miami
801,137,24,2025-01-02,22:26:00,completed,67.21,3.26,9.04,61.43,4,Austin
802,117,9,2025-04-01,16:26:00,cancelled,0.00,0.00,0.00,0.00,0,Chicago
803,235,34,2025-03-24,20:23:00,refunded,0.00,0.00,0.00,0.00,0,San Francisco
804,227,10,2025-02-27,10:45:00,cancelled,0.00,0.00,0.00,0.00,0,Chicago
805,36,6,2023-12-13,15:25:00,refunded,0.00,0.00,0.00,0.00,0,Chicago
806,85,28,2023-03-04,16:48:00,completed,86.27,3.25,6.89,82.63,6,Miami
807,339,34,2023-10-30,16:25:00,cancelled,0.00,0.00,0.00,0.00,0,San Francisco
808,284,20,2025-01-08,21:20:00,cancelled,0.00,0.00,0.00,0.00,0,Seattle
809,5,18,2025-07-10,18:39:00,refunded,0.00,0.00,0.00,0.00,0,Seattle
810,207,29,2024-10-21,13:56:00,completed,76.34,5.76,8.37,73.73,6,Miami
811,208,50,2023-07-22,14:05:00,completed,42.75,6.13,8.88,40.00,2,Los Angeles
812,267,35,2023-10-18,13:05:00,completed,41.11,4.20,7.63,37.68,1,San Francisco
813,15,35,2024-08-29,14:15:00,cancelled,0.00,0.00,0.00,0.00,0,San Francisco
814,156,47,2024-03-08,18:07:00,completed,80.28,3.80,6.09,77.99,1,Los Angeles
815,25,49,2024-10-28,11:28:00,completed,72.53,4.77,11.80,65.50,6,Los Angeles
816,298,37,2025-01-01,20:42:00,completed,62.07,4.25,3.41,62.91,6,Denver
817,294,44,2023-05-24,21:24:00,completed,36.32,4.14,6.99,33.47,3,Atlanta
818,233,7,2023-05-31,21:27:00,cancelled,0.00,0.00,0.00,0.00,0,Chicago
819,42,6,2023-03-05,16:56:00,completed,33.89,2.89,8.12,28.66,4,Chicago
820,302,36,2024-06-15,22:25:00,cancelled,0.00,0.00,0.00,0.00,0,Denver
821,300,32,2024-10-13,16:28:00,completed,88.14,6.16,5.00,89.30,2,San Francisco
822,74,33,2023-05-11,17:45:00,completed,89.63,5.07,6.35,88.35,6,San Francisco
823,109,30,2024-04-29,10:47:00,completed,59.37,7.11,1.43,65.05,4,Miami
824,57,8,2024-01-14,19:18:00,completed,29.34,4.36,11.89,21.81,3,Chicago
825,151,32,2023-01-29,22:09:00,completed,61.63,2.74,10.73,53.64,3,San Francisco
826,111,12,2025-04-18,21:31:00,completed,58.52,2.84,0.54,60.82,4,Boston
827,294,20,2024-08-02,17:57:00,completed,45.92,6.67,10.00,42.59,2,Seattle
828,71,33,2024-10-13,17:48:00,completed,51.23,6.83,3.90,54.16,5,San Francisco
829,341,40,2024-02-24,16:14:00,cancelled,0.00,0.00,0.00,0.00,0,Denver
830,174,35,2023-02-16,20:56:00,completed,38.53,2.94,1.99,39.48,1,San Francisco
831,293,41,2025-03-26,22:45:00,completed,65.74,5.72,1.02,70.44,5,Atlanta
832,278,37,2025-02-14,10:36:00,completed,73.54,5.01,0.22,78.33,6,Denver
833,273,12,2023-01-20,14:50:00,completed,79.40,6.69,6.95,79.14,1,Boston
834,274,39,2023-11-25,16:37:00,completed,81.79,2.62,5.24,79.17,4,Denver
835,13,34,2023-11-21,16:16:00,completed,90.50,5.21,3.42,92.29,2,San Francisco
836,131,50,2023-04-02,12:19:00,refunded,0.00,0.00,0.00,0.00,0,Los Angeles
837,348,11,2023-03-02,19:20:00,completed,70.78,3.99,1.18,73.59,2,Boston
838,212,21,2023-09-22,16:52:00,cancelled,0.00,0.00,0.00,0.00,0,Austin
839,27,13,2023-09-03,22:38:00,completed,54.48,6.26,4.62,56.12,1,Boston
840,138,4,2023-11-22,17:35:00,completed,53.83,4.54,2.80,55.57,1,New York
841,138,36,2024-08-23,20:06:00,completed,59.05,6.43,3.66,61.82,4,Denver
842,229,6,2025-05-16,20:32:00,completed,89.63,4.37,11.82,82.18,2,Chicago
843,276,28,2025-07-22,18:28:00,completed,78.14,7.31,7.45,78.00,6,Miami
844,86,1,2023-03-03,17:17:00,completed,80.12,4.40,4.22,80.30,6,New York
845,109,38,2025-05-10,18:18:00,completed,72.70,5.32,3.61,74.41,4,Denver
846,63,9,2025-01-12,18:17:00,cancelled,0.00,0.00,0.00,0.00,0,Chicago
847,108,40,2024-05-31,22:20:00,cancelled,0.00,0.00,0.00,0.00,0,Denver
848,176,41,2023-09-25,22:45:00,completed,36.20,7.42,4.10,39.52,4,Atlanta
849,307,22,2023-01-17,21:08:00,completed,18.15,4.88,10.82,12.21,6,Austin
850,89,27,2024-07-23,21:45:00,completed,47.07,2.91,10.52,39.46,6,Miami
851,40,35,2023-02-01,23:52:00,completed,67.75,4.26,9.75,62.26,5,San Francisco
852,184,25,2023-07-01,23:49:00,cancelled,0.00,0.00,0.00,0.00,0,Austin
853,5,8,2024-04-18,15:59:00,completed,18.69,6.22,9.10,15.81,6,Chicago
854,184,13,2023-04-03,23:39:00,completed,77.82,3.61,11.76,69.67,3,Boston
855,19,18,2024-05-19,21:45:00,completed,18.53,7.42,7.66,18.29,1,Seattle
856,143,37,2024-05-27,17:10:00,completed,66.83,5.33,8.19,63.97,5,Denver
857,90,5,2024-08-25,12:47:00,completed,37.21,5.35,2.74,39.82,5,New York
858,141,13,2025-05-18,20:01:00,refunded,0.00,0.00,0.00,0.00,0,Boston
859,348,35,2024-09-21,14:43:00,completed,51.59,7.19,7.69,51.09,6,San Francisco
860,27,21,2024-03-18,23:26:00,completed,68.33,4.83,4.34,68.82,1,Austin
861,115,4,2023-10-12,16:34:00,completed,18.38,3.47,0.98,20.87,5,New York
862,13,48,2023-08-20,21:27:00,refunded,0.00,0.00,0.00,0.00,0,Los Angeles
863,128,13,2023-06-18,15:19:00,completed,64.27,2.64,5.18,61.73,1,Boston
864,304,41,2025-08-15,15:53:00,completed,25.98,3.69,4.09,25.58,1,Atlanta
865,171,34,2025-03-24,13:04:00,completed,63.85,6.32,7.50,62.67,5,San Francisco
866,64,6,2023-03-04,10:24:00,completed,80.73,2.83,1.53,82.03,4,Chicago
867,29,20,2024-09-17,20:27:00,completed,68.14,5.30,3.54,69.90,4,Seattle
868,206,7,2024-09-24,22:26:00,completed,62.37,5.80,0.13,68.04,4,Chicago
869,238,28,2025-06-20,19:39:00,completed,66.17,5.88,0.31,71.74,5,Miami
870,169,38,2023-07-17,11:06:00,completed,70.78,5.46,10.09,66.15,5,Denver
871,65,41,2024-06-05,14:22:00,completed,71.62,4.72,2.92,73.42,1,Atlanta
872,31,9,2023-11-16,19:27:00,completed,66.23,4.29,7.00,63.52,5,Chicago
873,75,10,2024-04-25,14:38:00,completed,45.29,2.54,7.04,40.79,6,Chicago
874,75,4,2023-09-01,18:52:00,cancelled,0.00,0.00,0.00,0.00,0,New York
875,28,28,2023-12-19,13:12:00,completed,32.89,2.84,2.27,33.46,4,Miami
876,240,39,2024-12-10,15:54:00,completed,89.27,5.58,5.02,89.83,2,Denver
877,54,30,2025-06-16,22:58:00,completed,34.24,2.52,2.68,34.08,2,Miami
878,239,40,2023-08-07,13:30:00,completed,88.49,4.16,8.88,83.77,2,Denver
879,205,12,2025-04-25,10:23:00,completed,44.48,5.27,1.71,48.04,4,Boston
880,100,41,2024-08-22,22:23:00,completed,20.20,3.49,2.09,21.60,3,Atlanta
881,90,22,2025-05-17,18:15:00,completed,19.59,6.71,10.93,15.37,1,Austin
882,347,9,2024-01-24,20:50:00,cancelled,0.00,0.00,0.00,0.00,0,Chicago
883,174,14,2023-11-09,17:15:00,completed,45.55,3.36,6.32,42.59,5,Boston
884,223,46,2023-03-08,11:09:00,cancelled,0.00,0.00,0.00,0.00,0,Los Angeles
885,67,13,2023-07-16,18:24:00,completed,41.53,4.65,7.63,38.55,1,Boston
886,316,38,2023-07-13,23:34:00,completed,28.99,3.74,7.55,25.18,3,Denver
887,65,33,2024-08-21,17:13:00,completed,76.07,6.45,7.38,75.14,2,San Francisco
888,261,25,2025-02-08,20:48:00,completed,54.90,4.82,3.86,55.86,3,Austin
889,270,45,2024-05-09,21:31:00,completed,61.01,5.69,9.49,57.21,6,Atlanta
890,19,14,2023-08-13,13:28:00,cancelled,0.00,0.00,0.00,0.00,0,Boston
891,203,14,2023-11-10,16:56:00,completed,29.63,6.71,3.05,33.29,1,Boston
892,69,49,2023-03-28,14:28:00,completed,35.03,2.71,6.15,31.59,3,Los Angeles
893,219,29,2024-04-23,16:26:00,completed,54.82,3.87,0.30,58.39,4,Miami
894,120,17,2024-10-22,11:22:00,cancelled,0.00,0.00,0.00,0.00,0,Seattle
895,151,33,2024-06-09,18:41:00,completed,38.46,3.64,1.42,40.68,3,San Francisco
896,20,35,2023-07-25,15:12:00,completed,36.50,6.23,9.22,33.51,3,San Francisco
897,98,46,2024-09-10,12:54:00,completed,72.75,7.06,0.10,79.71,3,Los Angeles
898,145,23,2025-03-12,16:25:00,cancelled,0.00,0.00,0.00,0.00,0,Austin
899,336,1,2024-04-28,20:32:00,refunded,0.00,0.00,0.00,0.00,0,New York
900,77,26,2023-08-22,13:46:00,completed,53.11,5.08,9.43,48.76,4,Miami
901,237,22,2025-03-21,11:20:00,cancelled,0.00,0.00,0.00,0.00,0,Austin
902,220,50,2025-08-22,21:26:00,completed,51.30,5.29,4.50,52.09,5,Los Angeles
903,66,20,2025-08-23,21:00:00,completed,66.75,4.27,2.71,68.31,4,Seattle
904,207,49,2025-03-08,21:34:00,completed,61.43,5.34,0.39,66.38,2,Los Angeles
905,79,22,2024-08-04,20:51:00,completed,62.98,6.83,11.76,58.05,2,Austin
906,201,5,2024-07-01,16:12:00,completed,42.33,7.31,7.67,41.97,3,New York
907,48,11,2023-04-17,20:35:00,completed,79.16,5.52,0.32,84.36,2,Boston
908,36,25,2023-10-18,13:14:00,completed,56.81,4.77,4.42,57.16,1,Austin
909,88,21,2025-05-30,16:25:00,completed,26.20,5.18,5.74,25.64,1,Austin
910,200,14,2023-05-14,23:13:00,completed,78.52,5.82,1.91,82.43,5,Boston
911,159,38,2023-07-27,18:45:00,completed,38.38,2.54,1.71,39.21,1,Denver
912,205,39,2025-04-06,13:33:00,completed,60.12,4.95,5.55,59.52,1,Denver
913,47,19,2024-10-23,17:22:00,completed,70.66,3.99,7.36,67.29,2,Seattle
914,213,16,2023-07-03,19:46:00,completed,46.47,5.80,8.38,43.89,1,Seattle
915,202,45,2025-08-26,10:15:00,cancelled,0.00,0.00,0.00,0.00,0,Atlanta
916,81,18,2025-06-22,20:34:00,completed,85.81,5.99,8.67,83.13,2,Seattle
917,253,27,2025-02-19,18:07:00,refunded,0.00,0.00,0.00,0.00,0,Miami
918,40,49,2023-04-18,18:49:00,completed,48.35,3.32,2.49,49.18,1,Los Angeles
919,237,2,2023-03-16,20:44:00,completed,52.18,4.22,4.79,51.61,2,New York
920,204,3,2023-01-11,14:07:00,completed,28.10,5.85,5.57,28.38,4,New York
921,35,6,2024-07-15,20:15:00,completed,50.39,4.85,3.35,51.89,2,Chicago
922,88,2,2024-09-13,11:11:00,completed,57.56,4.45,0.93,61.08,1,New York
923,347,18,2023-06-07,17:22:00,completed,70.87,6.96,6.39,71.44,4,Seattle
924,25,41,2025-04-10,18:41:00,completed,66.84,3.01,8.28,61.57,4,Atlanta
925,27,39,2023-01-05,10:49:00,completed,32.93,3.75,10.91,25.77,2,Denver
926,47,2,2024-03-07,10:00:00,completed,32.22,5.84,2.65,35.41,1,New York
927,341,11,2025-01-11,12:02:00,completed,25.97,4.14,6.74,23.37,2,Boston
928,320,14,2025-08-14,18:25:00,refunded,0.00,0.00,0.00,0.00,0,Boston
929,62,15,2023-08-07,11:22:00,completed,19.11,5.77,0.14,24.74,2,Boston
930,235,15,2023-03-09,20:52:00,completed,64.17,2.72,10.63,56.26,4,Boston
931,155,50,2024-09-05,17:06:00,completed,76.55,7.11,6.83,76.83,3,Los Angeles
932,49,39,2023-11-29,20:44:00,completed,86.42,6.36,1.60,91.18,2,Denver
933,326,49,2025-06-24,21:20:00,refunded,0.00,0.00,0.00,0.00,0,Los Angeles
934,342,31,2023-03-11,15:01:00,completed,61.29,4.41,7.69,58.01,2,San Francisco
935,258,38,2024-12-22,10:14:00,completed,74.16,3.12,2.84,74.44,4,Denver
936,125,40,2023-03-23,10:08:00,completed,39.95,3.26,2.45,40.76,1,Denver
937,122,47,2024-09-04,17:47:00,cancelled,0.00,0.00,0.00,0.00,0,Los Angeles
938,69,18,2023-11-22,20:50:00,completed,56.54,7.39,7.78,56.15,3,Seattle
939,13,15,2025-05-17,21:21:00,completed,33.23,2.77,11.01,24.99,2,Boston
940,114,39,2025-06-12,16:33:00,completed,50.73,2.53,10.44,42.82,1,Denver
941,99,4,2024-10-11,12:13:00,completed,30.85,5.24,9.54,26.55,2,New York
942,121,33,2023-03-22,16:46:00,completed,30.15,3.49,5.09,28.55,5,San Francisco
943,128,20,2023-10-20,19:28:00,refunded,0.00,0.00,0.00,0.00,0,Seattle
944,104,18,2025-06-02,22:30:00,completed,89.97,4.49,2.01,92.45,4,Seattle
945,217,33,2024-09-16,21:27:00,completed,78.65,6.47,0.24,84.88,4,San Francisco
946,219,6,2025-02-16,14:38:00,completed,58.91,3.38,4.57,57.72,3,Chicago
947,233,19,2024-01-20,18:38:00,completed,42.66,6.07,2.35,46.38,2,Seattle
948,3,1,2025-06-01,18:46:00,completed,54.37,7.13,11.28,50.22,6,New York
949,192,25,2024-05-16,14:41:00,refunded,0.00,0.00,0.00,0.00,0,Austin
950,37,27,2025-06-25,10:58:00,completed,86.98,3.31,9.16,81.13,3,Miami
951,179,33,2024-12-27,17:40:00,completed,69.54,5.75,11.12,64.17,6,San Francisco
952,127,16,2024-05-04,10:58:00,cancelled,0.00,0.00,0.00,0.00,0,Seattle
953,324,46,2024-11-23,10:44:00,completed,28.94,5.53,11.33,23.14,2,Los Angeles
954,131,16,2024-09-08,19:42:00,cancelled,0.00,0.00,0.00,0.00,0,Seattle
955,7,8,2025-02-28,11:41:00,completed,46.44,6.03,11.69,40.78,1,Chicago
956,266,13,2025-06-16,16:10:00,cancelled,0.00,0.00,0.00,0.00,0,Boston
957,130,45,2023-11-06,18:34:00,completed,46.33,4.04,4.94,45.43,6,Atlanta
958,46,7,2024-10-13,19:49:00,completed,78.25,3.85,2.51,79.59,6,Chicago
959,204,45,2023-11-12,10:10:00,cancelled,0.00,0.00,0.00,0.00,0,Atlanta
960,1,7,2023-03-13,22:44:00,completed,48.85,3.94,5.17,47.62,2,Chicago
961,192,12,2024-12-21,12:12:00,completed,55.19,3.05,6.81,51.43,2,Boston
962,96,13,2023-03-02,21:11:00,cancelled,0.00,0.00,0.00,0.00,0,Boston
963,99,17,2025-07-12,23:26:00,completed,85.56,3.05,7.64,80.97,1,Seattle
964,151,6,2024-01-22,11:17:00,completed,20.20,3.67,5.82,18.05,1,Chicago
965,5,4,2023-09-30,22:00:00,completed,76.40,2.71,2.53,76.58,1,New York
966,193,39,2024-06-16,22:17:00,refunded,0.00,0.00,0.00,0.00,0,Denver
967,243,49,2023-12-12,19:27:00,completed,68.46,4.22,3.78,68.90,2,Los Angeles
968,185,43,2024-02-13,16:39:00,completed,44.35,4.15,1.20,47.30,4,Atlanta
969,206,47,2025-05-05,12:01:00,completed,82.31,3.90,8.39,77.82,2,Los Angeles
970,189,29,2024-09-25,20:42:00,cancelled,0.00,0.00,0.00,0.00,0,Miami
971,264,27,2024-11-07,13:00:00,refunded,0.00,0.00,0.00,0.00,0,Miami
972,165,2,2024-10-10,15:55:00,completed,77.76,4.13,5.33,76.56,5,New York
973,249,26,2025-01-26,19:50:00,completed,49.67,7.16,11.17,45.66,6,Miami
974,52,47,2024-01-30,14:38:00,completed,28.59,5.10,6.86,26.83,6,Los Angeles
975,259,3,2023-05-11,17:50:00,completed,79.59,7.48,11.85,75.22,4,New York
976,87,29,2023-04-29,17:42:00,completed,36.01,3.35,11.33,28.03,6,Miami
977,46,7,2024-03-21,21:01:00,completed,86.74,7.01,9.20,84.55,2,Chicago
978,132,43,2024-05-02,20:07:00,completed,86.28,5.67,5.90,86.05,6,Atlanta
979,171,15,2025-08-12,19:49:00,refunded,0.00,0.00,0.00,0.00,0,Boston
980,34,42,2023-12-18,16:58:00,completed,72.46,4.41,7.71,69.16,5,Atlanta
981,224,15,2023-08-17,14:07:00,completed,26.24,4.20,7.11,23.33,2,Boston
982,60,37,2024-01-12,12:54:00,completed,46.13,6.18,3.73,48.58,5,Denver
983,275,13,2025-05-17,16:27:00,completed,45.01,5.90,9.56,41.35,5,Boston
984,340,39,2024-08-27,13:06:00,completed,57.83,4.80,1.74,60.89,3,Denver
985,113,32,2024-11-27,17:09:00,completed,28.79,5.83,9.62,25.00,6,San Francisco
986,18,39,2023-11-24,14:32:00,refunded,0.00,0.00,0.00,0.00,0,Denver
987,64,18,2025-05-18,21:36:00,completed,79.32,4.98,8.45,75.85,4,Seattle
988,31,22,2023-06-06,23:45:00,completed,72.22,6.55,8.40,70.37,1,Austin
989,92,32,2025-01-14,16:19:00,refunded,0.00,0.00,0.00,0.00,0,San Francisco
990,338,11,2023-01-23,18:25:00,completed,68.16,7.45,9.09,66.52,4,Boston
991,37,34,2025-01-14,14:18:00,completed,32.44,6.78,4.73,34.49,2,San Francisco
992,166,49,2025-03-21,19:55:00,cancelled,0.00,0.00,0.00,0.00,0,Los Angeles
993,156,30,2024-11-01,12:36:00,completed,69.50,3.96,1.74,71.72,2,Miami
994,101,48,2024-10-28,10:23:00,completed,60.60,5.89,11.86,54.63,2,Los Angeles
995,193,28,2024-11-26,23:10:00,refunded,0.00,0.00,0.00,0.00,0,Miami
996,50,23,2024-04-30,12:03:00,completed,56.14,4.19,5.21,55.12,2,Austin
997,322,47,2024-02-18,13:02:00,completed,47.35,4.01,7.15,44.21,2,Los Angeles
998,335,48,2024-01-20,22:44:00,refunded,0.00,0.00,0.00,0.00,0,Los Angeles
999,344,43,2023-04-02,22:29:00,cancelled,0.00,0.00,0.00,0.00,0,Atlanta
1000,333,25,2023-10-09,20:41:00,completed,18.86,3.08,1.46,20.48,6,Austin
1001,343,33,2023-08-19,10:37:00,completed,60.37,3.87,8.94,55.30,5,San Francisco
1002,93,25,2024-05-10,20:44:00,completed,60.29,3.00,0.76,62.53,5,Austin
1003,95,26,2025-04-12,21:01:00,completed,78.49,6.42,6.36,78.55,1,Miami
1004,266,38,2024-07-05,21:52:00,completed,27.18,6.26,11.59,21.85,1,Denver
1005,93,39,2024-12-12,12:00:00,completed,77.24,3.12,1.55,78.81,2,Denver
1006,335,11,2023-03-31,18:16:00,cancelled,0.00,0.00,0.00,0.00,0,Boston
1007,18,6,2023-05-08,18:19:00,completed,58.29,4.62,11.34,51.57,1,Chicago
1008,128,20,2023-02-17,18:57:00,completed,66.78,4.72,6.92,64.58,6,Seattle
1009,161,34,2025-07-21,15:38:00,completed,33.53,3.00,9.84,26.69,2,San Francisco
1010,19,13,2023-05-26,14:54:00,cancelled,0.00,0.00,0.00,0.00,0,Boston
1011,69,39,2024-07-19,13:37:00,completed,27.51,5.61,0.89,32.23,3,Denver
1012,134,25,2024-10-27,12:25:00,completed,87.91,5.88,11.28,82.51,2,Austin
1013,275,14,2023-03-14,20:46:00,completed,64.85,5.73,8.57,62.01,5,Boston
1014,337,42,2025-04-20,18:38:00,completed,78.80,4.08,9.45,73.43,4,Atlanta
1015,14,39,2023-09-11,11:17:00,completed,26.14,5.24,0.79,30.59,6,Denver
1016,46,24,2025-07-20,15:49:00,completed,82.30,3.63,0.12,85.81,4,Austin
1017,114,25,2023-04-18,22:59:00,completed,56.96,6.88,7.07,56.77,4,Austin
1018,49,34,2023-12-24,21:36:00,cancelled,0.00,0.00,0.00,0.00,0,San Francisco
1019,283,18,2024-09-14,11:57:00,completed,41.53,6.26,2.17,45.62,6,Seattle
1020,348,35,2024-07-18,19:56:00,cancelled,0.00,0.00,0.00,0.00,0,San Francisco
1021,245,38,2023-05-11,14:00:00,completed,70.78,5.79,1.71,74.86,5,Denver
1022,137,4,2025-07-29,21:40:00,refunded,0.00,0.00,0.00,0.00,0,New York
1023,128,44,2024-09-15,16:45:00,completed,50.48,4.27,5.62,49.13,3,Atlanta
1024,142,28,2024-06-17,21:56:00,refunded,0.00,0.00,0.00,0.00,0,Miami
1025,118,20,2024-10-12,23:05:00,refunded,0.00,0.00,0.00,0.00,0,Seattle
1026,209,50,2023-11-17,23:05:00,completed,23.68,3.70,1.12,26.26,5,Los Angeles
1027,30,6,2025-01-31,14:35:00,refunded,0.00,0.00,0.00,0.00,0,Chicago
1028,6,28,2024-11-24,18:59:00,completed,53.49,5.08,11.98,46.59,5,Miami
1029,64,26,2023-01-15,19:12:00,cancelled,0.00,0.00,0.00,0.00,0,Miami
1030,4,46,2024-03-11,21:34:00,completed,36.07,6.19,11.41,30.85,5,Los Angeles
1031,312,3,2024-09-13,17:10:00,completed,83.26,5.12,2.70,85.68,1,New York
1032,188,9,2024-06-10,15:03:00,completed,46.05,4.37,1.36,49.06,6,Chicago
1033,128,35,2025-05-21,22:54:00,completed,40.14,3.97,2.56,41.55,6,San Francisco
1034,324,37,2024-02-08,13:59:00,completed,87.05,5.71,9.91,82.85,1,Denver
1035,238,40,2025-05-18,17:03:00,completed,63.55,4.14,4.25,63.44,1,Denver
1036,180,47,2023-07-10,16:22:00,completed,49.88,3.49,6.35,47.02,2,Los Angeles
1037,211,8,2025-07-24,17:00:00,completed,66.59,3.63,4.74,65.48,3,Chicago
1038,187,28,2025-07-02,12:34:00,cancelled,0.00,0.00,0.00,0.00,0,Miami
1039,56,29,2024-11-03,23:28:00,completed,44.18,4.67,4.31,44.54,6,Miami
1040,102,8,2023-07-14,14:02:00,completed,49.16,4.16,0.38,52.94,6,Chicago
1041,102,31,2024-11-12,14:07:00,completed,58.71,6.50,8.57,56.64,3,San Francisco
1042,205,33,2025-01-13,21:53:00,cancelled,0.00,0.00,0.00,0.00,0,San Francisco
1043,68,8,2023-04-21,22:01:00,completed,43.46,2.57,8.21,37.82,1,Chicago
1044,348,22,2024-03-15,19:47:00,completed,53.53,3.91,0.99,56.45,4,Austin
1045,127,40,2023-06-06,21:32:00,completed,38.80,3.08,3.16,38.72,6,Denver
1046,127,43,2025-04-20,16:12:00,completed,75.92,3.02,8.77,70.17,5,Atlanta
1047,93,13,2025-05-25,19:40:00,completed,34.97,3.16,0.46,37.67,2,Boston
1048,75,28,2023-01-19,19:12:00,completed,21.77,4.54,3.68,22.63,6,Miami
1049,119,15,2023-12-11,16:30:00,completed,49.60,2.76,1.32,51.04,3,Boston
1050,144,23,2024-12-29,16:15:00,completed,21.52,2.70,0.63,23.59,6,Austin
1051,165,14,2023-10-20,17:17:00,cancelled,0.00,0.00,0.00,0.00,0,Boston
1052,52,28,2023-07-09,14:31:00,completed,40.52,2.98,0.16,43.34,5,Miami
1053,67,22,2024-01-05,21:51:00,completed,75.63,5.14,4.46,76.31,6,Austin
1054,142,14,2024-08-21,16:05:00,cancelled,0.00,0.00,0.00,0.00,0,Boston
1055,67,41,2025-01-30,19:07:00,completed,89.66,6.92,9.81,86.77,2,Atlanta
1056,229,7,2023-03-18,18:39:00,completed,71.68,7.45,2.42,76.71,6,Chicago
1057,79,3,2023-05-11,13:26:00,completed,36.69,6.89,10.24,33.34,5,New York
1058,178,24,2024-04-04,20:45:00,completed,50.27,4.91,6.29,48.89,5,Austin
1059,12,11,2024-09-05,14:44:00,refunded,0.00,0.00,0.00,0.00,0,Boston
1060,149,3,2024-08-02,10:50:00,refunded,0.00,0.00,0.00,0.00,0,New York
1061,98,48,2025-04-14,16:31:00,completed,82.40,7.36,1.99,87.77,5,Los Angeles
1062,197,36,2025-03-09,16:25:00,completed,33.31,2.52,6.86,28.97,5,Denver
1063,5,33,2024-04-11,18:45:00,completed,37.15,6.76,3.56,40.35,3,San Francisco
1064,283,8,2023-06-25,13:02:00,completed,39.60,5.70,11.30,34.00,3,Chicago
1065,69,18,2025-06-13,22:03:00,completed,36.43,6.62,6.42,36.63,1,Seattle
1066,333,23,2024-10-09,19:23:00,completed,88.04,6.92,3.17,91.79,2,Austin
1067,210,40,2023-10-29,15:03:00,completed,18.77,4.28,8.77,14.28,3,Denver
1068,91,17,2023-01-17,18:42:00,refunded,0.00,0.00,0.00,0.00,0,Seattle
1069,299,7,2025-01-09,21:44:00,completed,66.38,6.85,7.61,65.62,5,Chicago
1070,106,29,2023-08-14,15:17:00,completed,64.61,6.79,4.75,66.65,4,Miami
1071,119,47,2025-01-13,16:23:00,completed,53.45,4.98,5.51,52.92,2,Los Angeles
1072,97,37,2024-05-17,21:11:00,completed,19.56,3.31,2.13,20.74,4,Denver
1073,312,13,2023-03-13,12:04:00,completed,51.67,5.73,4.83,52.57,6,Boston
1074,270,9,2025-01-14,22:51:00,completed,25.38,4.42,1.32,28.48,1,Chicago
1075,330,3,2023-05-16,13:49:00,completed,28.56,5.64,0.16,34.04,1,New York
1076,55,35,2025-01-23,23:21:00,cancelled,0.00,0.00,0.00,0.00,0,San Francisco
1077,44,13,2023-05-23,17:48:00,completed,50.88,3.32,3.98,50.22,2,Boston
1078,125,4,2024-07-10,21:17:00,completed,27.11,6.62,1.23,32.50,3,New York
1079,53,33,2025-06-26,23:26:00,completed,85.50,2.62,5.13,82.99,2,San Francisco
1080,181,42,2023-10-21,13:58:00,cancelled,0.00,0.00,0.00,0.00,0,Atlanta
1081,197,44,2025-06-24,21:52:00,cancelled,0.00,0.00,0.00,0.00,0,Atlanta
1082,252,11,2023-04-23,13:06:00,refunded,0.00,0.00,0.00,0.00,0,Boston
1083,145,23,2023-03-20,19:21:00,completed,86.33,7.10,10.75,82.68,5,Austin
1084,78,12,2024-03-14,18:21:00,completed,68.28,3.25,8.01,63.52,3,Boston
1085,320,19,2023-12-23,11:17:00,cancelled,0.00,0.00,0.00,0.00,0,Seattle
1086,339,24,2025-08-13,14:51:00,cancelled,0.00,0.00,0.00,0.00,0,Austin
1087,40,1,2025-06-01,12:49:00,completed,41.70,4.45,8.66,37.49,4,New York
1088,35,8,2024-08-14,16:46:00,completed,24.69,7.47,2.18,29.98,4,Chicago
1089,181,21,2024-05-21,16:30:00,completed,48.63,6.47,4.00,51.10,6,Austin
1090,126,25,2024-03-04,18:31:00,completed,54.45,5.18,2.76,56.87,1,Austin
1091,298,46,2024-03-07,18:36:00,completed,78.04,3.60,1.05,80.59,3,Los Angeles
1092,2,14,2025-05-21,10:23:00,completed,88.86,7.10,0.71,95.25,3,Boston
1093,185,50,2025-04-18,12:18:00,completed,79.81,5.26,11.18,73.89,4,Los Angeles
1094,125,14,2025-04-27,13:03:00,completed,26.68,5.98,1.72,30.94,6,Boston
1095,14,45,2024-03-10,15:03:00,completed,67.04,2.87,10.05,59.86,2,Atlanta
1096,16,10,2024-01-10,12:05:00,completed,18.92,6.66,5.00,20.58,2,Chicago
1097,241,48,2023-05-24,21:33:00,completed,40.16,4.56,4.05,40.67,6,Los Angeles
1098,7,19,2023-04-24,12:03:00,cancelled,0.00,0.00,0.00,0.00,0,Seattle
1099,17,39,2025-02-08,12:32:00,completed,47.33,4.62,11.38,40.57,4,Denver
1100,284,46,2025-04-29,14:58:00,completed,40.65,3.64,11.18,33.11,3,Los Angeles
1101,48,34,2024-01-22,12:47:00,completed,63.81,3.59,2.20,65.20,6,San Francisco
1102,287,39,2025-05-11,11:52:00,completed,53.33,5.76,4.86,54.23,4,Denver
1103,85,4,2025-04-02,15:41:00,completed,37.97,3.02,4.35,36.64,3,New York
1104,15,16,2023-10-16,12:34:00,completed,33.68,2.55,10.92,25.31,2,Seattle
1105,283,13,2024-10-15,10:15:00,completed,90.27,5.32,6.76,88.83,4,Boston
1106,24,4,2023-11-19,11:19:00,completed,44.39,3.91,4.78,43.52,2,New York
1107,162,49,2024-02-05,21:22:00,refunded,0.00,0.00,0.00,0.00,0,Los Angeles
1108,346,7,2023-12-06,16:57:00,completed,25.47,6.54,1.80,30.21,5,Chicago
1109,196,31,2024-08-23,23:54:00,completed,29.93,5.91,0.95,34.89,6,San Francisco
1110,48,46,2023-08-26,13:51:00,completed,28.42,6.09,11.92,22.59,5,Los Angeles
1111,265,47,2024-09-15,20:33:00,refunded,0.00,0.00,0.00,0.00,0,Los Angeles
1112,175,29,2025-03-15,12:21:00,completed,64.14,7.20,0.48,70.86,6,Miami
1113,350,25,2023-09-02,13:39:00,completed,88.89,5.33,11.93,82.29,1,Austin
1114,8,10,2025-02-23,23:19:00,completed,89.70,6.41,1.05,95.06,1,Chicago
1115,233,21,2023-06-23,14:10:00,completed,60.66,4.27,0.85,64.08,6,Austin
1116,236,17,2024-04-29,14:48:00,cancelled,0.00,0.00,0.00,0.00,0,Seattle
1117,333,9,2025-08-20,11:36:00,completed,44.90,3.93,4.91,43.92,5,Chicago
1118,349,9,2024-03-27,15:32:00,cancelled,0.00,0.00,0.00,0.00,0,Chicago
1119,161,24,2023-03-27,20:26:00,completed,37.45,6.88,8.19,36.14,5,Austin
1120,330,4,2025-01-28,22:15:00,completed,59.50,3.27,1.26,61.51,4,New York
1121,82,37,2024-02-13,23:04:00,completed,82.69,5.85,4.19,84.35,4,Denver
1122,329,35,2025-07-10,23:29:00,completed,31.34,3.04,11.51,22.87,4,San Francisco
1123,222,13,2024-02-16,15:04:00,completed,91.74,4.93,8.43,88.24,4,Boston
1124,59,18,2024-04-10,10:34:00,completed,52.78,5.70,3.84,54.64,1,Seattle
1125,308,50,2024-01-25,10:59:00,cancelled,0.00,0.00,0.00,0.00,0,Los Angeles
1126,221,31,2023-08-07,10:13:00,cancelled,0.00,0.00,0.00,0.00,0,San Francisco
1127,217,18,2023-09-16,20:11:00,completed,23.13,4.53,3.58,24.08,6,Seattle
1128,232,27,2024-06-21,13:42:00,cancelled,0.00,0.00,0.00,0.00,0,Miami
1129,95,4,2023-04-05,16:21:00,refunded,0.00,0.00,0.00,0.00,0,New York
1130,153,11,2023-07-23,15:26:00,completed,57.63,6.42,11.59,52.46,4,Boston
1131,182,45,2024-08-07,16:52:00,completed,75.95,5.49,0.93,80.51,6,Atlanta
1132,297,40,2023-05-29,15:42:00,refunded,0.00,0.00,0.00,0.00,0,Denver
1133,163,1,2023-06-04,17:59:00,completed,81.96,3.07,11.64,73.39,4,New York
1134,135,34,2025-01-09,10:28:00,refunded,0.00,0.00,0.00,0.00,0,San Francisco
1135,65,41,2024-04-05,20:37:00,completed,34.18,7.40,5.04,36.54,5,Atlanta
1136,86,39,2024-01-22,13:22:00,completed,32.15,5.90,11.46,26.59,3,Denver
1137,187,2,2023-11-06,14:32:00,cancelled,0.00,0.00,0.00,0.00,0,New York
1138,64,45,2024-05-26,20:29:00,completed,44.03,6.64,5.11,45.56,3,Atlanta
1139,59,12,2024-04-14,16:23:00,completed,62.02,5.21,4.58,62.65,6,Boston
1140,349,28,2024-10-11,14:44:00,completed,86.46,6.78,11.94,81.30,1,Miami
1141,46,42,2023-01-17,19:59:00,completed,54.73,6.26,11.13,49.86,1,Atlanta
1142,325,29,2024-05-30,19:51:00,completed,39.45,4.60,2.67,41.38,4,Miami
1143,283,25,2023-04-28,13:54:00,completed,27.21,7.34,10.97,23.58,4,Austin
1144,331,46,2025-03-14,21:25:00,completed,45.72,3.62,3.40,45.94,6,Los Angeles
1145,136,20,2025-05-08,22:58:00,completed,35.88,7.00,4.97,37.91,1,Seattle
1146,14,10,2025-03-20,15:53:00,cancelled,0.00,0.00,0.00,0.00,0,Chicago
1147,308,21,2023-12-10,12:36:00,refunded,0.00,0.00,0.00,0.00,0,Austin
1148,124,36,2024-02-05,13:39:00,completed,79.31,6.51,6.93,78.89,2,Denver
1149,326,25,2025-01-15,12:25:00,cancelled,0.00,0.00,0.00,0.00,0,Austin
1150,265,11,2024-03-23,13:06:00,completed,27.35,3.09,6.92,23.52,4,Boston
1151,322,17,2025-05-07,18:10:00,refunded,0.00,0.00,0.00,0.00,0,Seattle
1152,105,6,2023-04-06,10:27:00,completed,74.98,3.27,7.42,70.83,5,Chicago
1153,41,37,2024-01-27,10:47:00,completed,90.77,5.67,9.33,87.11,2,Denver
1154,123,42,2025-07-08,13:19:00,completed,80.19,6.13,9.69,76.63,4,Atlanta
1155,134,43,2023-02-22,14:05:00,refunded,0.00,0.00,0.00,0.00,0,Atlanta
1156,322,2,2024-10-15,19:55:00,completed,51.98,5.48,1.28,56.18,3,New York
1157,135,12,2023-04-06,11:31:00,cancelled,0.00,0.00,0.00,0.00,0,Boston
1158,107,26,2023-04-14,17:50:00,completed,23.44,7.30,0.92,29.82,6,Miami
1159,215,25,2025-06-30,15:40:00,cancelled,0.00,0.00,0.00,0.00,0,Austin
1160,83,12,2023-11-02,10:57:00,completed,59.98,5.53,0.38,65.13,3,Boston
1161,178,31,2024-09-20,19:34:00,completed,56.61,3.77,1.46,58.92,5,San Francisco
1162,16,35,2023-01-24,18:32:00,completed,34.01,4.32,10.78,27.55,1,San Francisco
1163,168,9,2023-08-14,11:46:00,completed,27.37,3.87,2.39,28.85,1,Chicago
1164,179,46,2024-07-18,20:18:00,completed,77.87,4.68,11.36,71.19,2,Los Angeles
1165,129,12,2023-07-22,20:54:00,cancelled,0.00,0.00,0.00,0.00,0,Boston
1166,144,26,2023-04-16,19:50:00,completed,41.06,6.47,11.45,36.08,4,Miami
1167,222,29,2024-03-09,19:47:00,completed,41.59,3.04,4.60,40.03,2,Miami
1168,291,23,2024-01-18,20:52:00,completed,30.38,2.67,6.14,26.91,5,Austin
1169,210,19,2024-09-10,23:56:00,completed,89.42,4.26,0.36,93.32,2,Seattle
1170,166,28,2025-03-20,12:22:00,completed,33.92,4.36,1.74,36.54,3,Miami
1171,63,1,2023-11-23,21:00:00,completed,33.82,5.34,3.86,35.30,2,New York
1172,288,5,2024-01-30,14:38:00,completed,34.09,5.30,8.60,30.79,6,New York
1173,39,37,2025-07-03,20:26:00,completed,50.21,6.57,2.38,54.40,1,Denver
1174,253,32,2023-02-17,14:26:00,completed,51.51,5.51,7.09,49.93,2,San Francisco
1175,296,2,2023-10-19,10:41:00,completed,60.61,2.52,5.54,57.59,2,New York
1176,207,3,2025-07-06,18:58:00,completed,42.97,2.58,5.64,39.91,4,New York
1177,155,18,2023-11-21,22:22:00,completed,59.18,4.07,7.35,55.90,4,Seattle
1178,153,45,2024-04-10,17:54:00,completed,85.37,6.72,11.25,80.84,1,Atlanta
1179,15,15,2023-02-18,23:00:00,completed,91.52,6.81,8.69,89.64,2,Boston
1180,88,6,2023-07-15,21:57:00,cancelled,0.00,0.00,0.00,0.00,0,Chicago
1181,276,1,2025-08-14,21:55:00,completed,83.37,2.72,0.58,85.51,3,New York
1182,39,17,2023-12-04,21:39:00,completed,46.09,5.99,11.10,40.98,5,Seattle
1183,236,8,2023-05-10,15:55:00,completed,61.23,6.75,10.75,57.23,6,Chicago
1184,229,43,2023-05-06,18:33:00,completed,53.37,4.95,3.37,54.95,6,Atlanta
1185,248,15,2023-04-05,14:49:00,completed,24.13,5.29,10.47,18.95,6,Boston
1186,332,48,2025-05-26,13:44:00,completed,89.91,2.80,0.16,92.55,2,Los Angeles
1187,240,25,2023-07-12,17:06:00,completed,78.24,6.31,6.17,78.38,3,Austin
1188,160,46,2024-04-09,20:09:00,cancelled,0.00,0.00,0.00,0.00,0,Los Angeles
1189,55,9,2023-08-13,15:24:00,refunded,0.00,0.00,0.00,0.00,0,Chicago
1190,318,33,2023-07-27,22:25:00,completed,38.56,3.32,3.69,38.19,5,San Francisco
1191,332,7,2023-05-31,17:56:00,completed,26.15,2.58,5.53,23.20,3,Chicago
1192,15,31,2024-11-08,18:28:00,completed,26.76,5.25,4.25,27.76,2,San Francisco
1193,78,26,2024-05-29,16:32:00,completed,50.66,4.35,0.59,54.42,4,Miami
1194,217,13,2023-10-29,13:25:00,completed,38.42,5.54,6.22,37.74,1,Boston
1195,349,4,2024-10-23,13:07:00,completed,21.93,2.68,3.19,21.42,1,New York
1196,273,7,2023-10-10,13:56:00,completed,70.97,4.46,1.22,74.21,6,Chicago
1197,138,32,2023-07-30,12:50:00,completed,65.13,6.03,3.46,67.70,1,San Francisco
1198,49,12,2024-05-30,21:39:00,completed,40.59,7.03,2.86,44.76,3,Boston
1199,349,5,2023-06-20,12:21:00,cancelled,0.00,0.00,0.00,0.00,0,New York
1200,73,1,2024-11-13,17:27:00,completed,31.14,3.82,0.92,34.04,6,New York
1201,5,39,2023-12-27,17:37:00,completed,82.62,4.86,0.54,86.94,1,Denver
1202,291,44,2023-10-25,23:14:00,completed,30.38,3.23,1.13,32.48,3,Atlanta
1203,172,29,2024-05-17,21:22:00,refunded,0.00,0.00,0.00,0.00,0,Miami
1204,132,43,2024-05-13,14:23:00,completed,79.25,4.01,4.00,79.26,5,Atlanta
1205,340,39,2024-05-10,11:17:00,completed,71.89,2.60,11.74,62.75,2,Denver
1206,338,10,2024-01-01,17:01:00,completed,72.83,7.37,4.31,75.89,6,Chicago
1207,46,13,2025-07-31,16:40:00,completed,38.27,5.63,6.54,37.36,4,Boston
1208,270,12,2023-09-29,20:22:00,cancelled,0.00,0.00,0.00,0.00,0,Boston
1209,201,38,2024-03-03,14:19:00,completed,60.88,6.01,10.01,56.88,1,Denver
1210,222,30,2024-08-03,22:50:00,completed,26.15,2.54,11.13,17.56,2,Miami
1211,239,44,2023-06-03,18:18:00,completed,67.16,4.02,3.46,67.72,3,Atlanta
1212,8,30,2023-02-11,13:18:00,cancelled,0.00,0.00,0.00,0.00,0,Miami
1213,64,4,2024-05-15,14:00:00,completed,66.86,2.50,3.02,66.34,3,New York
1214,146,33,2024-11-12,22:35:00,completed,24.36,3.85,11.95,16.26,2,San Francisco
1215,222,38,2025-07-29,11:18:00,completed,53.02,4.27,9.74,47.55,6,Denver
1216,198,28,2024-02-13,11:57:00,completed,40.35,4.05,6.77,37.63,6,Miami
1217,166,38,2023-05-23,20:49:00,completed,28.04,5.27,3.61,29.70,1,Denver
1218,153,37,2025-08-07,20:29:00,completed,45.82,6.88,5.24,47.46,2,Denver
1219,270,29,2024-12-11,15:32:00,refunded,0.00,0.00,0.00,0.00,0,Miami
1220,184,30,2023-12-29,16:29:00,completed,48.36,2.64,6.71,44.29,4,Miami
1221,46,49,2023-05-24,19:58:00,completed,35.96,5.06,1.53,39.49,5,Los Angeles
1222,290,19,2023-02-24,22:54:00,completed,47.82,2.53,9.69,40.66,5,Seattle
1223,236,4,2023-03-28,10:17:00,cancelled,0.00,0.00,0.00,0.00,0,New York
1224,333,7,2023-12-08,19:06:00,cancelled,0.00,0.00,0.00,0.00,0,Chicago
1225,290,31,2024-12-08,15:55:00,completed,72.79,5.87,8.87,69.79,1,San Francisco
1226,105,34,2023-05-28,18:47:00,refunded,0.00,0.00,0.00,0.00,0,San Francisco
1227,70,15,2025-07-05,20:40:00,cancelled,0.00,0.00,0.00,0.00,0,Boston
1228,155,41,2023-11-15,21:59:00,completed,53.89,5.94,1.38,58.45,1,Atlanta
1229,79,39,2025-06-20,11:33:00,completed,33.12,4.87,9.99,28.00,4,Denver
1230,201,4,2025-08-06,11:19:00,completed,90.72,6.60,10.10,87.22,5,New York
1231,134,40,2024-11-28,17:54:00,completed,27.12,3.23,0.26,30.09,2,Denver
1232,337,16,2023-06-24,18:47:00,completed,32.83,4.90,3.47,34.26,1,Seattle
1233,302,32,2024-01-12,20:17:00,completed,69.63,3.04,5.00,67.67,4,San Francisco
1234,76,2,2023-10-18,17:07:00,completed,18.82,4.01,7.74,15.09,6,New York
1235,318,29,2023-02-13,15:08:00,completed,71.51,3.88,11.78,63.61,3,Miami
1236,257,33,2023-08-04,15:57:00,completed,46.91,2.81,7.87,41.85,3,San Francisco
1237,336,47,2024-07-30,15:29:00,completed,76.22,3.89,9.15,70.96,3,Los Angeles
1238,202,5,2025-07-27,23:41:00,completed,89.23,5.53,2.16,92.60,6,New York
1239,260,50,2024-11-05,18:16:00,completed,41.98,7.28,4.18,45.08,5,Los Angeles
1240,207,5,2023-02-16,10:54:00,completed,35.15,5.83,5.99,34.99,6,New York
1241,244,21,2025-02-17,13:49:00,cancelled,0.00,0.00,0.00,0.00,0,Austin
1242,122,7,2025-07-10,12:46:00,cancelled,0.00,0.00,0.00,0.00,0,Chicago
1243,216,5,2023-03-05,19:16:00,completed,80.66,2.86,9.16,74.36,5,New York
1244,324,2,2025-08-03,12:20:00,completed,51.26,3.17,7.65,46.78,5,New York
1245,103,13,2023-09-16,17:28:00,completed,34.69,6.21,5.21,35.69,5,Boston
1246,99,6,2024-08-19,10:40:00,refunded,0.00,0.00,0.00,0.00,0,Chicago
1247,50,14,2023-02-04,22:08:00,cancelled,0.00,0.00,0.00,0.00,0,Boston
1248,185,50,2024-02-22,19:34:00,cancelled,0.00,0.00,0.00,0.00,0,Los Angeles
1249,175,12,2024-11-29,21:58:00,completed,57.08,3.45,2.49,58.04,4,Boston
1250,257,23,2024-01-01,19:57:00,completed,28.20,2.84,5.13,25.91,4,Austin
1251,37,37,2023-03-22,12:50:00,completed,25.47,4.99,0.62,29.84,5,Denver
1252,170,2,2023-08-18,23:18:00,refunded,0.00,0.00,0.00,0.00,0,New York
1253,129,25,2024-12-21,15:04:00,cancelled,0.00,0.00,0.00,0.00,0,Austin
1254,81,19,2023-03-18,18:36:00,completed,56.31,5.56,3.75,58.12,5,Seattle
1255,30,35,2024-12-15,11:37:00,completed,85.89,3.82,0.36,89.35,3,San Francisco
1256,216,17,2023-07-25,15:56:00,completed,28.31,5.24,8.81,24.74,6,Seattle
1257,32,16,2024-05-20,11:51:00,refunded,0.00,0.00,0.00,0.00,0,Seattle
1258,313,45,2025-05-05,22:51:00,completed,90.60,7.25,7.18,90.67,5,Atlanta
1259,42,36,2024-05-05,12:17:00,completed,25.70,4.98,2.70,27.98,3,Denver
1260,221,31,2023-11-07,22:54:00,cancelled,0.00,0.00,0.00,0.00,0,San Francisco
1261,117,2,2025-08-11,10:01:00,completed,78.04,5.17,10.32,72.89,6,New York
1262,10,36,2024-05-08,10:24:00,completed,69.46,4.65,5.12,68.99,2,Denver
1263,60,29,2023-05-01,19:57:00,completed,32.33,4.68,0.70,36.31,2,Miami
1264,48,38,2023-01-11,13:26:00,completed,83.74,6.47,6.82,83.39,1,Denver
1265,128,4,2023-03-20,10:08:00,completed,38.91,4.07,7.23,35.75,2,New York
1266,150,9,2024-09-12,16:30:00,completed,66.59,2.88,11.26,58.21,2,Chicago
1267,254,46,2025-01-22,23:22:00,cancelled,0.00,0.00,0.00,0.00,0,Los Angeles
1268,113,29,2024-12-31,14:23:00,completed,39.66,5.77,6.32,39.11,3,Miami
1269,164,45,2024-07-08,18:06:00,completed,84.63,6.03,7.46,83.20,3,Atlanta
1270,41,14,2025-07-22,12:53:00,refunded,0.00,0.00,0.00,0.00,0,Boston
1271,119,20,2025-01-29,18:13:00,completed,71.64,6.44,0.43,77.65,2,Seattle
1272,226,42,2025-02-21,17:07:00,completed,79.89,3.85,7.06,76.68,3,Atlanta
1273,44,4,2023-10-13,23:39:00,completed,19.39,4.41,5.33,18.47,2,New York
1274,106,25,2023-07-08,20:27:00,completed,66.87,2.66,9.16,60.37,1,Austin
1275,312,49,2025-07-03,15:59:00,cancelled,0.00,0.00,0.00,0.00,0,Los Angeles
1276,135,49,2024-08-28,13:48:00,completed,71.71,5.61,10.39,66.93,6,Los Angeles
1277,30,7,2024-07-20,16:46:00,refunded,0.00,0.00,0.00,0.00,0,Chicago
1278,148,35,2024-04-19,16:36:00,completed,74.91,3.80,11.52,67.19,4,San Francisco
1279,122,9,2025-07-18,10:17:00,completed,88.37,2.93,3.00,88.30,5,Chicago
1280,152,22,2024-08-07,16:02:00,completed,44.77,5.80,9.39,41.18,5,Austin
1281,7,8,2023-11-11,19:42:00,completed,37.57,3.39,5.55,35.41,4,Chicago
1282,5,30,2023-02-07,15:30:00,completed,59.19,4.54,6.95,56.78,1,Miami
1283,142,40,2024-07-18,15:04:00,completed,37.09,6.43,3.11,40.41,4,Denver
1284,66,15,2024-10-07,12:09:00,cancelled,0.00,0.00,0.00,0.00,0,Boston
1285,336,4,2023-08-27,11:41:00,completed,68.65,6.80,6.96,68.49,1,New York
1286,284,46,2023-08-22,10:45:00,refunded,0.00,0.00,0.00,0.00,0,Los Angeles
1287,132,2,2024-11-25,23:54:00,cancelled,0.00,0.00,0.00,0.00,0,New York
1288,277,46,2023-02-15,19:15:00,completed,23.73,4.72,6.13,22.32,2,Los Angeles
1289,105,21,2024-08-07,15:53:00,cancelled,0.00,0.00,0.00,0.00,0,Austin
1290,213,5,2024-10-19,16:56:00,completed,19.83,5.53,4.32,21.04,4,New York
1291,334,24,2024-04-26,14:39:00,completed,45.25,3.95,1.80,47.40,5,Austin
1292,14,7,2024-09-15,13:51:00,completed,70.97,6.21,9.40,67.78,6,Chicago
1293,177,14,2024-01-23,23:37:00,completed,71.74,4.41,11.97,64.18,1,Boston
1294,40,15,2024-08-01,18:36:00,completed,72.31,5.19,1.45,76.05,5,Boston
1295,27,39,2024-04-28,20:33:00,completed,41.45,3.48,6.90,38.03,2,Denver
1296,169,16,2025-03-29,22:23:00,completed,41.30,7.36,8.32,40.34,4,Seattle
1297,210,24,2023-03-23,15:35:00,completed,85.68,5.77,7.26,84.19,4,Austin
1298,215,15,2024-08-06,23:52:00,refunded,0.00,0.00,0.00,0.00,0,Boston
1299,276,16,2025-03-06,16:43:00,completed,28.22,3.80,3.44,28.58,3,Seattle
1300,61,6,2024-02-23,16:32:00,refunded,0.00,0.00,0.00,0.00,0,Chicago
1301,295,32,2024-10-09,22:12:00,cancelled,0.00,0.00,0.00,0.00,0,San Francisco
1302,233,1,2023-06-20,11:26:00,completed,59.04,7.15,8.91,57.28,2,New York
1303,18,28,2023-01-25,21:10:00,refunded,0.00,0.00,0.00,0.00,0,Miami
1304,68,33,2025-06-06,18:58:00,completed,49.25,3.14,8.36,44.03,2,San Francisco
1305,151,8,2023-12-11,23:57:00,completed,63.05,3.04,8.67,57.42,1,Chicago
1306,182,29,2025-07-21,16:40:00,completed,79.78,3.95,5.73,78.00,2,Miami
1307,94,47,2025-02-23,19:58:00,cancelled,0.00,0.00,0.00,0.00,0,Los Angeles
1308,261,6,2023-06-05,10:37:00,completed,67.87,4.77,3.85,68.79,2,Chicago
1309,261,47,2024-08-25,14:49:00,completed,40.00,4.21,6.77,37.44,5,Los Angeles
1310,297,33,2025-05-14,16:18:00,completed,41.57,3.39,1.72,43.24,6,San Francisco
1311,108,28,2024-06-15,14:36:00,cancelled,0.00,0.00,0.00,0.00,0,Miami
1312,161,7,2023-12-22,14:10:00,completed,38.26,4.69,10.62,32.33,3,Chicago
1313,133,39,2025-02-10,11:59:00,completed,38.62,2.98,6.63,34.97,5,Denver
1314,87,2,2024-09-04,10:57:00,completed,77.13,2.53,9.99,69.67,1,New York
1315,190,14,2023-10-16,19:27:00,completed,56.55,6.66,3.54,59.67,1,Boston
1316,62,29,2025-06-29,16:31:00,completed,81.97,7.47,8.78,80.66,1,Miami
1317,182,6,2025-02-01,22:14:00,completed,42.21,5.04,3.31,43.94,6,Chicago
1318,263,44,2025-03-06,11:45:00,completed,84.03,2.69,1.21,85.51,6,Atlanta
1319,267,21,2023-07-14,23:35:00,completed,82.94,2.68,7.61,78.01,1,Austin
1320,126,9,2024-08-23,16:55:00,refunded,0.00,0.00,0.00,0.00,0,Chicago
1321,345,13,2023-09-29,17:09:00,completed,31.85,4.98,1.58,35.25,6,Boston
1322,46,34,2025-05-27,21:47:00,completed,50.14,4.95,7.33,47.76,6,San Francisco
1323,92,3,2024-03-04,21:16:00,completed,64.70,3.67,4.18,64.19,5,New York
1324,337,12,2025-06-17,14:53:00,completed,39.62,4.93,9.56,34.99,4,Boston
1325,307,23,2024-07-10,17:18:00,completed,26.32,6.90,9.06,24.16,3,Austin
1326,215,29,2023-11-30,13:42:00,completed,31.04,7.28,7.93,30.39,3,Miami
1327,204,46,2023-05-12,22:56:00,completed,77.55,4.95,4.94,77.56,2,Los Angeles
1328,15,19,2023-10-02,18:13:00,cancelled,0.00,0.00,0.00,0.00,0,Seattle
1329,210,4,2024-07-29,22:20:00,completed,41.50,4.46,5.30,40.66,4,New York
1330,134,4,2023-10-02,17:46:00,completed,65.08,2.73,5.37,62.44,2,New York
1331,294,11,2024-07-02,13:49:00,completed,88.14,5.57,3.96,89.75,5,Boston
1332,277,2,2025-08-31,21:01:00,cancelled,0.00,0.00,0.00,0.00,0,New York
1333,47,50,2024-12-22,15:58:00,completed,74.68,2.82,0.59,76.91,2,Los Angeles
1334,186,35,2023-07-23,12:53:00,completed,81.62,3.65,9.62,75.65,3,San Francisco
1335,170,27,2023-08-09,18:46:00,completed,19.01,6.73,9.06,16.68,5,Miami
1336,53,33,2024-02-12,22:31:00,completed,38.95,2.62,7.58,33.99,6,San Francisco
1337,127,3,2023-10-06,21:07:00,cancelled,0.00,0.00,0.00,0.00,0,New York
1338,194,42,2024-02-15,12:52:00,completed,37.98,2.92,0.89,40.01,6,Atlanta
1339,213,2,2023-01-16,21:53:00,completed,86.00,2.98,7.06,81.92,4,New York
1340,100,39,2025-05-29,14:50:00,completed,55.91,2.62,3.29,55.24,2,Denver
1341,52,17,2024-11-02,19:30:00,completed,49.79,3.61,4.88,48.52,3,Seattle
1342,248,19,2025-07-18,21:34:00,completed,46.30,7.47,8.73,45.04,3,Seattle
1343,280,46,2023-04-21,17:14:00,completed,19.84,6.36,5.37,20.83,4,Los Angeles
1344,289,7,2024-10-20,14:21:00,completed,64.61,2.92,6.73,60.80,2,Chicago
1345,251,38,2023-09-13,11:09:00,completed,80.02,5.12,10.08,75.06,2,Denver
1346,31,50,2024-05-20,14:26:00,completed,43.00,3.25,3.86,42.39,5,Los Angeles
1347,307,27,2025-06-11,10:17:00,completed,73.87,6.47,6.55,73.79,3,Miami
1348,334,16,2023-11-26,17:45:00,completed,59.06,6.20,8.80,56.46,1,Seattle
1349,218,45,2023-03-21,16:08:00,completed,29.99,6.24,1.99,34.24,4,Atlanta
1350,59,3,2025-06-25,16:31:00,completed,77.43,4.94,8.99,73.38,5,New York
1351,215,26,2023-01-10,14:07:00,completed,39.77,7.11,8.12,38.76,5,Miami
1352,166,40,2025-06-29,15:36:00,completed,28.47,5.12,2.45,31.14,5,Denver
1353,191,34,2024-09-11,14:30:00,completed,87.28,7.14,8.64,85.78,2,San Francisco
1354,85,34,2025-01-02,23:30:00,completed,48.81,3.25,0.80,51.26,1,San Francisco
1355,160,45,2023-07-12,13:44:00,completed,51.94,2.97,7.50,47.41,5,Atlanta
1356,81,5,2023-12-25,20:35:00,cancelled,0.00,0.00,0.00,0.00,0,New York
1357,177,41,2023-01-15,13:17:00,completed,85.45,4.63,8.75,81.33,3,Atlanta
1358,320,50,2024-02-17,14:35:00,completed,66.79,2.89,1.83,67.85,6,Los Angeles
1359,111,18,2023-07-02,14:36:00,completed,76.97,5.44,9.19,73.22,3,Seattle
1360,295,50,2025-05-23,19:38:00,completed,77.74,6.86,8.02,76.58,4,Los Angeles
1361,108,11,2023-01-03,22:14:00,refunded,0.00,0.00,0.00,0.00,0,Boston
1362,47,40,2023-05-31,12:10:00,completed,18.02,2.89,11.64,9.27,2,Denver
1363,262,29,2024-03-11,20:30:00,completed,55.03,3.09,6.72,51.40,4,Miami
1364,198,46,2024-04-30,15:19:00,cancelled,0.00,0.00,0.00,0.00,0,Los Angeles
1365,163,34,2023-03-22,19:53:00,completed,30.29,5.67,3.33,32.63,2,San Francisco
1366,224,36,2024-03-28,17:44:00,completed,68.72,5.29,5.22,68.79,3,Denver
1367,92,2,2025-06-05,15:54:00,completed,67.58,6.14,2.57,71.15,5,New York
1368,98,25,2024-01-19,12:59:00,completed,18.79,4.71,6.31,17.19,1,Austin
1369,301,20,2023-12-03,11:58:00,completed,36.78,7.11,7.28,36.61,1,Seattle
1370,332,18,2024-10-19,17:25:00,completed,69.47,3.77,7.50,65.74,5,Seattle
1371,16,46,2025-08-07,17:38:00,completed,54.28,4.87,10.50,48.65,5,Los Angeles
1372,54,3,2024-01-14,10:39:00,cancelled,0.00,0.00,0.00,0.00,0,New York
1373,79,46,2025-01-23,12:55:00,cancelled,0.00,0.00,0.00,0.00,0,Los Angeles
1374,43,27,2025-05-04,23:07:00,completed,65.17,2.81,1.17,66.81,5,Miami
1375,143,13,2024-11-01,19:47:00,completed,79.96,6.74,3.80,82.90,6,Boston
1376,87,38,2025-01-09,15:33:00,completed,67.17,4.58,8.01,63.74,1,Denver
1377,34,13,2025-04-24,22:32:00,completed,37.73,3.36,0.53,40.56,5,Boston
1378,102,45,2024-06-01,16:11:00,completed,80.32,7.21,3.73,83.80,5,Atlanta
1379,180,8,2023-12-16,17:36:00,cancelled,0.00,0.00,0.00,0.00,0,Chicago
1380,45,37,2025-08-10,17:05:00,completed,24.70,6.15,2.23,28.62,5,Denver
1381,321,2,2025-02-24,12:50:00,completed,65.21,4.80,10.53,59.48,2,New York
1382,158,44,2024-10-19,23:12:00,completed,72.62,4.05,4.55,72.12,3,Atlanta
1383,92,18,2023-05-24,19:20:00,completed,79.81,3.86,2.39,81.28,3,Seattle
1384,133,45,2024-03-26,14:05:00,completed,60.82,4.24,7.70,57.36,4,Atlanta
1385,324,44,2025-05-01,12:02:00,refunded,0.00,0.00,0.00,0.00,0,Atlanta
1386,300,25,2023-06-09,18:36:00,completed,69.96,4.23,9.73,64.46,3,Austin
1387,107,22,2024-12-17,18:35:00,cancelled,0.00,0.00,0.00,0.00,0,Austin
1388,138,6,2024-06-09,22:13:00,completed,52.61,2.66,1.38,53.89,6,Chicago
1389,324,12,2024-05-01,12:29:00,completed,45.55,4.39,7.06,42.88,1,Boston
1390,166,45,2023-04-18,20:22:00,cancelled,0.00,0.00,0.00,0.00,0,Atlanta
1391,5,11,2024-03-07,17:21:00,completed,84.82,3.44,4.30,83.96,2,Boston
1392,240,35,2023-07-10,22:01:00,completed,63.63,5.47,8.33,60.77,6,San Francisco
1393,205,31,2025-05-04,13:16:00,completed,62.47,4.91,4.81,62.57,1,San Francisco
1394,120,49,2025-08-15,18:06:00,completed,75.28,7.27,4.81,77.74,1,Los Angeles
1395,84,33,2023-06-20,14:56:00,completed,69.62,5.12,11.42,63.32,5,San Francisco
1396,72,9,2024-11-10,15:50:00,refunded,0.00,0.00,0.00,0.00,0,Chicago
1397,47,20,2025-03-22,22:09:00,cancelled,0.00,0.00,0.00,0.00,0,Seattle
1398,235,26,2023-06-19,17:00:00,completed,32.83,3.36,3.69,32.50,2,Miami
1399,121,14,2024-03-23,11:46:00,completed,68.67,6.73,4.49,70.91,4,Boston
1400,82,23,2023-04-13,17:35:00,completed,69.71,7.06,8.02,68.75,4,Austin
1401,125,49,2025-07-27,11:24:00,completed,74.47,3.17,9.28,68.36,3,Los Angeles
1402,346,47,2025-06-12,16:38:00,completed,23.30,4.94,8.89,19.35,5,Los Angeles
1403,14,15,2025-06-25,19:11:00,completed,45.32,4.20,9.88,39.64,5,Boston
1404,307,49,2024-02-12,11:41:00,completed,55.00,2.72,3.62,54.10,1,Los Angeles
1405,174,25,2024-10-31,12:27:00,completed,41.02,5.88,5.77,41.13,3,Austin
1406,216,12,2023-06-17,16:43:00,completed,25.88,6.53,4.16,28.25,6,Boston
1407,52,42,2025-06-02,16:51:00,cancelled,0.00,0.00,0.00,0.00,0,Atlanta
1408,83,21,2023-05-12,19:32:00,completed,51.65,4.93,11.52,45.06,4,Austin
1409,217,50,2023-02-25,14:27:00,completed,64.92,5.52,9.63,60.81,4,Los Angeles
1410,258,24,2025-03-10,17:45:00,completed,57.59,4.32,9.43,52.48,4,Austin
1411,273,49,2024-01-28,23:43:00,completed,18.51,7.24,8.49,17.26,3,Los Angeles
1412,102,33,2025-04-12,19:46:00,cancelled,0.00,0.00,0.00,0.00,0,San Francisco
1413,223,4,2024-04-20,14:02:00,completed,54.23,4.34,10.67,47.90,6,New York
1414,190,17,2024-03-11,15:43:00,completed,78.62,5.21,2.14,81.69,3,Seattle
1415,214,2,2024-04-02,15:19:00,completed,62.09,4.29,0.44,65.94,6,New York
1416,203,16,2023-06-29,11:34:00,completed,71.78,5.66,5.17,72.27,3,Seattle
1417,177,30,2024-12-06,19:15:00,cancelled,0.00,0.00,0.00,0.00,0,Miami
1418,269,37,2024-04-14,10:04:00,completed,20.83,5.55,8.69,17.69,1,Denver
1419,196,33,2025-01-12,11:21:00,refunded,0.00,0.00,0.00,0.00,0,San Francisco
1420,155,28,2024-02-15,10:11:00,refunded,0.00,0.00,0.00,0.00,0,Miami
1421,132,47,2024-10-30,21:56:00,completed,85.51,7.33,9.52,83.32,5,Los Angeles
1422,134,20,2024-09-22,18:34:00,cancelled,0.00,0.00,0.00,0.00,0,Seattle
1423,125,45,2025-03-29,10:23:00,completed,33.93,7.18,3.30,37.81,6,Atlanta
1424,96,18,2024-05-28,20:02:00,completed,85.32,5.89,3.27,87.94,4,Seattle
1425,107,2,2025-03-11,16:42:00,completed,37.76,5.50,11.71,31.55,3,New York
1426,50,15,2023-08-19,10:45:00,completed,22.72,3.94,8.54,18.12,4,Boston
1427,302,27,2024-10-12,19:21:00,completed,53.19,5.29,4.12,54.36,3,Miami
1428,178,29,2023-06-05,17:54:00,completed,33.59,5.99,8.08,31.50,3,Miami
1429,207,3,2024-11-07,23:36:00,refunded,0.00,0.00,0.00,0.00,0,New York
1430,324,32,2024-07-28,15:05:00,completed,90.88,4.35,3.50,91.73,3,San Francisco
1431,232,44,2024-04-23,10:09:00,completed,30.34,4.26,5.18,29.42,1,Atlanta
1432,146,36,2025-01-31,17:15:00,completed,57.78,4.39,11.39,50.78,1,Denver
1433,50,26,2023-08-12,13:07:00,completed,31.22,3.30,9.33,25.19,6,Miami
1434,206,36,2024-02-23,15:48:00,completed,84.63,3.89,9.25,79.27,6,Denver
1435,55,43,2025-06-24,20:40:00,completed,41.52,5.18,4.71,41.99,4,Atlanta
1436,254,49,2024-04-20,14:52:00,refunded,0.00,0.00,0.00,0.00,0,Los Angeles
1437,81,12,2024-02-14,14:00:00,completed,42.72,4.82,2.07,45.47,1,Boston
1438,197,38,2024-10-30,16:26:00,completed,65.09,5.59,1.66,69.02,5,Denver
1439,258,6,2024-09-05,19:46:00,completed,19.69,5.55,2.00,23.24,6,Chicago
1440,242,44,2023-04-04,15:01:00,completed,83.38,5.77,6.62,82.53,2,Atlanta
1441,83,30,2024-01-13,21:55:00,completed,52.94,6.06,2.40,56.60,2,Miami
1442,151,5,2025-07-04,10:13:00,completed,51.98,5.92,5.32,52.58,2,New York
1443,91,30,2024-05-27,20:07:00,cancelled,0.00,0.00,0.00,0.00,0,Miami
1444,170,11,2023-09-08,17:46:00,refunded,0.00,0.00,0.00,0.00,0,Boston
1445,4,48,2023-02-03,20:43:00,completed,56.46,4.85,4.62,56.69,4,Los Angeles
1446,134,46,2024-07-04,11:45:00,completed,65.88,5.17,0.28,70.77,4,Los Angeles
1447,31,19,2025-04-11,16:53:00,cancelled,0.00,0.00,0.00,0.00,0,Seattle
1448,21,24,2024-02-14,21:59:00,completed,66.07,4.64,1.49,69.22,2,Austin
1449,135,49,2025-04-25,19:48:00,completed,71.43,4.33,7.88,67.88,2,Los Angeles
1450,125,31,2023-08-04,14:06:00,completed,69.33,4.79,8.51,65.61,2,San Francisco
1451,134,22,2023-10-30,21:28:00,completed,51.33,3.79,3.30,51.82,1,Austin
1452,72,10,2024-06-18,14:01:00,completed,45.44,4.31,3.49,46.26,6,Chicago
1453,82,37,2024-10-11,14:30:00,completed,67.82,3.27,9.66,61.43,2,Denver
1454,76,39,2023-10-27,23:24:00,completed,34.87,6.75,7.00,34.62,2,Denver
1455,300,1,2023-09-23,15:46:00,completed,82.40,5.08,5.72,81.76,2,New York
1456,177,42,2023-06-09,19:54:00,completed,56.73,4.39,11.11,50.01,6,Atlanta
1457,87,34,2024-05-08,12:30:00,cancelled,0.00,0.00,0.00,0.00,0,San Francisco
1458,8,43,2025-08-27,11:21:00,completed,33.28,3.25,7.30,29.23,6,Atlanta
1459,62,42,2023-07-21,15:31:00,completed,85.54,7.03,10.08,82.49,5,Atlanta
1460,117,48,2023-07-27,15:42:00,completed,64.35,7.26,6.09,65.52,3,Los Angeles
1461,284,35,2025-05-16,21:34:00,cancelled,0.00,0.00,0.00,0.00,0,San Francisco
1462,29,29,2024-08-03,18:15:00,completed,77.00,3.41,11.24,69.17,2,Miami
1463,117,45,2025-01-04,17:11:00,completed,63.08,5.26,1.10,67.24,2,Atlanta
1464,33,9,2024-06-19,14:03:00,completed,36.05,6.31,5.73,36.63,1,Chicago
1465,275,4,2023-11-23,22:40:00,completed,53.39,4.71,5.71,52.39,1,New York
1466,278,38,2023-08-09,19:31:00,completed,18.71,4.65,10.86,12.50,6,Denver
1467,227,50,2024-10-20,13:37:00,cancelled,0.00,0.00,0.00,0.00,0,Los Angeles
1468,315,49,2024-04-12,10:16:00,completed,62.50,4.96,2.12,65.34,5,Los Angeles
1469,248,33,2023-10-18,20:19:00,completed,57.38,4.21,8.13,53.46,5,San Francisco
1470,159,41,2024-03-26,11:48:00,refunded,0.00,0.00,0.00,0.00,0,Atlanta
1471,250,1,2023-11-23,18:30:00,completed,31.23,6.30,8.08,29.45,1,New York
1472,227,22,2024-10-15,20:34:00,cancelled,0.00,0.00,0.00,0.00,0,Austin
1473,100,50,2023-04-22,22:14:00,completed,55.13,4.10,6.36,52.87,1,Los Angeles
1474,154,40,2023-08-04,19:43:00,completed,29.57,6.33,9.43,26.47,2,Denver
1475,313,43,2023-06-10,15:33:00,refunded,0.00,0.00,0.00,0.00,0,Atlanta
1476,335,39,2025-03-18,16:49:00,completed,34.93,3.81,11.21,27.53,3,Denver
1477,190,10,2023-11-10,15:46:00,completed,73.15,4.75,5.10,72.80,4,Chicago
1478,214,1,2025-02-19,16:03:00,refunded,0.00,0.00,0.00,0.00,0,New York
1479,182,42,2025-04-04,12:29:00,completed,19.44,6.02,2.50,22.96,6,Atlanta
1480,132,19,2025-05-02,15:01:00,completed,76.53,4.13,6.72,73.94,2,Seattle
1481,111,40,2024-05-30,17:54:00,completed,23.51,3.30,8.67,18.14,6,Denver
1482,304,31,2025-08-27,10:49:00,completed,68.90,7.04,5.84,70.10,3,San Francisco
1483,311,38,2024-01-20,10:06:00,completed,43.36,5.19,5.26,43.29,3,Denver
1484,57,31,2023-05-18,21:04:00,completed,75.37,4.57,1.82,78.12,2,San Francisco
1485,302,20,2024-08-10,13:35:00,completed,36.15,5.36,9.15,32.36,3,Seattle
1486,286,34,2025-04-16,14:44:00,completed,75.14,2.84,9.43,68.55,6,San Francisco
1487,161,24,2025-07-15,22:28:00,completed,33.90,4.11,2.73,35.28,3,Austin
1488,171,13,2024-11-24,21:16:00,completed,73.33,2.62,1.43,74.52,4,Boston
1489,219,26,2025-04-05,17:51:00,completed,57.10,7.06,6.15,58.01,1,Miami
1490,290,28,2023-02-02,18:55:00,completed,76.47,4.96,6.90,74.53,6,Miami
1491,35,48,2023-03-19,19:05:00,refunded,0.00,0.00,0.00,0.00,0,Los Angeles
1492,58,35,2023-06-12,22:32:00,cancelled,0.00,0.00,0.00,0.00,0,San Francisco
1493,45,37,2025-08-02,17:39:00,completed,32.13,2.87,8.21,26.79,3,Denver
1494,239,29,2025-06-29,21:09:00,completed,23.40,5.74,4.08,25.06,5,Miami
1495,222,2,2024-02-16,19:18:00,completed,79.29,2.59,2.70,79.18,4,New York
1496,78,17,2025-05-26,13:37:00,completed,42.17,4.79,7.98,38.98,5,Seattle
1497,182,46,2025-06-07,19:09:00,completed,28.97,4.04,1.21,31.80,5,Los Angeles
1498,309,3,2025-03-09,12:34:00,completed,23.13,6.85,11.14,18.84,6,New York
1499,107,13,2023-11-07,12:27:00,refunded,0.00,0.00,0.00,0.00,0,Boston
1500,120,14,2025-03-01,15:01:00,completed,84.52,4.70,10.01,79.21,4,Boston
1501,14,29,2025-06-07,21:54:00,completed,46.15,4.73,4.79,46.09,2,Miami
1502,195,38,2025-04-14,11:05:00,refunded,0.00,0.00,0.00,0.00,0,Denver
1503,260,38,2025-01-11,18:07:00,completed,33.51,7.20,8.89,31.82,3,Denver
1504,163,27,2023-07-15,13:05:00,completed,44.63,3.78,1.34,47.07,4,Miami
1505,9,1,2024-01-25,22:26:00,completed,81.45,4.27,11.35,74.37,1,New York
1506,223,42,2023-11-04,13:44:00,completed,65.63,4.45,5.66,64.42,3,Atlanta
1507,332,21,2023-02-16,12:54:00,completed,59.78,3.14,1.87,61.05,6,Austin
1508,241,49,2023-02-09,10:38:00,cancelled,0.00,0.00,0.00,0.00,0,Los Angeles
1509,339,19,2024-01-16,19:26:00,cancelled,0.00,0.00,0.00,0.00,0,Seattle
1510,215,12,2023-06-28,18:09:00,completed,77.96,3.41,10.55,70.82,1,Boston
1511,84,2,2024-05-24,13:19:00,completed,45.62,6.71,7.46,44.87,1,New York
1512,14,22,2023-01-30,17:02:00,completed,28.68,4.54,6.47,26.75,5,Austin
1513,269,11,2023-06-11,11:00:00,completed,34.48,4.60,0.80,38.28,4,Boston
1514,238,27,2025-05-26,18:28:00,completed,62.64,5.68,3.74,64.58,4,Miami
1515,132,9,2023-11-27,20:34:00,completed,63.41,6.08,5.73,63.76,6,Chicago
1516,293,13,2023-05-09,13:32:00,completed,87.73,3.63,0.99,90.37,1,Boston
1517,207,19,2025-06-27,19:06:00,completed,36.55,6.15,3.61,39.09,6,Seattle
1518,237,43,2024-08-27,18:33:00,completed,83.39,6.30,1.58,88.11,4,Atlanta
1519,192,43,2023-05-29,19:47:00,refunded,0.00,0.00,0.00,0.00,0,Atlanta
1520,18,48,2025-07-16,22:24:00,completed,76.77,7.40,0.17,84.00,6,Los Angeles
1521,18,16,2023-06-15,16:20:00,completed,53.58,6.79,2.25,58.12,5,Seattle
1522,208,29,2023-08-08,17:39:00,completed,50.55,6.22,7.87,48.90,5,Miami
1523,173,22,2025-07-02,12:16:00,completed,82.53,6.36,5.48,83.41,1,Austin
1524,343,22,2025-02-20,18:16:00,completed,45.04,5.71,11.58,39.17,2,Austin
1525,49,15,2024-04-13,23:07:00,completed,70.74,3.13,4.17,69.70,4,Boston
1526,224,36,2025-08-20,11:55:00,refunded,0.00,0.00,0.00,0.00,0,Denver
1527,94,26,2025-04-19,18:12:00,completed,68.36,6.38,2.38,72.36,6,Miami
1528,182,34,2024-09-07,22:09:00,completed,57.26,2.73,6.40,53.59,5,San Francisco
1529,118,45,2025-08-27,18:10:00,completed,25.41,3.33,7.61,21.13,5,Atlanta
1530,116,49,2025-01-03,12:34:00,refunded,0.00,0.00,0.00,0.00,0,Los Angeles
1531,313,28,2025-05-28,13:17:00,completed,89.72,4.50,4.68,89.54,5,Miami
1532,216,31,2024-04-24,15:08:00,completed,40.20,2.87,8.50,34.57,6,San Francisco
1533,160,14,2025-08-03,21:39:00,completed,22.94,6.28,1.68,27.54,4,Boston
1534,83,49,2025-04-06,13:25:00,completed,65.81,4.45,2.32,67.94,3,Los Angeles
1535,37,15,2025-08-29,14:08:00,cancelled,0.00,0.00,0.00,0.00,0,Boston
1536,64,47,2025-01-27,19:43:00,completed,50.81,5.86,9.13,47.54,1,Los Angeles
1537,327,8,2024-06-17,14:33:00,completed,64.51,4.86,7.93,61.44,3,Chicago
1538,64,35,2025-01-30,19:29:00,completed,83.14,6.27,8.64,80.77,3,San Francisco
1539,21,25,2025-05-08,14:07:00,completed,49.52,3.34,8.52,44.34,4,Austin
1540,150,15,2024-06-19,11:05:00,refunded,0.00,0.00,0.00,0.00,0,Boston
1541,309,39,2025-06-04,15:15:00,cancelled,0.00,0.00,0.00,0.00,0,Denver
1542,341,32,2025-05-06,21:27:00,completed,65.22,6.83,3.36,68.69,6,San Francisco
1543,142,17,2024-10-17,18:21:00,completed,79.89,7.42,1.00,86.31,1,Seattle
1544,249,16,2024-08-22,17:14:00,completed,67.26,3.02,9.37,60.91,6,Seattle
1545,250,36,2024-09-13,23:36:00,completed,56.40,7.13,4.59,58.94,5,Denver
1546,56,38,2025-05-08,22:41:00,refunded,0.00,0.00,0.00,0.00,0,Denver
1547,295,7,2023-05-01,22:15:00,completed,67.77,7.02,5.06,69.73,4,Chicago
1548,21,23,2024-10-24,22:28:00,cancelled,0.00,0.00,0.00,0.00,0,Austin
1549,294,34,2023-02-08,16:52:00,cancelled,0.00,0.00,0.00,0.00,0,San Francisco
1550,222,43,2025-07-18,10:13:00,completed,19.79,7.23,1.19,25.83,4,Atlanta
1551,15,47,2024-04-12,23:57:00,completed,78.56,4.22,11.68,71.10,2,Los Angeles
1552,142,29,2025-03-13,10:20:00,completed,91.33,3.82,9.52,85.63,2,Miami
1553,286,50,2025-06-03,18:41:00,completed,47.70,4.24,9.79,42.15,4,Los Angeles
1554,46,22,2023-12-27,19:34:00,completed,79.88,3.64,9.94,73.58,1,Austin
1555,47,41,2024-02-20,15:39:00,completed,31.78,4.41,3.18,33.01,6,Atlanta
1556,249,23,2023-12-12,22:28:00,cancelled,0.00,0.00,0.00,0.00,0,Austin
1557,82,11,2023-11-27,10:07:00,completed,40.98,5.03,7.71,38.30,3,Boston
1558,287,35,2023-07-02,16:39:00,completed,32.70,2.95,7.18,28.47,6,San Francisco
1559,208,17,2023-05-30,21:21:00,completed,47.36,7.11,1.24,53.23,6,Seattle
1560,151,40,2024-08-06,11:20:00,refunded,0.00,0.00,0.00,0.00,0,Denver
1561,227,3,2023-09-09,18:09:00,completed,38.26,4.97,10.00,33.23,2,New York
1562,126,15,2024-03-26,20:51:00,completed,18.92,3.72,0.25,22.39,5,Boston
1563,248,29,2024-02-29,18:35:00,refunded,0.00,0.00,0.00,0.00,0,Miami
1564,99,27,2023-07-10,23:33:00,completed,64.42,6.94,11.75,59.61,6,Miami
1565,134,46,2025-03-26,15:51:00,cancelled,0.00,0.00,0.00,0.00,0,Los Angeles
1566,221,24,2024-01-09,13:20:00,completed,23.70,5.97,3.86,25.81,6,Austin
1567,127,35,2024-08-15,12:06:00,refunded,0.00,0.00,0.00,0.00,0,San Francisco
1568,260,46,2024-05-02,18:20:00,completed,79.15,3.64,4.18,78.61,6,Los Angeles
1569,331,36,2025-04-20,13:29:00,completed,79.91,4.80,5.25,79.46,5,Denver
1570,224,5,2023-06-25,10:35:00,completed,66.12,6.98,5.72,67.38,6,New York
1571,76,5,2024-11-29,15:04:00,refunded,0.00,0.00,0.00,0.00,0,New York
1572,142,37,2023-09-16,21:01:00,completed,54.32,6.02,11.31,49.03,4,Denver
1573,111,43,2024-04-07,14:34:00,completed,40.54,3.66,9.58,34.62,5,Atlanta
1574,209,10,2025-02-23,18:43:00,completed,81.84,7.35,0.64,88.55,3,Chicago
1575,301,8,2025-03-04,11:39:00,completed,48.61,3.31,2.34,49.58,5,Chicago
1576,92,12,2023-01-31,20:59:00,completed,26.84,2.95,11.35,18.44,5,Boston
1577,199,27,2024-01-26,21:30:00,completed,43.40,2.98,4.26,42.12,6,Miami
1578,221,17,2024-05-26,11:11:00,completed,32.84,4.26,7.77,29.33,1,Seattle
1579,174,29,2025-02-08,11:33:00,completed,83.07,2.80,6.69,79.18,6,Miami
1580,192,7,2023-06-22,10:33:00,completed,42.19,4.03,9.60,36.62,5,Chicago
1581,289,24,2025-05-29,11:11:00,completed,63.94,3.41,2.62,64.73,3,Austin
1582,50,44,2025-07-23,12:38:00,completed,31.09,4.70,10.15,25.64,2,Atlanta
1583,260,10,2025-04-13,23:28:00,completed,20.87,5.19,11.50,14.56,1,Chicago
1584,160,19,2023-04-21,15:43:00,completed,56.37,7.00,5.97,57.40,5,Seattle
1585,80,40,2025-07-31,15:29:00,refunded,0.00,0.00,0.00,0.00,0,Denver
1586,281,25,2025-03-13,17:07:00,completed,22.84,3.73,1.70,24.87,4,Austin
1587,97,26,2023-02-12,15:03:00,cancelled,0.00,0.00,0.00,0.00,0,Miami
1588,246,43,2024-12-25,22:53:00,completed,80.74,2.95,7.86,75.83,5,Atlanta
1589,289,37,2024-12-20,18:33:00,completed,58.43,3.50,3.84,58.09,4,Denver
1590,102,19,2025-08-24,20:27:00,completed,45.90,4.95,5.89,44.96,3,Seattle
1591,288,31,2024-09-16,16:19:00,completed,76.19,3.94,8.21,71.92,1,San Francisco
1592,271,3,2023-07-12,11:19:00,cancelled,0.00,0.00,0.00,0.00,0,New York
1593,293,35,2023-06-27,20:20:00,completed,57.54,2.74,3.64,56.64,2,San Francisco
1594,181,35,2023-02-23,23:52:00,completed,50.10,5.04,10.19,44.95,5,San Francisco
1595,190,44,2024-12-16,10:58:00,completed,51.84,3.43,2.66,52.61,3,Atlanta
1596,38,46,2023-07-28,17:13:00,completed,63.36,2.73,4.58,61.51,6,Los Angeles
1597,60,19,2023-01-05,13:42:00,cancelled,0.00,0.00,0.00,0.00,0,Seattle
1598,170,12,2024-02-04,23:14:00,completed,80.00,2.72,1.70,81.02,2,Boston
1599,319,43,2023-09-22,16:43:00,completed,81.92,5.63,2.46,85.09,6,Atlanta
1600,140,27,2024-12-07,10:26:00,cancelled,0.00,0.00,0.00,0.00,0,Miami
1601,194,18,2025-05-12,13:52:00,completed,36.75,2.55,8.31,30.99,1,Seattle
1602,230,9,2024-11-09,21:14:00,completed,26.46,3.29,9.49,20.26,1,Chicago
1603,94,35,2023-12-02,12:47:00,completed,68.39,7.15,4.78,70.76,5,San Francisco
1604,147,19,2025-05-26,19:16:00,completed,26.84,6.61,10.61,22.84,1,Seattle
1605,285,32,2023-07-25,12:33:00,refunded,0.00,0.00,0.00,0.00,0,San Francisco
1606,241,31,2023-04-22,11:14:00,completed,46.72,2.92,8.32,41.32,1,San Francisco
1607,124,28,2024-09-22,15:28:00,completed,50.71,6.35,7.95,49.11,5,Miami
1608,97,50,2023-08-04,21:20:00,completed,19.05,3.26,10.31,12.00,3,Los Angeles
1609,90,23,2024-04-18,13:57:00,completed,46.96,3.27,3.50,46.73,1,Austin
1610,116,12,2024-10-04,13:21:00,completed,50.48,6.86,0.83,56.51,2,Boston
1611,309,34,2023-10-22,18:10:00,completed,89.35,2.78,8.22,83.91,4,San Francisco
1612,266,35,2023-01-18,19:46:00,completed,87.03,4.35,1.72,89.66,1,San Francisco
1613,120,1,2024-01-26,10:36:00,completed,46.68,5.33,10.28,41.73,6,New York
1614,19,37,2024-07-12,11:01:00,completed,85.40,7.19,7.74,84.85,3,Denver
1615,316,25,2024-04-05,21:15:00,completed,63.33,4.23,11.86,55.70,4,Austin
1616,246,10,2024-04-10,18:56:00,completed,28.69,5.69,2.09,32.29,4,Chicago
1617,132,11,2024-01-12,21:01:00,completed,40.19,2.71,4.92,37.98,5,Boston
1618,117,26,2023-05-09,23:40:00,completed,87.70,4.61,5.01,87.30,6,Miami
1619,232,29,2024-02-02,17:23:00,completed,67.24,3.17,6.36,64.05,2,Miami
1620,112,46,2023-07-15,19:12:00,refunded,0.00,0.00,0.00,0.00,0,Los Angeles
1621,338,40,2024-01-08,17:35:00,cancelled,0.00,0.00,0.00,0.00,0,Denver
1622,210,24,2024-10-21,14:13:00,completed,52.80,5.21,5.43,52.58,5,Austin
1623,212,4,2023-07-24,13:21:00,completed,29.60,4.42,6.21,27.81,2,New York
1624,227,2,2024-12-11,13:24:00,completed,30.75,7.42,8.17,30.00,2,New York
1625,329,26,2024-08-11,22:51:00,completed,48.44,4.84,10.42,42.86,2,Miami
1626,250,21,2024-09-17,22:39:00,completed,64.48,2.68,1.16,66.00,1,Austin
1627,44,2,2023-01-09,23:55:00,completed,81.09,4.07,10.82,74.34,2,New York
1628,78,14,2023-11-11,23:04:00,completed,85.28,5.42,9.94,80.76,4,Boston
1629,174,46,2023-06-29,14:19:00,completed,59.58,7.00,1.82,64.76,4,Los Angeles
1630,61,35,2025-07-21,19:26:00,completed,58.87,4.85,11.80,51.92,6,San Francisco
1631,128,8,2024-11-10,12:58:00,completed,73.92,3.18,4.57,72.53,4,Chicago
1632,245,11,2025-02-24,10:37:00,completed,78.53,7.15,7.02,78.66,2,Boston
1633,230,2,2024-05-18,20:36:00,completed,43.14,2.93,4.44,41.63,2,New York
1634,70,40,2023-11-04,20:25:00,cancelled,0.00,0.00,0.00,0.00,0,Denver
1635,57,43,2023-07-21,20:20:00,completed,76.67,6.43,4.26,78.84,4,Atlanta
1636,9,40,2025-07-01,19:26:00,refunded,0.00,0.00,0.00,0.00,0,Denver
1637,187,17,2023-07-16,18:17:00,refunded,0.00,0.00,0.00,0.00,0,Seattle
1638,13,32,2023-11-23,12:03:00,completed,69.84,3.82,11.95,61.71,3,San Francisco
1639,21,18,2025-02-06,22:42:00,completed,23.94,5.26,1.57,27.63,5,Seattle
1640,6,48,2024-08-10,10:19:00,completed,84.94,4.40,0.43,88.91,6,Los Angeles
1641,139,45,2024-01-20,15:23:00,cancelled,0.00,0.00,0.00,0.00,0,Atlanta
1642,218,27,2024-12-25,15:08:00,refunded,0.00,0.00,0.00,0.00,0,Miami
1643,134,36,2023-07-17,17:18:00,completed,85.59,7.09,1.02,91.66,6,Denver
1644,164,33,2025-07-06,11:01:00,cancelled,0.00,0.00,0.00,0.00,0,San Francisco
1645,55,16,2023-03-18,12:23:00,completed,60.32,3.68,1.05,62.95,1,Seattle
1646,5,47,2023-01-14,21:51:00,completed,85.26,2.85,6.99,81.12,4,Los Angeles
1647,324,22,2025-03-15,20:06:00,completed,22.16,3.19,11.02,14.33,1,Austin
1648,96,6,2025-01-05,11:00:00,completed,68.73,3.55,8.60,63.68,4,Chicago
1649,165,41,2024-06-26,13:30:00,cancelled,0.00,0.00,0.00,0.00,0,Atlanta
1650,254,39,2024-12-24,12:30:00,completed,68.04,6.83,0.74,74.13,2,Denver
1651,260,1,2023-03-23,12:12:00,completed,82.99,5.38,2.27,86.10,1,New York
1652,39,13,2023-07-11,23:20:00,completed,34.85,4.47,10.03,29.29,3,Boston
1653,308,27,2024-06-02,20:18:00,completed,36.57,4.22,2.89,37.90,1,Miami
1654,336,44,2023-09-15,14:48:00,completed,22.56,4.97,10.83,16.70,1,Atlanta
1655,318,49,2025-04-17,16:05:00,completed,84.50,4.73,11.73,77.50,6,Los Angeles
1656,46,21,2024-08-25,22:58:00,cancelled,0.00,0.00,0.00,0.00,0,Austin
1657,349,39,2024-11-25,11:36:00,completed,80.14,4.75,8.91,75.98,4,Denver
1658,190,32,2023-11-04,22:31:00,completed,91.93,3.45,7.05,88.33,1,San Francisco
1659,181,27,2024-04-21,17:20:00,refunded,0.00,0.00,0.00,0.00,0,Miami
1660,207,30,2025-06-08,17:28:00,completed,72.60,4.43,11.40,65.63,2,Miami
1661,163,25,2025-06-10,20:09:00,completed,19.03,6.46,7.94,17.55,2,Austin
1662,78,38,2025-08-26,12:13:00,completed,46.96,3.25,4.05,46.16,1,Denver
1663,255,26,2023-06-12,14:53:00,refunded,0.00,0.00,0.00,0.00,0,Miami
1664,282,18,2023-08-22,13:31:00,completed,54.94,4.68,10.22,49.40,4,Seattle
1665,341,4,2023-12-28,11:04:00,refunded,0.00,0.00,0.00,0.00,0,New York
1666,245,39,2023-10-24,12:15:00,completed,54.57,3.58,5.89,52.26,3,Denver
1667,324,11,2023-12-13,20:19:00,completed,49.75,3.11,1.55,51.31,3,Boston
1668,175,47,2024-01-18,22:44:00,cancelled,0.00,0.00,0.00,0.00,0,Los Angeles
1669,190,37,2024-04-29,11:01:00,completed,48.86,3.55,3.91,48.50,2,Denver
1670,161,41,2025-07-26,17:50:00,completed,43.22,6.47,8.38,41.31,2,Atlanta
1671,165,41,2024-08-09,13:45:00,completed,35.54,6.60,5.86,36.28,4,Atlanta
1672,10,21,2024-06-07,11:24:00,completed,64.15,2.91,5.89,61.17,5,Austin
1673,137,5,2024-04-05,16:49:00,completed,74.98,6.06,4.37,76.67,1,New York
1674,243,16,2023-08-17,20:00:00,completed,79.04,4.91,1.75,82.20,3,Seattle
1675,164,32,2023-11-18,19:56:00,completed,78.99,5.73,11.49,73.23,5,San Francisco
1676,310,8,2023-10-30,21:03:00,completed,32.43,6.49,3.39,35.53,4,Chicago
1677,217,45,2025-04-18,23:00:00,completed,33.11,3.98,0.35,36.74,6,Atlanta
1678,216,6,2024-01-13,17:49:00,cancelled,0.00,0.00,0.00,0.00,0,Chicago
1679,76,29,2024-10-02,16:35:00,completed,50.87,4.07,11.24,43.70,4,Miami
1680,142,13,2024-12-24,19:29:00,completed,61.40,4.11,0.20,65.31,1,Boston
1681,168,36,2024-05-03,15:09:00,completed,71.32,5.25,7.55,69.02,6,Denver
1682,166,26,2023-07-02,15:39:00,cancelled,0.00,0.00,0.00,0.00,0,Miami
1683,18,42,2023-10-17,15:36:00,completed,20.91,5.06,8.67,17.30,6,Atlanta
1684,68,32,2023-03-07,11:08:00,completed,56.69,7.20,2.82,61.07,3,San Francisco
1685,183,22,2023-03-25,16:21:00,completed,54.44,5.23,6.30,53.37,6,Austin
1686,203,45,2023-06-08,18:52:00,completed,33.34,3.30,9.15,27.49,3,Atlanta
1687,117,16,2023-02-27,20:43:00,completed,21.88,6.71,2.71,25.88,1,Seattle
1688,22,15,2025-02-15,13:09:00,refunded,0.00,0.00,0.00,0.00,0,Boston
1689,71,33,2023-11-24,15:24:00,completed,67.60,2.60,9.19,61.01,4,San Francisco
1690,13,43,2025-01-01,21:26:00,completed,20.97,5.45,2.51,23.91,5,Atlanta
1691,252,1,2023-12-24,21:05:00,completed,45.24,6.99,1.97,50.26,2,New York
1692,78,35,2023-01-08,20:47:00,completed,37.66,4.37,4.66,37.37,2,San Francisco
1693,312,17,2023-12-09,13:20:00,cancelled,0.00,0.00,0.00,0.00,0,Seattle
1694,202,8,2024-10-28,14:28:00,completed,62.65,5.76,6.14,62.27,4,Chicago
1695,105,12,2023-04-26,10:24:00,cancelled,0.00,0.00,0.00,0.00,0,Boston
1696,106,13,2025-02-16,19:47:00,completed,79.64,5.87,10.64,74.87,3,Boston
1697,185,30,2023-02-25,20:40:00,completed,83.88,6.72,2.60,88.00,1,Miami
1698,159,1,2023-08-10,23:11:00,cancelled,0.00,0.00,0.00,0.00,0,New York
1699,106,32,2025-08-27,21:24:00,completed,51.88,4.45,9.05,47.28,4,San Francisco
1700,246,36,2024-09-03,14:50:00,refunded,0.00,0.00,0.00,0.00,0,Denver
1701,128,5,2024-09-23,11:56:00,completed,20.31,2.75,0.13,22.93,3,New York
1702,1,20,2024-03-31,16:46:00,completed,29.80,2.77,2.58,29.99,2,Seattle
1703,217,48,2025-06-16,15:04:00,completed,66.37,3.99,0.42,69.94,1,Los Angeles
1704,155,10,2023-09-27,17:59:00,refunded,0.00,0.00,0.00,0.00,0,Chicago
1705,105,8,2025-07-30,20:47:00,refunded,0.00,0.00,0.00,0.00,0,Chicago
1706,16,31,2023-06-28,10:07:00,completed,35.38,6.85,6.96,35.27,5,San Francisco
1707,140,18,2023-01-24,21:36:00,completed,72.13,3.27,0.78,74.62,6,Seattle
1708,194,2,2023-02-08,17:27:00,cancelled,0.00,0.00,0.00,0.00,0,New York
1709,212,12,2023-01-14,19:57:00,completed,22.66,6.35,3.37,25.64,3,Boston
1710,246,13,2025-04-01,14:01:00,completed,89.28,3.44,8.28,84.44,1,Boston
1711,333,3,2025-06-13,19:53:00,cancelled,0.00,0.00,0.00,0.00,0,New York
1712,287,45,2024-05-15,22:14:00,completed,72.95,3.93,1.06,75.82,3,Atlanta
1713,234,31,2024-07-11,12:23:00,completed,45.47,5.26,1.75,48.98,6,San Francisco
1714,328,23,2024-02-21,12:37:00,completed,52.59,4.24,3.51,53.32,6,Austin
1715,254,44,2024-07-09,16:23:00,refunded,0.00,0.00,0.00,0.00,0,Atlanta
1716,45,39,2023-09-17,12:21:00,refunded,0.00,0.00,0.00,0.00,0,Denver
1717,331,30,2024-04-06,22:34:00,cancelled,0.00,0.00,0.00,0.00,0,Miami
1718,85,3,2023-12-18,18:58:00,cancelled,0.00,0.00,0.00,0.00,0,New York
1719,321,10,2024-09-05,15:34:00,completed,73.11,6.76,6.88,72.99,2,Chicago
1720,203,6,2025-04-23,16:56:00,completed,55.10,2.71,1.25,56.56,1,Chicago
1721,131,36,2024-11-11,12:47:00,completed,70.52,4.17,1.40,73.29,6,Denver
1722,192,36,2025-08-17,16:33:00,completed,47.07,5.39,9.00,43.46,6,Denver
1723,55,15,2024-10-17,20:29:00,completed,69.35,6.27,8.59,67.03,5,Boston
1724,56,32,2023-05-28,11:44:00,refunded,0.00,0.00,0.00,0.00,0,San Francisco
1725,124,49,2024-02-20,14:52:00,completed,65.23,7.26,2.29,70.20,1,Los Angeles
1726,16,19,2023-05-04,13:11:00,cancelled,0.00,0.00,0.00,0.00,0,Seattle
1727,349,5,2023-03-10,14:28:00,refunded,0.00,0.00,0.00,0.00,0,New York
1728,217,23,2024-11-08,16:00:00,completed,40.22,4.44,2.50,42.16,4,Austin
1729,318,38,2025-07-30,17:40:00,completed,21.10,4.96,0.38,25.68,3,Denver
1730,180,2,2023-09-19,21:30:00,cancelled,0.00,0.00,0.00,0.00,0,New York
1731,197,49,2024-07-05,22:06:00,completed,61.45,6.90,11.39,56.96,6,Los Angeles
1732,252,2,2024-01-25,10:31:00,completed,24.43,3.76,1.10,27.09,2,New York
1733,324,7,2024-04-10,16:47:00,completed,62.67,4.85,3.87,63.65,5,Chicago
1734,232,14,2024-09-20,16:06:00,completed,27.50,6.81,9.37,24.94,5,Boston
1735,228,5,2024-05-29,12:29:00,completed,59.81,6.51,6.43,59.89,6,New York
1736,25,17,2024-08-22,11:44:00,completed,30.87,4.76,10.24,25.39,1,Seattle
1737,149,39,2023-12-06,16:07:00,completed,89.67,2.88,5.79,86.76,2,Denver
1738,3,25,2025-03-05,21:51:00,completed,31.07,4.38,3.63,31.82,2,Austin
1739,175,44,2024-08-20,23:31:00,completed,50.91,6.00,10.94,45.97,1,Atlanta
1740,85,9,2023-05-16,21:38:00,completed,50.42,4.33,8.39,46.36,1,Chicago
1741,269,45,2024-01-13,20:34:00,completed,53.05,3.89,6.69,50.25,4,Atlanta
1742,35,5,2023-03-31,14:56:00,refunded,0.00,0.00,0.00,0.00,0,New York
1743,184,31,2024-02-15,18:58:00,completed,86.66,3.19,0.29,89.56,1,San Francisco
1744,293,12,2024-11-11,13:28:00,completed,58.40,5.29,5.73,57.96,6,Boston
1745,95,38,2024-02-28,11:35:00,completed,32.98,4.00,8.96,28.02,4,Denver
1746,6,24,2023-03-03,18:50:00,completed,56.82,3.83,6.37,54.28,3,Austin
1747,71,21,2025-07-31,13:55:00,completed,33.80,5.82,5.74,33.88,2,Austin
1748,51,12,2024-02-02,18:40:00,completed,81.54,2.85,8.00,76.39,5,Boston
1749,75,49,2023-03-11,17:32:00,refunded,0.00,0.00,0.00,0.00,0,Los Angeles
1750,38,37,2023-06-18,13:40:00,completed,80.14,4.31,2.70,81.75,3,Denver
1751,209,4,2025-02-09,16:02:00,cancelled,0.00,0.00,0.00,0.00,0,New York
1752,203,2,2023-07-17,20:46:00,refunded,0.00,0.00,0.00,0.00,0,New York
1753,201,29,2024-09-12,23:55:00,completed,85.16,4.90,11.39,78.67,5,Miami
1754,209,42,2025-06-11,22:40:00,completed,62.32,3.94,9.28,56.98,4,Atlanta
1755,308,2,2024-03-03,11:35:00,completed,83.98,3.23,7.70,79.51,3,New York
1756,143,26,2023-10-15,17:41:00,cancelled,0.00,0.00,0.00,0.00,0,Miami
1757,175,20,2025-05-06,18:38:00,completed,40.80,7.24,6.14,41.90,4,Seattle
1758,302,45,2024-07-27,20:38:00,completed,76.15,3.19,4.04,75.30,6,Atlanta
1759,251,22,2024-06-29,18:39:00,completed,36.62,3.84,3.26,37.20,3,Austin
1760,305,33,2023-08-22,15:59:00,cancelled,0.00,0.00,0.00,0.00,0,San Francisco
1761,123,37,2023-07-15,15:19:00,completed,42.79,5.88,3.34,45.33,5,Denver
1762,218,43,2024-11-05,13:49:00,completed,76.23,6.51,8.26,74.48,2,Atlanta
1763,186,46,2024-07-09,18:20:00,completed,52.24,5.10,1.41,55.93,6,Los Angeles
1764,150,41,2023-09-10,13:38:00,completed,79.45,3.42,7.77,75.10,4,Atlanta
1765,192,16,2024-02-06,17:45:00,completed,60.05,5.19,1.76,63.48,5,Seattle
1766,37,17,2023-05-08,16:52:00,completed,47.09,2.83,9.74,40.18,3,Seattle
1767,254,30,2025-08-15,18:37:00,cancelled,0.00,0.00,0.00,0.00,0,Miami
1768,262,37,2024-03-06,13:17:00,completed,49.65,7.41,7.14,49.92,4,Denver
1769,224,25,2023-11-17,11:08:00,completed,44.74,6.51,0.65,50.60,1,Austin
1770,143,7,2024-07-15,18:17:00,completed,25.10,6.22,5.08,26.24,1,Chicago
1771,339,37,2023-03-03,10:07:00,completed,64.20,3.89,5.16,62.93,2,Denver
1772,113,40,2024-09-10,19:48:00,completed,58.89,6.70,1.82,63.77,5,Denver
1773,300,21,2025-02-19,13:10:00,cancelled,0.00,0.00,0.00,0.00,0,Austin
1774,197,14,2024-07-08,19:01:00,refunded,0.00,0.00,0.00,0.00,0,Boston
1775,47,37,2025-01-28,19:17:00,cancelled,0.00,0.00,0.00,0.00,0,Denver
1776,64,7,2023-09-10,23:26:00,completed,52.00,3.33,2.08,53.25,2,Chicago
1777,144,7,2023-01-04,13:42:00,completed,60.89,5.50,4.64,61.75,2,Chicago
1778,119,7,2025-05-17,11:26:00,completed,50.75,6.20,4.61,52.34,5,Chicago
1779,195,2,2024-07-08,22:17:00,completed,67.83,4.68,10.50,62.01,3,New York
1780,165,2,2024-05-26,18:39:00,completed,50.72,3.53,1.73,52.52,1,New York
1781,308,45,2024-11-30,16:10:00,completed,33.33,4.07,4.86,32.54,2,Atlanta
1782,149,15,2024-01-24,19:56:00,completed,19.80,7.18,2.93,24.05,6,Boston
1783,34,29,2024-12-31,22:01:00,completed,43.54,4.40,5.89,42.05,6,Miami
1784,229,28,2023-04-02,16:16:00,completed,37.92,7.06,3.12,41.86,2,Miami
1785,87,15,2025-05-24,19:41:00,completed,57.29,3.48,0.44,60.33,4,Boston
1786,187,4,2025-02-17,13:05:00,completed,29.75,5.58,6.63,28.70,3,New York
1787,41,34,2025-08-12,14:28:00,completed,28.48,4.68,10.45,22.71,2,San Francisco
1788,118,27,2023-11-16,12:33:00,completed,82.51,5.60,6.87,81.24,6,Miami
1789,91,19,2024-07-15,17:27:00,cancelled,0.00,0.00,0.00,0.00,0,Seattle
1790,121,2,2025-04-07,13:38:00,completed,22.99,3.01,9.81,16.19,2,New York
1791,274,8,2025-03-08,17:35:00,completed,71.52,3.26,11.19,63.59,2,Chicago
1792,5,21,2025-05-25,12:49:00,completed,78.18,5.00,10.74,72.44,4,Austin
1793,70,11,2023-02-19,17:09:00,cancelled,0.00,0.00,0.00,0.00,0,Boston
1794,124,39,2025-05-04,15:36:00,completed,52.22,4.77,8.52,48.47,6,Denver
1795,128,11,2024-10-17,19:48:00,completed,90.73,3.18,3.45,90.46,5,Boston
1796,251,44,2025-02-11,16:35:00,completed,47.89,5.13,11.55,41.47,5,Atlanta
1797,182,39,2024-08-14,21:53:00,completed,73.62,5.12,4.89,73.85,5,Denver
1798,256,9,2025-04-04,10:13:00,completed,91.61,6.71,1.39,96.93,4,Chicago
1799,196,25,2023-11-03,15:01:00,completed,32.70,2.58,5.23,30.05,6,Austin
1800,76,29,2025-06-04,19:50:00,completed,28.35,6.47,4.76,30.06,2,Miami
1801,9,15,2025-07-14,17:16:00,completed,52.51,4.83,10.59,46.75,4,Boston
1802,67,27,2023-02-22,13:09:00,cancelled,0.00,0.00,0.00,0.00,0,Miami
1803,52,19,2024-01-19,10:22:00,completed,46.61,5.77,5.20,47.18,5,Seattle
1804,151,23,2025-04-20,18:35:00,completed,87.11,6.84,5.75,88.20,3,Austin
1805,170,13,2023-11-14,18:10:00,completed,25.50,6.22,6.74,24.98,1,Boston
1806,13,33,2023-08-12,20:33:00,completed,51.18,4.17,7.36,47.99,3,San Francisco
1807,319,21,2023-10-19,15:03:00,cancelled,0.00,0.00,0.00,0.00,0,Austin
1808,300,8,2025-06-23,17:48:00,completed,74.51,2.68,9.35,67.84,6,Chicago
1809,290,33,2023-03-10,12:59:00,cancelled,0.00,0.00,0.00,0.00,0,San Francisco
1810,170,43,2025-01-01,17:46:00,completed,37.77,3.21,10.98,30.00,1,Atlanta
1811,316,25,2023-10-10,16:14:00,completed,40.42,7.27,2.33,45.36,5,Austin
1812,100,27,2025-03-29,23:56:00,completed,58.48,3.78,10.99,51.27,1,Miami
1813,34,11,2025-05-29,10:16:00,completed,76.24,3.60,10.98,68.86,2,Boston
1814,345,32,2023-04-27,11:42:00,completed,84.56,5.58,11.75,78.39,4,San Francisco
1815,133,37,2024-07-25,18:56:00,cancelled,0.00,0.00,0.00,0.00,0,Denver
1816,170,41,2024-11-11,15:33:00,completed,68.46,6.08,6.24,68.30,3,Atlanta
1817,305,50,2025-07-07,13:14:00,cancelled,0.00,0.00,0.00,0.00,0,Los Angeles
1818,223,31,2023-10-06,15:32:00,completed,89.98,7.46,0.62,96.82,5,San Francisco
1819,154,17,2023-04-20,23:09:00,completed,80.49,3.59,11.47,72.61,4,Seattle
1820,79,7,2024-12-15,18:32:00,completed,72.95,4.60,3.97,73.58,1,Chicago
1821,125,11,2024-09-30,17:59:00,completed,75.35,7.13,0.68,81.80,4,Boston
1822,222,10,2024-02-29,17:01:00,completed,45.41,4.04,5.84,43.61,4,Chicago
1823,203,38,2023-08-08,16:27:00,cancelled,0.00,0.00,0.00,0.00,0,Denver
1824,147,16,2024-09-17,22:10:00,completed,62.25,5.47,10.24,57.48,1,Seattle
1825,43,6,2025-03-26,21:00:00,completed,49.71,6.98,11.21,45.48,6,Chicago
1826,332,10,2023-02-22,10:30:00,completed,27.88,7.42,4.40,30.90,6,Chicago
1827,183,43,2024-08-08,11:02:00,completed,40.92,3.00,11.96,31.96,1,Atlanta
1828,21,40,2023-01-01,23:59:00,completed,30.58,4.45,11.92,23.11,1,Denver
1829,137,38,2023-10-26,19:53:00,completed,79.55,3.92,0.78,82.69,5,Denver
1830,134,11,2024-10-20,22:44:00,completed,54.73,3.62,3.40,54.95,4,Boston
1831,174,43,2023-06-16,21:30:00,cancelled,0.00,0.00,0.00,0.00,0,Atlanta
1832,184,33,2023-11-10,14:41:00,completed,47.68,6.53,2.82,51.39,3,San Francisco
1833,342,21,2023-08-04,13:29:00,completed,29.49,2.90,7.05,25.34,1,Austin
1834,76,7,2024-04-04,12:09:00,completed,38.90,4.16,3.84,39.22,2,Chicago
1835,247,28,2024-02-24,11:59:00,completed,87.75,5.26,7.05,85.96,6,Miami
1836,108,31,2024-11-02,10:23:00,completed,32.17,2.83,0.38,34.62,3,San Francisco
1837,200,12,2025-04-12,17:29:00,completed,47.41,6.05,3.88,49.58,2,Boston
1838,168,48,2024-12-25,16:42:00,completed,85.75,5.33,8.40,82.68,1,Los Angeles
1839,85,17,2024-03-01,11:31:00,cancelled,0.00,0.00,0.00,0.00,0,Seattle
1840,172,10,2023-02-13,12:15:00,completed,54.66,3.89,2.43,56.12,2,Chicago
1841,214,3,2025-02-28,10:40:00,completed,43.38,5.57,4.05,44.90,1,New York
1842,248,50,2025-04-24,18:12:00,completed,42.61,5.79,8.84,39.56,5,Los Angeles
1843,141,34,2024-02-05,18:37:00,completed,63.30,4.67,11.40,56.57,1,San Francisco
1844,233,47,2024-08-28,18:18:00,completed,73.93,2.72,3.99,72.66,4,Los Angeles
1845,302,41,2025-03-21,11:30:00,cancelled,0.00,0.00,0.00,0.00,0,Atlanta
1846,214,30,2025-07-25,19:36:00,completed,41.32,5.45,5.39,41.38,3,Miami
1847,334,3,2025-04-16,13:42:00,cancelled,0.00,0.00,0.00,0.00,0,New York
1848,131,26,2023-09-29,10:33:00,completed,34.41,6.61,2.87,38.15,1,Miami
1849,221,4,2023-03-19,22:51:00,completed,78.27,5.23,5.00,78.50,5,New York
1850,328,20,2025-02-26,19:42:00,completed,91.18,3.57,7.94,86.81,3,Seattle
1851,60,16,2025-08-05,16:35:00,completed,31.12,5.78,0.17,36.73,4,Seattle
1852,41,22,2024-10-24,13:30:00,completed,27.61,6.25,3.10,30.76,6,Austin
1853,150,43,2023-09-21,16:10:00,cancelled,0.00,0.00,0.00,0.00,0,Atlanta
1854,105,47,2023-06-17,15:06:00,completed,39.37,7.49,8.30,38.56,6,Los Angeles
1855,36,5,2023-06-09,23:07:00,cancelled,0.00,0.00,0.00,0.00,0,New York
1856,2,16,2023-03-09,22:49:00,completed,87.88,7.33,1.36,93.85,4,Seattle
1857,173,8,2024-05-27,22:53:00,completed,52.43,3.11,8.02,47.52,3,Chicago
1858,43,23,2025-03-18,11:22:00,completed,77.69,5.23,3.00,79.92,1,Austin
1859,318,50,2023-03-30,11:10:00,completed,29.87,6.58,6.42,30.03,4,Los Angeles
1860,324,23,2023-01-31,15:54:00,completed,74.00,3.02,6.15,70.87,4,Austin
1861,109,11,2023-07-14,19:40:00,completed,61.39,5.99,11.71,55.67,6,Boston
1862,117,43,2025-08-14,22:31:00,completed,51.88,4.11,4.43,51.56,1,Atlanta
1863,19,29,2023-07-12,10:36:00,completed,91.09,7.17,7.78,90.48,4,Miami
1864,4,21,2025-06-01,17:05:00,completed,25.10,5.10,9.19,21.01,5,Austin
1865,70,31,2024-05-21,18:35:00,completed,43.21,5.62,0.39,48.44,6,San Francisco
1866,163,16,2023-11-16,18:52:00,completed,20.88,3.03,11.27,12.64,6,Seattle
1867,71,45,2023-09-22,23:24:00,refunded,0.00,0.00,0.00,0.00,0,Atlanta
1868,144,22,2025-05-20,16:04:00,refunded,0.00,0.00,0.00,0.00,0,Austin
1869,187,5,2024-05-25,14:47:00,completed,19.68,7.41,3.93,23.16,6,New York
1870,48,9,2025-08-11,18:38:00,completed,25.41,3.07,11.70,16.78,3,Chicago
1871,163,8,2023-07-07,19:13:00,completed,23.83,2.75,3.74,22.84,5,Chicago
1872,278,6,2025-04-11,21:35:00,refunded,0.00,0.00,0.00,0.00,0,Chicago
1873,280,20,2025-07-17,18:42:00,completed,84.25,6.26,0.49,90.02,4,Seattle
1874,48,43,2023-12-08,14:47:00,completed,23.09,7.24,7.06,23.27,1,Atlanta
1875,245,3,2024-04-25,22:23:00,completed,25.91,3.29,11.28,17.92,2,New York
1876,42,22,2023-06-22,12:41:00,cancelled,0.00,0.00,0.00,0.00,0,Austin
1877,54,41,2025-04-11,10:30:00,completed,70.40,3.35,11.49,62.26,6,Atlanta
1878,261,16,2024-02-22,10:43:00,completed,38.23,6.47,9.32,35.38,2,Seattle
1879,253,36,2023-09-01,10:27:00,completed,67.35,3.46,6.33,64.48,3,Denver
1880,70,26,2024-08-27,16:58:00,completed,37.93,5.58,10.67,32.84,6,Miami
1881,216,17,2024-10-25,19:31:00,completed,26.48,5.45,8.96,22.97,6,Seattle
1882,66,37,2023-07-08,23:41:00,completed,89.57,3.74,8.53,84.78,2,Denver
1883,128,48,2023-02-17,21:04:00,completed,27.84,3.59,11.51,19.92,5,Los Angeles
1884,2,42,2023-08-04,21:07:00,cancelled,0.00,0.00,0.00,0.00,0,Atlanta
1885,8,27,2023-04-20,15:13:00,completed,28.88,5.74,1.48,33.14,3,Miami
1886,167,27,2024-01-23,20:33:00,completed,50.81,3.51,7.62,46.70,2,Miami
1887,200,23,2023-07-12,23:42:00,cancelled,0.00,0.00,0.00,0.00,0,Austin
1888,340,16,2024-05-16,17:17:00,completed,36.66,4.67,1.90,39.43,1,Seattle
1889,235,34,2023-10-24,13:26:00,completed,39.25,3.92,2.12,41.05,1,San Francisco
1890,243,49,2024-06-26,11:37:00,completed,40.44,3.62,2.41,41.65,3,Los Angeles
1891,245,25,2023-10-04,12:30:00,completed,84.96,2.59,2.81,84.74,4,Austin
1892,197,15,2025-08-29,18:32:00,completed,28.71,3.84,4.45,28.10,3,Boston
1893,51,18,2025-06-01,20:33:00,completed,73.23,2.60,6.81,69.02,1,Seattle
1894,124,19,2023-09-16,22:15:00,completed,67.47,5.28,7.36,65.39,5,Seattle
1895,94,41,2024-05-23,18:00:00,completed,19.45,6.34,9.24,16.55,4,Atlanta
1896,291,22,2023-01-02,17:12:00,completed,72.21,6.10,5.10,73.21,6,Austin
1897,140,38,2023-07-24,20:25:00,completed,89.09,5.33,4.28,90.14,4,Denver
1898,242,40,2023-07-20,13:20:00,completed,42.87,4.86,2.89,44.84,3,Denver
1899,253,15,2024-03-17,18:01:00,completed,25.64,6.98,2.78,29.84,1,Boston
1900,105,30,2024-02-27,18:47:00,completed,68.39,7.38,5.30,70.47,2,Miami
1901,114,48,2023-08-08,13:23:00,completed,36.98,7.09,4.91,39.16,3,Los Angeles
1902,330,38,2025-06-30,17:57:00,completed,43.22,3.68,1.43,45.47,3,Denver
1903,307,35,2025-02-03,20:48:00,completed,53.22,3.89,2.00,55.11,6,San Francisco
1904,4,32,2025-04-16,13:50:00,completed,42.48,2.94,6.99,38.43,5,San Francisco
1905,143,1,2024-03-13,21:22:00,refunded,0.00,0.00,0.00,0.00,0,New York
1906,232,36,2024-12-13,12:01:00,completed,90.57,5.36,8.01,87.92,2,Denver
1907,89,11,2023-08-28,21:02:00,completed,32.49,3.55,1.59,34.45,4,Boston
1908,32,43,2024-04-05,13:39:00,completed,26.72,7.06,2.45,31.33,6,Atlanta
1909,154,44,2024-03-18,12:44:00,completed,84.69,4.87,0.09,89.47,3,Atlanta
1910,18,35,2023-06-29,20:53:00,cancelled,0.00,0.00,0.00,0.00,0,San Francisco
1911,56,6,2025-02-21,12:13:00,completed,48.71,4.67,8.40,44.98,2,Chicago
1912,137,46,2024-06-16,21:35:00,cancelled,0.00,0.00,0.00,0.00,0,Los Angeles
1913,272,38,2025-07-09,19:21:00,cancelled,0.00,0.00,0.00,0.00,0,Denver
1914,81,39,2024-06-29,20:36:00,completed,51.23,3.36,10.04,44.55,4,Denver
1915,143,21,2023-09-24,19:13:00,refunded,0.00,0.00,0.00,0.00,0,Austin
1916,11,13,2024-02-20,14:24:00,completed,52.40,2.96,6.98,48.38,6,Boston
1917,65,4,2023-08-24,21:44:00,completed,81.43,5.30,4.74,81.99,6,New York
1918,298,46,2025-01-25,23:08:00,completed,31.30,6.88,9.59,28.59,2,Los Angeles
1919,26,33,2025-05-28,19:34:00,cancelled,0.00,0.00,0.00,0.00,0,San Francisco
1920,124,35,2024-07-19,11:21:00,completed,24.92,3.81,6.59,22.14,2,San Francisco
1921,23,28,2024-05-17,23:53:00,completed,77.41,3.60,7.63,73.38,5,Miami
1922,76,40,2024-03-28,11:27:00,completed,58.46,6.19,3.86,60.79,2,Denver
1923,349,18,2025-05-17,15:01:00,completed,18.85,2.64,7.98,13.51,1,Seattle
1924,16,6,2023-11-27,12:48:00,completed,65.14,2.91,8.26,59.79,4,Chicago
1925,51,29,2025-03-13,18:41:00,completed,76.27,6.24,7.26,75.25,6,Miami
1926,77,23,2023-11-17,16:43:00,completed,85.66,5.73,9.03,82.36,3,Austin
1927,82,6,2024-07-12,23:09:00,completed,60.65,4.88,5.89,59.64,1,Chicago
1928,78,12,2025-04-24,22:18:00,completed,76.33,4.07,5.63,74.77,5,Boston
1929,223,30,2023-01-27,10:38:00,completed,66.99,6.93,4.53,69.39,6,Miami
1930,175,6,2024-01-06,21:33:00,completed,29.10,4.39,1.48,32.01,4,Chicago
1931,77,18,2024-06-07,13:20:00,completed,21.63,4.05,2.04,23.64,5,Seattle
1932,193,47,2023-02-12,18:45:00,completed,52.76,4.53,2.88,54.41,5,Los Angeles
1933,315,36,2024-04-16,19:22:00,completed,19.26,5.62,7.63,17.25,5,Denver
1934,95,9,2023-03-08,10:17:00,cancelled,0.00,0.00,0.00,0.00,0,Chicago
1935,63,26,2023-09-16,23:33:00,completed,59.13,5.15,0.06,64.22,6,Miami
1936,133,42,2023-07-01,18:30:00,completed,86.89,5.08,4.54,87.43,2,Atlanta
1937,271,42,2023-03-07,16:17:00,completed,67.80,3.21,4.80,66.21,6,Atlanta
1938,152,47,2023-06-24,18:36:00,completed,67.36,4.04,3.57,67.83,1,Los Angeles
1939,125,27,2025-02-13,21:08:00,completed,71.67,5.14,2.57,74.24,3,Miami
1940,129,6,2024-04-18,23:02:00,cancelled,0.00,0.00,0.00,0.00,0,Chicago
1941,150,41,2024-02-04,12:22:00,refunded,0.00,0.00,0.00,0.00,0,Atlanta
1942,192,49,2023-10-25,23:55:00,completed,47.84,3.65,8.11,43.38,3,Los Angeles
1943,279,44,2023-07-11,14:12:00,refunded,0.00,0.00,0.00,0.00,0,Atlanta
1944,12,43,2023-03-28,17:24:00,completed,76.61,6.82,6.16,77.27,5,Atlanta
1945,259,2,2025-03-01,13:46:00,completed,35.87,5.99,6.22,35.64,3,New York
1946,170,47,2023-05-18,17:39:00,cancelled,0.00,0.00,0.00,0.00,0,Los Angeles
1947,32,44,2024-12-05,15:02:00,completed,65.29,7.47,3.50,69.26,2,Atlanta
1948,111,14,2025-02-22,23:22:00,completed,56.94,5.44,10.60,51.78,1,Boston
1949,203,47,2023-08-16,22:09:00,cancelled,0.00,0.00,0.00,0.00,0,Los Angeles
1950,47,7,2024-12-29,19:29:00,completed,71.37,6.44,6.53,71.28,5,Chicago
1951,102,16,2024-08-30,11:40:00,completed,54.45,3.17,7.73,49.89,2,Seattle
1952,21,27,2025-05-25,10:46:00,completed,24.21,6.25,9.14,21.32,4,Miami
1953,168,25,2023-04-08,17:32:00,cancelled,0.00,0.00,0.00,0.00,0,Austin
1954,283,47,2025-06-03,18:57:00,completed,85.45,3.54,0.32,88.67,1,Los Angeles
1955,301,7,2023-12-09,22:26:00,completed,27.47,5.49,11.09,21.87,2,Chicago
1956,194,22,2024-04-28,20:44:00,completed,71.97,6.62,7.15,71.44,6,Austin
1957,213,1,2025-06-22,19:43:00,completed,45.22,6.46,1.61,50.07,1,New York
1958,40,20,2024-09-10,11:51:00,completed,56.92,6.36,3.44,59.84,5,Seattle
1959,150,15,2023-08-25,16:33:00,completed,80.02,5.43,9.08,76.37,4,Boston
1960,100,11,2025-04-14,21:10:00,refunded,0.00,0.00,0.00,0.00,0,Boston
1961,311,39,2024-06-01,12:04:00,completed,38.35,4.19,0.92,41.62,3,Denver
1962,19,45,2025-02-02,23:46:00,completed,56.46,4.54,8.97,52.03,3,Atlanta
1963,323,2,2025-03-07,22:21:00,completed,87.23,4.64,11.60,80.27,6,New York
1964,24,34,2024-12-11,11:07:00,completed,49.56,6.73,11.27,45.02,2,San Francisco
1965,29,34,2025-06-25,13:23:00,completed,83.46,2.94,10.45,75.95,1,San Francisco
1966,198,10,2024-12-02,17:04:00,completed,73.14,3.00,2.11,74.03,2,Chicago
1967,131,22,2023-12-31,10:52:00,completed,58.72,4.68,1.31,62.09,6,Austin
1968,249,28,2025-02-20,18:41:00,cancelled,0.00,0.00,0.00,0.00,0,Miami
1969,319,14,2024-06-21,23:16:00,completed,89.27,3.08,3.65,88.70,5,Boston
1970,3,34,2024-04-03,22:12:00,completed,35.57,6.81,10.95,31.43,6,San Francisco
1971,271,9,2024-02-22,10:13:00,completed,45.70,6.12,0.64,51.18,6,Chicago
1972,190,29,2024-12-08,21:01:00,completed,21.51,4.34,6.77,19.08,6,Miami
1973,34,19,2023-10-20,19:11:00,refunded,0.00,0.00,0.00,0.00,0,Seattle
1974,232,17,2024-08-19,22:10:00,completed,62.24,5.36,11.31,56.29,4,Seattle
1975,320,37,2025-04-07,16:55:00,completed,39.93,5.26,7.26,37.93,5,Denver
1976,347,44,2025-02-18,23:29:00,completed,56.64,3.23,9.40,50.47,5,Atlanta
1977,197,41,2024-08-05,13:09:00,completed,25.62,2.61,6.01,22.22,3,Atlanta
1978,292,40,2025-03-22,23:12:00,refunded,0.00,0.00,0.00,0.00,0,Denver
1979,98,7,2023-07-09,23:49:00,cancelled,0.00,0.00,0.00,0.00,0,Chicago
1980,115,19,2025-03-10,12:49:00,refunded,0.00,0.00,0.00,0.00,0,Seattle
1981,207,37,2024-07-27,10:26:00,completed,19.70,5.29,1.86,23.13,6,Denver
1982,61,30,2025-02-21,16:57:00,completed,50.71,6.25,3.71,53.25,6,Miami
1983,117,34,2024-09-13,13:20:00,completed,62.58,4.31,2.93,63.96,5,San Francisco
1984,71,43,2025-07-07,18:48:00,completed,78.59,3.92,0.04,82.47,3,Atlanta
1985,209,43,2023-05-01,12:57:00,completed,63.14,4.21,6.59,60.76,2,Atlanta
1986,208,38,2025-02-20,15:34:00,completed,50.13,3.83,9.40,44.56,4,Denver
1987,294,25,2023-12-19,16:40:00,completed,79.36,2.57,5.78,76.15,4,Austin
1988,51,44,2025-04-30,20:56:00,completed,32.08,5.14,6.86,30.36,1,Atlanta
1989,129,13,2025-03-06,14:25:00,completed,35.80,6.48,3.73,38.55,5,Boston
1990,140,41,2025-07-09,10:54:00,completed,88.98,4.89,2.68,91.19,1,Atlanta
1991,342,33,2024-03-20,19:25:00,cancelled,0.00,0.00,0.00,0.00,0,San Francisco
1992,200,5,2023-02-26,11:53:00,refunded,0.00,0.00,0.00,0.00,0,New York
1993,199,33,2023-07-26,11:05:00,completed,78.26,4.17,11.63,70.80,1,San Francisco
1994,25,5,2024-01-20,18:03:00,completed,38.66,3.97,7.28,35.35,6,New York
1995,165,4,2024-04-09,16:49:00,completed,64.59,3.48,6.99,61.08,4,New York
1996,329,27,2024-10-04,12:03:00,completed,34.32,3.90,0.20,38.02,4,Miami
1997,226,29,2024-09-05,14:25:00,completed,70.86,4.75,1.68,73.93,4,Miami
1998,211,43,2023-05-14,19:08:00,completed,59.10,2.96,10.47,51.59,6,Atlanta
1999,321,31,2025-08-02,16:59:00,completed,29.91,6.00,7.22,28.69,3,San Francisco
2000,12,26,2025-08-17,18:43:00,completed,22.97,3.48,2.43,24.02,2,Miami
2001,46,9,2025-08-11,15:22:00,completed,30.67,4.22,11.53,23.36,1,Chicago
2002,240,35,2025-08-07,11:29:00,completed,80.87,7.00,1.97,85.90,1,San Francisco
2003,41,39,2023-06-17,10:24:00,completed,73.52,3.69,6.16,71.05,6,Denver
2004,163,9,2024-04-23,17:34:00,completed,43.53,3.11,2.62,44.02,1,Chicago
2005,342,35,2023-10-31,14:16:00,completed,71.72,3.34,6.95,68.11,1,San Francisco
2006,73,26,2023-10-29,18:02:00,refunded,0.00,0.00,0.00,0.00,0,Miami
2007,49,28,2023-10-10,14:03:00,completed,33.16,3.75,1.22,35.69,4,Miami
2008,274,7,2025-08-07,12:57:00,completed,76.53,5.84,2.04,80.33,2,Chicago
2009,39,1,2025-05-03,12:40:00,completed,54.38,6.60,6.43,54.55,2,New York
2010,53,41,2023-07-18,14:33:00,refunded,0.00,0.00,0.00,0.00,0,Atlanta
2011,215,11,2024-08-09,18:21:00,completed,54.36,6.16,7.28,53.24,2,Boston
2012,219,15,2025-06-14,23:34:00,completed,26.51,5.08,6.52,25.07,3,Boston
2013,210,2,2023-12-13,13:36:00,completed,89.02,2.61,9.43,82.20,5,New York
2014,279,47,2024-10-13,16:25:00,completed,91.59,4.77,8.40,87.96,4,Los Angeles
2015,255,16,2025-07-10,16:33:00,completed,28.84,6.46,4.38,30.92,1,Seattle
2016,193,35,2023-05-28,11:42:00,cancelled,0.00,0.00,0.00,0.00,0,San Francisco
2017,93,15,2024-10-06,15:20:00,completed,24.38,4.47,10.48,18.37,3,Boston
2018,8,50,2023-12-10,18:28:00,refunded,0.00,0.00,0.00,0.00,0,Los Angeles
2019,136,26,2024-08-06,12:46:00,completed,66.20,7.19,0.87,72.52,5,Miami
2020,72,21,2024-08-04,16:29:00,completed,88.66,5.29,6.41,87.54,6,Austin
2021,138,16,2024-03-16,19:38:00,completed,75.97,6.84,11.44,71.37,2,Seattle
2022,20,22,2025-03-28,10:38:00,completed,35.01,6.71,5.20,36.52,6,Austin
2023,307,46,2024-12-09,14:32:00,refunded,0.00,0.00,0.00,0.00,0,Los Angeles
2024,332,9,2023-11-02,19:21:00,cancelled,0.00,0.00,0.00,0.00,0,Chicago
2025,313,33,2024-07-20,20:04:00,completed,38.98,4.76,6.55,37.19,4,San Francisco
2026,19,45,2024-11-01,17:05:00,completed,31.25,6.98,4.82,33.41,4,Atlanta
2027,245,13,2024-07-06,22:42:00,completed,87.11,4.76,4.57,87.30,1,Boston
2028,315,5,2025-01-06,20:42:00,refunded,0.00,0.00,0.00,0.00,0,New York
2029,254,40,2024-06-28,17:24:00,completed,81.42,5.37,5.24,81.55,4,Denver
2030,79,9,2023-11-24,18:36:00,completed,91.57,2.69,7.72,86.54,3,Chicago
2031,349,34,2023-01-01,16:41:00,completed,64.26,3.69,0.62,67.33,3,San Francisco
2032,16,43,2025-07-05,23:23:00,completed,46.87,6.14,3.98,49.03,4,Atlanta
2033,292,3,2023-02-01,20:07:00,completed,84.58,3.38,8.96,79.00,3,New York
2034,138,17,2023-07-06,18:25:00,completed,47.16,3.20,9.92,40.44,5,Seattle
2035,151,12,2024-10-15,13:40:00,refunded,0.00,0.00,0.00,0.00,0,Boston
2036,350,35,2025-01-27,19:54:00,completed,46.96,6.83,10.40,43.39,2,San Francisco
2037,280,37,2025-08-14,11:21:00,completed,37.29,5.92,10.99,32.22,2,Denver
2038,273,49,2023-12-12,21:59:00,completed,85.63,4.22,2.01,87.84,5,Los Angeles
2039,88,26,2025-08-26,19:14:00,cancelled,0.00,0.00,0.00,0.00,0,Miami
2040,114,22,2024-06-26,19:50:00,completed,25.56,6.80,11.27,21.09,1,Austin
2041,287,46,2024-02-05,15:23:00,completed,65.79,5.09,11.48,59.40,5,Los Angeles
2042,167,2,2024-09-16,15:48:00,completed,68.33,6.62,2.69,72.26,2,New York
2043,157,41,2024-09-30,11:56:00,completed,55.91,5.38,11.12,50.17,1,Atlanta
2044,247,39,2024-05-10,12:03:00,completed,79.64,4.17,2.83,80.98,1,Denver
2045,45,24,2023-08-04,16:19:00,completed,39.73,3.04,9.93,32.84,2,Austin
2046,55,14,2025-01-16,12:23:00,completed,33.87,4.60,8.73,29.74,5,Boston
2047,50,16,2025-03-28,16:28:00,cancelled,0.00,0.00,0.00,0.00,0,Seattle
2048,24,2,2024-09-27,14:54:00,completed,81.96,6.51,3.40,85.07,1,New York
2049,19,50,2023-12-29,12:29:00,completed,57.16,7.49,8.35,56.30,5,Los Angeles
2050,243,36,2023-03-03,19:46:00,cancelled,0.00,0.00,0.00,0.00,0,Denver
2051,245,1,2023-10-06,15:08:00,completed,56.05,5.29,9.20,52.14,4,New York
2052,84,9,2025-08-15,15:35:00,cancelled,0.00,0.00,0.00,0.00,0,Chicago
2053,220,27,2023-03-01,15:55:00,completed,55.48,6.46,5.40,56.54,4,Miami
2054,144,20,2025-06-02,12:08:00,completed,43.00,4.19,8.89,38.30,6,Seattle
2055,144,35,2024-10-09,15:46:00,completed,89.38,6.48,3.81,92.05,6,San Francisco
2056,315,19,2023-07-02,18:08:00,completed,63.46,3.09,1.00,65.55,6,Seattle
2057,220,22,2023-01-27,12:59:00,cancelled,0.00,0.00,0.00,0.00,0,Austin
2058,21,3,2023-06-09,22:19:00,completed,34.99,5.74,2.79,37.94,2,New York
2059,68,42,2025-06-17,23:56:00,refunded,0.00,0.00,0.00,0.00,0,Atlanta
2060,60,21,2025-06-08,15:04:00,completed,41.97,4.90,6.26,40.61,6,Austin
2061,325,28,2024-07-22,21:11:00,completed,39.01,3.92,6.24,36.69,5,Miami
2062,197,25,2024-08-23,19:45:00,completed,54.97,6.75,11.89,49.83,2,Austin
2063,217,29,2025-07-09,20:50:00,completed,88.26,5.72,1.80,92.18,1,Miami
2064,67,24,2025-05-16,18:47:00,completed,86.02,3.94,11.40,78.56,1,Austin
2065,270,14,2025-04-04,23:11:00,completed,77.77,3.03,1.60,79.20,1,Boston
2066,65,13,2024-09-13,12:56:00,cancelled,0.00,0.00,0.00,0.00,0,Boston
2067,4,41,2023-11-09,19:05:00,completed,72.63,6.93,6.24,73.32,4,Atlanta
2068,135,32,2023-06-13,13:45:00,completed,43.53,5.16,9.20,39.49,4,San Francisco
2069,266,46,2023-03-31,20:29:00,completed,31.37,4.25,5.57,30.05,3,Los Angeles
2070,186,36,2024-10-04,14:30:00,completed,29.45,5.36,0.39,34.42,2,Denver
2071,317,6,2024-06-07,23:49:00,cancelled,0.00,0.00,0.00,0.00,0,Chicago
2072,233,25,2025-07-10,20:35:00,completed,25.57,2.77,10.43,17.91,6,Austin
2073,226,8,2024-10-22,17:11:00,completed,68.87,3.49,9.45,62.91,6,Chicago
2074,112,37,2024-11-02,19:11:00,refunded,0.00,0.00,0.00,0.00,0,Denver
2075,15,21,2023-07-06,12:09:00,completed,59.95,5.57,8.89,56.63,2,Austin
2076,52,47,2024-03-13,22:20:00,completed,61.30,5.70,2.84,64.16,5,Los Angeles
2077,74,16,2025-07-07,12:20:00,completed,69.98,3.72,6.93,66.77,5,Seattle
2078,105,21,2024-07-23,14:17:00,completed,54.19,5.72,8.85,51.06,4,Austin
2079,113,11,2025-04-07,16:18:00,completed,19.45,4.16,10.39,13.22,5,Boston
2080,256,40,2025-01-02,21:07:00,completed,51.07,6.62,10.33,47.36,4,Denver
2081,2,12,2024-08-07,12:28:00,completed,22.10,3.73,10.81,15.02,4,Boston
2082,270,32,2025-01-06,11:13:00,completed,84.26,4.13,6.95,81.44,5,San Francisco
2083,266,16,2023-05-14,12:01:00,cancelled,0.00,0.00,0.00,0.00,0,Seattle
2084,51,9,2025-03-23,15:25:00,completed,71.73,2.77,2.26,72.24,1,Chicago
2085,23,17,2025-02-18,18:31:00,completed,87.54,6.92,6.22,88.24,5,Seattle
2086,292,29,2023-12-24,20:13:00,completed,71.43,6.89,8.01,70.31,3,Miami
2087,95,16,2024-10-14,18:25:00,refunded,0.00,0.00,0.00,0.00,0,Seattle
2088,21,13,2023-01-18,14:19:00,completed,46.70,2.91,6.87,42.74,5,Boston
2089,165,8,2024-04-16,11:22:00,cancelled,0.00,0.00,0.00,0.00,0,Chicago
2090,84,14,2025-06-11,21:36:00,cancelled,0.00,0.00,0.00,0.00,0,Boston
2091,48,2,2025-03-08,12:41:00,completed,75.66,6.15,7.04,74.77,3,New York
2092,340,2,2023-04-05,14:12:00,completed,66.38,6.17,2.31,70.24,5,New York
2093,101,1,2024-08-13,16:30:00,completed,68.82,5.00,7.30,66.52,1,New York
2094,75,26,2023-02-19,20:09:00,completed,26.55,3.29,10.40,19.44,6,Miami
2095,236,27,2024-04-22,22:42:00,completed,26.52,6.36,8.08,24.80,1,Miami
2096,58,25,2024-02-17,11:08:00,cancelled,0.00,0.00,0.00,0.00,0,Austin
2097,22,8,2024-09-24,21:02:00,completed,71.50,5.81,11.11,66.20,4,Chicago
2098,128,13,2025-08-05,19:47:00,completed,20.74,5.36,5.18,20.92,3,Boston
2099,107,35,2023-01-14,20:11:00,completed,82.89,6.56,9.32,80.13,1,San Francisco
2100,77,49,2025-03-14,14:11:00,completed,39.05,6.45,8.20,37.30,6,Los Angeles
2101,269,9,2025-08-02,15:55:00,completed,67.20,7.41,1.80,72.81,3,Chicago
2102,193,9,2023-01-18,23:52:00,completed,69.85,4.33,11.61,62.57,6,Chicago
2103,195,5,2025-04-09,21:47:00,completed,77.60,3.57,8.00,73.17,5,New York
2104,177,9,2025-03-08,21:37:00,completed,19.26,2.99,11.63,10.62,1,Chicago
2105,73,18,2023-07-15,16:59:00,completed,42.17,4.33,3.68,42.82,2,Seattle
2106,109,2,2023-09-23,11:56:00,completed,29.56,3.20,5.78,26.98,1,New York
2107,217,8,2024-01-06,19:10:00,completed,59.26,3.89,2.00,61.15,5,Chicago
2108,32,29,2025-01-06,21:05:00,completed,81.79,2.61,2.74,81.66,2,Miami
2109,145,34,2024-10-27,11:21:00,completed,88.52,3.29,10.54,81.27,6,San Francisco
2110,329,1,2023-08-16,21:45:00,cancelled,0.00,0.00,0.00,0.00,0,New York
2111,17,16,2023-03-02,11:01:00,completed,85.19,4.53,5.96,83.76,6,Seattle
2112,232,24,2024-03-09,22:19:00,completed,45.45,5.45,9.34,41.56,3,Austin
2113,191,19,2024-03-11,23:11:00,refunded,0.00,0.00,0.00,0.00,0,Seattle
2114,129,31,2025-05-11,11:08:00,cancelled,0.00,0.00,0.00,0.00,0,San Francisco
2115,129,30,2024-03-20,10:07:00,completed,22.40,3.09,9.40,16.09,1,Miami
2116,20,14,2023-01-28,22:58:00,completed,48.53,3.65,5.39,46.79,3,Boston
2117,47,32,2023-06-15,16:33:00,completed,18.97,2.99,8.72,13.24,3,San Francisco
2118,230,7,2023-06-01,19:01:00,cancelled,0.00,0.00,0.00,0.00,0,Chicago
2119,56,22,2024-12-22,10:29:00,completed,55.62,4.54,1.22,58.94,1,Austin
2120,237,46,2023-08-23,15:05:00,refunded,0.00,0.00,0.00,0.00,0,Los Angeles
2121,148,24,2024-06-27,14:31:00,completed,77.28,3.37,8.45,72.20,1,Austin
2122,9,37,2024-03-21,12:22:00,completed,57.08,4.28,5.11,56.25,4,Denver
2123,306,17,2024-05-23,10:13:00,completed,18.40,3.49,8.05,13.84,2,Seattle
2124,311,26,2023-06-10,23:51:00,cancelled,0.00,0.00,0.00,0.00,0,Miami
2125,226,17,2025-05-08,16:56:00,completed,78.92,2.89,7.02,74.79,5,Seattle
2126,124,9,2024-12-17,23:30:00,completed,22.26,3.83,4.98,21.11,1,Chicago
2127,160,22,2024-10-03,19:01:00,completed,76.84,2.75,7.06,72.53,6,Austin
2128,240,8,2025-07-24,14:02:00,completed,66.48,5.43,6.53,65.38,5,Chicago
2129,35,46,2024-07-30,22:44:00,cancelled,0.00,0.00,0.00,0.00,0,Los Angeles
2130,324,45,2023-10-04,19:00:00,completed,67.41,6.04,3.80,69.65,2,Atlanta
2131,22,17,2024-09-17,19:32:00,completed,61.63,5.73,7.18,60.18,4,Seattle
2132,203,39,2024-06-25,17:40:00,completed,22.82,4.82,5.27,22.37,1,Denver
2133,213,25,2024-09-09,18:47:00,completed,48.41,4.41,1.19,51.63,2,Austin
2134,249,19,2023-02-20,17:30:00,completed,36.37,6.65,9.15,33.87,4,Seattle
2135,94,14,2025-01-24,21:32:00,completed,62.04,5.41,10.94,56.51,5,Boston
2136,229,1,2023-03-10,21:52:00,cancelled,0.00,0.00,0.00,0.00,0,New York
2137,85,28,2025-05-18,20:08:00,completed,52.58,5.08,9.84,47.82,5,Miami
2138,88,7,2023-04-02,16:03:00,cancelled,0.00,0.00,0.00,0.00,0,Chicago
2139,339,43,2024-11-06,10:40:00,cancelled,0.00,0.00,0.00,0.00,0,Atlanta
2140,322,17,2023-04-08,23:59:00,cancelled,0.00,0.00,0.00,0.00,0,Seattle
2141,280,6,2023-08-29,15:43:00,completed,63.53,5.06,6.05,62.54,5,Chicago
2142,230,10,2025-07-07,11:05:00,refunded,0.00,0.00,0.00,0.00,0,Chicago
2143,12,47,2025-05-06,18:32:00,completed,89.38,7.14,6.10,90.42,1,Los Angeles
2144,280,26,2025-07-04,14:19:00,completed,29.89,3.10,11.36,21.63,3,Miami
2145,268,33,2025-01-25,13:36:00,refunded,0.00,0.00,0.00,0.00,0,San Francisco
2146,260,24,2024-03-24,10:34:00,completed,78.08,3.80,0.56,81.32,4,Austin
2147,164,31,2024-11-13,11:53:00,cancelled,0.00,0.00,0.00,0.00,0,San Francisco
2148,97,25,2024-07-30,11:19:00,completed,24.77,5.74,1.01,29.50,2,Austin
2149,262,32,2024-11-21,23:37:00,completed,30.24,5.85,6.72,29.37,5,San Francisco
2150,78,30,2025-01-13,22:25:00,completed,91.93,7.15,5.73,93.35,6,Miami
2151,26,18,2023-02-14,19:22:00,completed,26.73,7.02,1.06,32.69,5,Seattle
2152,217,8,2023-12-30,16:02:00,completed,58.84,3.74,5.85,56.73,6,Chicago
2153,284,36,2023-08-18,15:46:00,completed,25.92,7.16,6.97,26.11,6,Denver
2154,344,42,2024-02-12,12:18:00,completed,83.47,7.13,8.42,82.18,3,Atlanta
2155,313,25,2024-01-28,18:15:00,completed,87.23,4.65,3.19,88.69,5,Austin
2156,160,10,2023-03-08,17:00:00,completed,43.01,4.43,1.92,45.52,3,Chicago
2157,297,49,2023-09-06,23:40:00,completed,58.15,3.13,6.03,55.25,5,Los Angeles
2158,114,18,2024-07-01,16:34:00,completed,34.87,2.71,5.23,32.35,3,Seattle
2159,203,31,2023-06-04,22:33:00,completed,60.61,4.62,7.48,57.75,1,San Francisco
2160,46,20,2023-03-17,13:53:00,completed,84.31,7.47,2.98,88.80,6,Seattle
2161,308,41,2025-04-14,12:52:00,cancelled,0.00,0.00,0.00,0.00,0,Atlanta
2162,209,7,2023-08-27,13:30:00,completed,84.19,4.21,11.77,76.63,1,Chicago
2163,131,21,2024-07-23,18:06:00,completed,75.70,6.00,10.92,70.78,3,Austin
2164,143,49,2023-11-06,17:09:00,completed,63.60,4.64,7.80,60.44,2,Los Angeles
2165,149,18,2023-01-29,22:36:00,completed,80.54,4.85,8.88,76.51,6,Seattle
2166,34,50,2024-06-12,12:44:00,completed,57.83,6.27,7.57,56.53,5,Los Angeles
2167,278,47,2023-01-03,23:25:00,completed,58.79,2.98,0.96,60.81,3,Los Angeles
2168,212,34,2025-05-18,11:50:00,completed,42.16,3.42,4.73,40.85,4,San Francisco
2169,136,35,2024-03-08,19:42:00,completed,77.55,3.74,11.70,69.59,4,San Francisco
2170,317,36,2024-03-26,14:59:00,completed,59.97,5.94,10.40,55.51,3,Denver
2171,175,38,2023-09-25,15:51:00,completed,26.19,5.57,8.67,23.09,6,Denver
2172,93,4,2025-05-15,20:49:00,completed,44.74,5.98,4.58,46.14,6,New York
2173,23,23,2023-04-27,11:30:00,completed,68.52,2.81,9.99,61.34,5,Austin
2174,285,26,2023-08-01,16:20:00,completed,90.21,5.74,1.20,94.75,5,Miami
2175,134,21,2024-01-17,19:03:00,completed,18.57,2.62,7.87,13.32,5,Austin
2176,155,9,2023-11-02,18:37:00,completed,21.47,7.10,11.98,16.59,6,Chicago
2177,141,48,2025-06-01,18:39:00,completed,54.82,2.75,9.47,48.10,3,Los Angeles
2178,83,1,2025-04-19,22:59:00,completed,49.35,4.32,9.08,44.59,3,New York
2179,276,2,2024-08-07,17:50:00,refunded,0.00,0.00,0.00,0.00,0,New York
2180,164,15,2023-07-16,22:32:00,cancelled,0.00,0.00,0.00,0.00,0,Boston
2181,15,28,2023-05-14,13:54:00,completed,37.10,4.52,4.58,37.04,2,Miami
2182,325,12,2025-02-27,16:21:00,completed,22.01,4.48,4.01,22.48,5,Boston
2183,178,15,2025-08-05,10:00:00,completed,67.97,3.30,2.24,69.03,2,Boston
2184,78,19,2023-07-05,22:51:00,completed,89.36,4.89,7.88,86.37,3,Seattle
2185,206,9,2025-02-21,15:39:00,completed,20.05,2.90,3.37,19.58,1,Chicago
2186,48,24,2025-07-21,23:32:00,cancelled,0.00,0.00,0.00,0.00,0,Austin
2187,129,35,2025-03-27,18:40:00,completed,22.44,6.30,11.75,16.99,1,San Francisco
2188,56,31,2024-08-25,18:25:00,completed,54.60,5.29,2.35,57.54,1,San Francisco
2189,89,37,2024-09-01,15:28:00,refunded,0.00,0.00,0.00,0.00,0,Denver
2190,7,18,2024-04-01,12:45:00,completed,37.47,3.32,9.74,31.05,1,Seattle
2191,76,47,2023-04-24,12:03:00,completed,36.59,6.18,10.61,32.16,3,Los Angeles
2192,117,28,2023-12-21,21:37:00,completed,82.11,5.16,5.53,81.74,3,Miami
2193,326,11,2024-01-13,14:32:00,completed,27.47,5.86,8.34,24.99,2,Boston
2194,258,21,2025-06-18,14:23:00,completed,90.52,3.84,0.38,93.98,4,Austin
2195,131,20,2024-10-30,15:18:00,completed,43.05,3.23,2.36,43.92,1,Seattle
2196,58,9,2025-08-25,13:09:00,refunded,0.00,0.00,0.00,0.00,0,Chicago
2197,230,19,2025-02-27,18:39:00,completed,72.09,4.96,11.28,65.77,6,Seattle
2198,44,29,2024-03-24,22:25:00,completed,35.97,3.97,7.70,32.24,6,Miami
2199,86,32,2023-06-23,10:12:00,cancelled,0.00,0.00,0.00,0.00,0,San Francisco
2200,285,35,2024-01-24,20:10:00,cancelled,0.00,0.00,0.00,0.00,0,San Francisco
2201,244,23,2025-01-01,10:41:00,completed,77.29,2.84,9.41,70.72,2,Austin
2202,22,17,2023-12-03,21:40:00,completed,46.61,7.47,11.75,42.33,3,Seattle
2203,280,33,2025-04-29,12:17:00,completed,34.98,6.74,10.57,31.15,1,San Francisco
2204,19,45,2025-03-17,20:47:00,completed,23.12,6.86,5.29,24.69,5,Atlanta
2205,147,33,2025-07-15,11:53:00,completed,91.18,3.89,3.05,92.02,6,San Francisco
2206,185,17,2023-09-26,16:03:00,cancelled,0.00,0.00,0.00,0.00,0,Seattle
2207,108,35,2025-06-19,15:44:00,completed,62.60,3.59,8.45,57.74,5,San Francisco
2208,55,1,2024-10-19,20:41:00,completed,77.23,5.85,2.89,80.19,5,New York
2209,64,10,2024-07-03,17:32:00,completed,36.90,5.19,4.63,37.46,5,Chicago
2210,291,38,2024-03-11,19:33:00,completed,29.47,6.93,8.29,28.11,1,Denver
2211,157,21,2024-05-07,19:44:00,completed,53.47,3.87,5.39,51.95,2,Austin
2212,130,25,2023-08-27,10:51:00,completed,71.94,5.49,8.97,68.46,4,Austin
2213,130,12,2023-10-02,12:57:00,completed,59.20,3.63,5.39,57.44,5,Boston
2214,121,16,2024-08-04,22:06:00,completed,26.34,5.73,6.60,25.47,1,Seattle
2215,201,11,2025-08-24,19:13:00,refunded,0.00,0.00,0.00,0.00,0,Boston
2216,265,33,2025-08-04,10:45:00,completed,86.39,3.34,1.45,88.28,1,San Francisco
2217,8,12,2023-08-24,12:56:00,completed,22.66,5.11,5.54,22.23,4,Boston
2218,59,3,2025-07-20,10:32:00,cancelled,0.00,0.00,0.00,0.00,0,New York
2219,306,43,2025-06-07,18:58:00,cancelled,0.00,0.00,0.00,0.00,0,Atlanta
2220,247,46,2024-01-31,11:00:00,completed,78.52,3.45,4.60,77.37,1,Los Angeles
2221,148,4,2025-07-28,21:15:00,cancelled,0.00,0.00,0.00,0.00,0,New York
2222,149,21,2024-10-27,13:41:00,refunded,0.00,0.00,0.00,0.00,0,Austin
2223,302,33,2025-02-12,10:50:00,completed,49.16,6.26,10.27,45.15,6,San Francisco
2224,71,13,2023-11-19,14:26:00,cancelled,0.00,0.00,0.00,0.00,0,Boston
2225,302,21,2025-05-02,20:50:00,completed,18.27,6.17,11.94,12.50,4,Austin
2226,207,12,2023-01-04,15:52:00,cancelled,0.00,0.00,0.00,0.00,0,Boston
2227,169,48,2024-08-25,16:28:00,cancelled,0.00,0.00,0.00,0.00,0,Los Angeles
2228,170,2,2025-07-13,21:02:00,completed,89.96,5.84,5.06,90.74,1,New York
2229,38,1,2025-07-15,20:25:00,cancelled,0.00,0.00,0.00,0.00,0,New York
2230,154,6,2024-12-26,11:45:00,cancelled,0.00,0.00,0.00,0.00,0,Chicago
2231,116,19,2023-01-02,22:28:00,completed,25.44,5.57,11.07,19.94,5,Seattle
2232,138,50,2024-09-25,17:02:00,completed,19.11,6.37,9.12,16.36,4,Los Angeles
2233,215,36,2023-07-27,14:35:00,completed,57.54,5.34,7.46,55.42,2,Denver
2234,199,39,2024-04-15,22:00:00,completed,57.96,5.29,6.24,57.01,6,Denver
2235,290,8,2024-04-28,18:43:00,completed,53.91,5.57,4.37,55.11,3,Chicago
2236,303,28,2023-07-04,15:29:00,cancelled,0.00,0.00,0.00,0.00,0,Miami
2237,292,30,2025-07-07,16:01:00,completed,35.52,2.61,1.04,37.09,4,Miami
2238,184,30,2025-05-19,20:33:00,completed,79.50,3.43,0.18,82.75,1,Miami
2239,284,1,2025-02-18,19:23:00,refunded,0.00,0.00,0.00,0.00,0,New York
2240,38,30,2024-01-05,15:32:00,completed,88.84,4.80,5.48,88.16,6,Miami
2241,47,43,2025-02-04,12:31:00,completed,62.56,6.42,1.16,67.82,6,Atlanta
2242,331,36,2023-05-29,14:05:00,completed,61.82,7.20,5.23,63.79,2,Denver
2243,84,10,2024-09-09,17:21:00,completed,23.51,2.77,8.49,17.79,3,Chicago
2244,188,18,2025-07-27,12:06:00,cancelled,0.00,0.00,0.00,0.00,0,Seattle
2245,178,44,2023-10-28,15:31:00,cancelled,0.00,0.00,0.00,0.00,0,Atlanta
2246,24,21,2024-03-21,22:32:00,completed,80.52,3.21,10.13,73.60,3,Austin
2247,255,1,2024-12-28,19:01:00,refunded,0.00,0.00,0.00,0.00,0,New York
2248,26,5,2024-10-09,16:14:00,refunded,0.00,0.00,0.00,0.00,0,New York
2249,176,27,2023-10-09,10:29:00,completed,79.22,3.89,10.37,72.74,2,Miami
2250,258,11,2025-07-30,18:39:00,completed,71.36,6.44,0.06,77.74,1,Boston
2251,249,34,2024-10-29,23:33:00,completed,68.97,6.09,2.88,72.18,2,San Francisco
2252,215,5,2024-02-03,18:59:00,refunded,0.00,0.00,0.00,0.00,0,New York
2253,192,1,2024-05-08,11:03:00,completed,87.78,5.71,9.04,84.45,1,New York
2254,47,8,2024-08-11,15:00:00,completed,80.44,6.93,1.31,86.06,6,Chicago
2255,45,21,2023-07-10,16:05:00,completed,21.23,4.31,11.36,14.18,4,Austin
2256,28,37,2023-05-20,13:02:00,completed,23.25,4.65,3.77,24.13,1,Denver
2257,3,31,2023-09-20,21:53:00,refunded,0.00,0.00,0.00,0.00,0,San Francisco
2258,45,33,2024-08-10,22:19:00,completed,42.21,3.97,9.73,36.45,2,San Francisco
2259,291,34,2024-04-24,16:37:00,completed,33.79,6.79,4.14,36.44,5,San Francisco
2260,132,18,2024-04-28,22:07:00,completed,72.22,7.30,9.52,70.00,5,Seattle
2261,73,31,2023-07-27,22:19:00,cancelled,0.00,0.00,0.00,0.00,0,San Francisco
2262,43,14,2025-07-12,22:46:00,completed,20.63,4.16,1.84,22.95,5,Boston
2263,340,40,2024-02-17,13:43:00,completed,52.65,3.98,11.65,44.98,6,Denver
2264,185,29,2023-09-20,18:48:00,cancelled,0.00,0.00,0.00,0.00,0,Miami
2265,124,22,2025-06-11,12:26:00,completed,48.02,3.87,6.55,45.34,1,Austin
2266,220,29,2023-07-18,19:35:00,completed,71.11,3.76,3.59,71.28,5,Miami
2267,258,13,2024-07-14,14:11:00,completed,34.86,7.11,9.57,32.40,6,Boston
2268,153,26,2025-07-25,12:34:00,completed,42.72,4.73,5.33,42.12,3,Miami
2269,26,26,2024-01-04,17:39:00,completed,23.92,7.30,1.91,29.31,5,Miami
2270,94,47,2025-04-24,10:38:00,completed,87.33,7.01,3.89,90.45,1,Los Angeles
2271,253,41,2024-12-17,14:46:00,completed,91.27,3.01,2.80,91.48,1,Atlanta
2272,52,30,2025-03-08,18:24:00,completed,90.98,2.60,3.94,89.64,3,Miami
2273,228,44,2024-02-03,10:43:00,completed,30.45,2.62,8.61,24.46,3,Atlanta
2274,120,21,2025-04-17,14:44:00,refunded,0.00,0.00,0.00,0.00,0,Austin
2275,350,12,2023-01-01,11:42:00,completed,50.39,4.07,9.53,44.93,5,Boston
2276,183,4,2023-01-11,12:55:00,completed,78.12,7.09,0.95,84.26,1,New York
2277,173,14,2025-06-02,21:59:00,completed,83.01,7.33,7.86,82.48,6,Boston
2278,302,17,2024-03-26,20:56:00,completed,20.37,3.91,11.47,12.81,4,Seattle
2279,52,49,2024-03-29,21:12:00,cancelled,0.00,0.00,0.00,0.00,0,Los Angeles
2280,238,39,2024-07-17,10:59:00,completed,72.99,5.87,7.73,71.13,2,Denver
2281,342,49,2025-04-29,11:03:00,completed,47.06,7.29,7.46,46.89,3,Los Angeles
2282,7,14,2024-12-07,19:07:00,completed,43.77,7.19,10.54,40.42,4,Boston
2283,24,33,2024-09-18,21:48:00,completed,23.33,4.00,7.36,19.97,1,San Francisco
2284,114,42,2023-12-11,19:39:00,cancelled,0.00,0.00,0.00,0.00,0,Atlanta
2285,280,23,2023-12-21,22:48:00,completed,45.66,5.34,1.76,49.24,3,Austin
2286,199,5,2023-02-04,10:26:00,refunded,0.00,0.00,0.00,0.00,0,New York
2287,292,37,2023-01-14,20:01:00,completed,49.71,7.07,9.89,46.89,1,Denver
2288,38,35,2024-02-01,21:28:00,completed,21.26,5.98,2.90,24.34,4,San Francisco
2289,257,18,2024-12-12,20:08:00,completed,88.77,5.81,6.84,87.74,3,Seattle
2290,158,38,2024-12-16,15:55:00,completed,18.21,4.95,4.52,18.64,2,Denver
2291,172,21,2023-01-09,13:10:00,completed,79.30,2.86,2.55,79.61,4,Austin
2292,161,17,2023-05-14,16:11:00,completed,51.99,3.77,6.99,48.77,6,Seattle
2293,96,43,2025-08-27,19:44:00,completed,34.19,3.61,3.97,33.83,1,Atlanta
2294,36,1,2025-01-24,22:02:00,completed,65.59,6.96,10.07,62.48,1,New York
2295,183,16,2023-01-06,20:48:00,refunded,0.00,0.00,0.00,0.00,0,Seattle
2296,285,27,2024-06-06,14:15:00,completed,83.59,3.08,4.61,82.06,4,Miami
2297,113,9,2024-09-23,10:18:00,cancelled,0.00,0.00,0.00,0.00,0,Chicago
2298,172,30,2023-12-09,22:56:00,refunded,0.00,0.00,0.00,0.00,0,Miami
2299,285,35,2024-04-06,15:54:00,completed,31.77,3.35,8.84,26.28,4,San Francisco
2300,160,11,2024-02-09,10:14:00,refunded,0.00,0.00,0.00,0.00,0,Boston
2301,124,27,2024-11-18,22:56:00,completed,18.63,5.97,5.49,19.11,3,Miami
2302,267,12,2023-03-21,14:29:00,refunded,0.00,0.00,0.00,0.00,0,Boston
2303,13,45,2024-09-02,12:00:00,cancelled,0.00,0.00,0.00,0.00,0,Atlanta
2304,59,6,2025-03-31,15:53:00,completed,70.81,5.25,2.17,73.89,4,Chicago
2305,87,7,2024-10-24,22:38:00,completed,30.65,4.26,10.92,23.99,1,Chicago
2306,268,37,2025-07-20,17:46:00,completed,45.09,2.97,1.28,46.78,1,Denver
2307,258,28,2023-08-05,18:23:00,completed,58.74,6.15,10.57,54.32,5,Miami
2308,238,45,2024-04-26,12:45:00,completed,46.25,5.08,8.51,42.82,3,Atlanta
2309,122,31,2024-07-01,22:51:00,completed,81.50,2.84,11.75,72.59,5,San Francisco
2310,80,33,2025-07-19,19:30:00,cancelled,0.00,0.00,0.00,0.00,0,San Francisco
2311,261,18,2023-12-06,14:55:00,completed,25.10,5.07,2.02,28.15,4,Seattle
2312,84,1,2023-02-25,12:35:00,completed,39.80,3.14,11.12,31.82,2,New York
2313,70,43,2025-08-26,12:03:00,completed,38.53,4.94,3.35,40.12,2,Atlanta
2314,68,48,2025-05-30,18:47:00,completed,49.19,7.27,4.32,52.14,5,Los Angeles
2315,101,45,2023-01-11,20:08:00,completed,72.37,3.14,7.61,67.90,1,Atlanta
2316,142,46,2024-12-13,12:14:00,cancelled,0.00,0.00,0.00,0.00,0,Los Angeles
2317,67,46,2024-03-25,17:22:00,cancelled,0.00,0.00,0.00,0.00,0,Los Angeles
2318,66,45,2025-06-15,11:15:00,completed,32.35,6.99,9.11,30.23,5,Atlanta
2319,48,27,2023-12-10,10:26:00,completed,32.58,5.91,9.90,28.59,3,Miami
2320,305,15,2025-08-15,23:28:00,completed,44.33,7.02,1.15,50.20,5,Boston
2321,115,9,2025-02-25,11:43:00,completed,29.98,5.49,4.99,30.48,6,Chicago
2322,38,31,2023-11-02,16:55:00,completed,81.68,3.30,8.99,75.99,5,San Francisco
2323,112,8,2025-08-24,22:01:00,completed,80.32,6.21,9.85,76.68,1,Chicago
2324,318,25,2024-02-06,12:09:00,completed,77.31,3.52,1.42,79.41,4,Austin
