id,order_id,item_name,quantity,unit_price
1,1,Pad Thai,3,8.30
2,1,Satay Skewers,3,20.24
3,2,Satay Skewers,2,14.13
4,2,Pad Thai,2,10.87
5,2,Satay Skewers,1,8.71
6,2,Thai Basil Noodles,2,12.71
7,2,Pad Thai,2,15.87
8,2,Tom Yum Soup,2,16.95
9,3,Satay Skewers,2,13.14
10,3,Green Curry,3,11.91
11,3,Green Curry,3,10.74
12,3,Satay Skewers,2,7.62
13,5,Garlic Bread,2,9.91
14,5,Pesto Pasta,1,19.69
15,5,Caprese Salad,1,13.75
16,5,Margherita Pizza,1,11.76
17,6,Green Curry,2,10.62
18,6,Satay Skewers,3,9.48
19,6,Tom Yum Soup,3,15.49
20,6,Tom Yum Soup,2,17.20
21,6,Pad Thai,3,14.91
22,6,Thai Basil Noodles,3,20.26
23,7,Falafel Wrap,3,18.08
24,7,Cucumber Salad,3,16.39
25,7,Cucumber Salad,2,9.62
26,7,Hummus Platter,3,11.98
27,8,Pho Bowl,3,16.15
28,8,Vietnamese Iced Coffee,2,10.68
29,9,Spring Rolls,2,19.09
30,9,Veggie Dumplings,3,21.41
31,9,Fried Rice,2,21.53
32,10,Paneer Tikka,2,17.10
33,11,Loaded Fries,3,10.90
34,11,Chicken Sandwich,2,21.17
35,12,Cheeseburger,3,10.97
36,12,Cheeseburger,3,19.52
37,12,Chicken Burger,2,13.34
38,13,Quesadilla,3,11.35
39,13,Guacamole Chips,3,13.12
40,13,Chicken Enchiladas,3,11.37
41,13,Quesadilla,2,13.28
42,13,Quesadilla,3,18.62
43,13,Quesadilla,1,12.69
44,14,Green Curry,2,12.84
45,14,Satay Skewers,2,13.16
46,14,Thai Basil Noodles,3,13.01
47,14,Pad Thai,2,10.50
48,14,Tom Yum Soup,1,8.64
49,14,Tom Yum Soup,2,12.83
50,15,Thai Basil Noodles,3,20.58
51,15,Thai Basil Noodles,2,20.82
52,15,Thai Basil Noodles,2,14.82
53,15,Tom Yum Soup,1,18.45
54,16,Tempura Udon,1,12.15
55,17,Quesadilla,3,12.99
56,17,Quesadilla,2,10.12
57,17,Tacos,1,14.03
58,18,Greek Bowl,1,10.95
59,18,Cucumber Salad,1,11.33
60,18,Shawarma Plate,1,20.94
61,18,Greek Bowl,1,21.87
62,18,Greek Bowl,3,15.34
63,20,Hummus Platter,1,18.91
64,20,Hummus Platter,2,19.26
65,20,Greek Bowl,2,20.26
66,20,Hummus Platter,3,19.16
67,20,Shawarma Plate,3,13.44
68,22,Caesar Salad,1,9.00
69,22,Classic Burger,1,15.19
70,23,Pad Thai,2,21.04
71,24,Loaded Burger,1,9.55
72,24,Cheeseburger,1,12.80
73,24,Chicken Burger,2,8.83
74,24,Chicken Burger,2,12.08
75,24,Smash Burger,2,19.25
76,24,Loaded Burger,3,20.41
77,25,Miso Soup,3,18.98
78,25,Sushi Combo,2,19.66
79,25,Miso Soup,1,9.12
80,25,Teriyaki Bowl,3,21.39
81,25,Salmon Roll,3,15.12
82,25,Sushi Combo,3,19.31
83,26,Hummus Platter,2,14.16
84,26,Hummus Platter,3,13.69
85,26,Greek Bowl,2,10.21
86,26,Shawarma Plate,1,9.11
87,26,Falafel Wrap,3,19.41
88,27,Tom Yum Soup,1,19.22
89,27,Thai Basil Noodles,1,7.85
90,27,Tom Yum Soup,2,16.85
91,28,Pho Bowl,1,7.86
92,28,Banh Mi,2,19.83
93,28,Banh Mi,3,9.34
94,30,Quesadilla,1,12.10
95,30,Tacos,1,13.63
96,30,Chicken Enchiladas,2,10.76
97,31,Spring Rolls,3,18.90
98,31,Veggie Dumplings,2,15.12
99,31,Kung Pao Chicken,2,21.81
100,32,Salmon Roll,1,9.25
101,32,Miso Soup,3,12.48
102,33,Smash Burger,3,18.67
103,33,Smash Burger,3,7.89
104,33,Smash Burger,3,17.96
105,33,Onion Rings,1,12.45
106,33,Loaded Burger,3,12.57
107,34,Hummus Platter,1,9.64
108,36,Teriyaki Bowl,3,17.48
109,36,Miso Soup,1,17.57
110,36,Teriyaki Bowl,3,16.19
111,36,Teriyaki Bowl,1,11.64
112,36,Miso Soup,3,17.49
113,36,Teriyaki Bowl,2,10.75
114,37,Paneer Tikka,2,13.65
115,37,Chana Masala,2,21.50
116,38,Guacamole Chips,2,8.82
117,38,Burrito Bowl,3,21.56
118,38,Burrito Bowl,3,10.20
119,38,Chicken Enchiladas,2,18.85
120,38,Burrito Bowl,3,19.12
121,39,Paneer Tikka,2,8.06
122,39,Butter Chicken,2,9.30
123,39,Masala Dosa,1,12.60
124,39,Chana Masala,1,20.36
125,39,Chana Masala,3,15.57
126,39,Paneer Tikka,3,8.79
127,41,Guacamole Chips,3,18.93
128,41,Guacamole Chips,3,18.47
129,41,Chicken Enchiladas,2,18.72
130,41,Guacamole Chips,1,12.17
131,43,Quesadilla,1,9.59
132,43,Tacos,3,21.65
133,43,Tacos,1,20.74
134,43,Chicken Enchiladas,1,16.64
135,43,Chicken Enchiladas,2,11.15
136,44,Tacos,2,15.57
137,44,Chicken Enchiladas,1,17.83
138,44,Tacos,1,18.07
139,44,Quesadilla,2,8.32
140,44,Tacos,3,21.80
141,45,Tom Yum Soup,1,12.85
142,45,Pad Thai,2,10.99
143,45,Satay Skewers,1,8.46
144,45,Pad Thai,3,8.30
145,45,Satay Skewers,3,18.92
146,45,Tom Yum Soup,1,19.42
147,46,Margherita Pizza,2,17.13
148,46,Pesto Pasta,3,21.18
149,46,Margherita Pizza,3,15.59
150,47,Veggie Dumplings,1,20.29
151,47,Kung Pao Chicken,1,18.66
152,47,Veggie Dumplings,2,17.02
153,47,Spring Rolls,2,17.06
154,47,Veggie Dumplings,3,19.43
155,47,General Tso Bowl,3,12.76
156,48,Pad Thai,2,18.02
157,48,Satay Skewers,1,12.71
158,49,Loaded Burger,3,8.55
159,49,Smash Burger,3,17.00
160,50,Loaded Fries,1,13.66
161,51,Loaded Burger,1,8.62
162,51,Loaded Burger,2,13.67
163,52,Pho Bowl,3,20.94
164,52,Pho Bowl,3,17.88
165,52,Rice Noodles,1,16.01
166,53,Satay Skewers,3,14.65
167,56,Smash Burger,1,14.37
168,56,Cheeseburger,1,7.76
169,56,Smash Burger,2,21.56
170,56,Cheeseburger,1,16.47
171,56,Onion Rings,1,9.46
172,56,Cheeseburger,1,11.93
173,57,Smash Burger,3,11.01
174,57,Onion Rings,3,13.31
175,57,Chicken Burger,3,16.82
176,57,Onion Rings,1,15.66
177,57,Chicken Burger,2,10.60
178,57,Smash Burger,2,14.56
179,58,Vietnamese Iced Coffee,1,8.65
180,58,Rice Noodles,1,9.40
181,59,Guacamole Chips,3,18.51
182,60,Caesar Salad,2,17.51
183,60,BBQ Wings,3,16.45
184,60,BBQ Wings,2,12.57
185,61,Pesto Pasta,3,17.36
186,61,Lasagna,1,9.16
187,61,Margherita Pizza,3,18.59
188,61,Lasagna,2,10.21
189,64,Chicken Enchiladas,3,17.94
190,64,Chicken Enchiladas,3,12.32
191,64,Tacos,1,9.58
192,64,Tacos,1,15.94
193,64,Quesadilla,1,18.65
194,64,Guacamole Chips,2,11.42
195,65,Biryani,3,16.72
196,66,Biryani,2,7.60
197,66,Butter Chicken,1,9.52
198,66,Chana Masala,2,13.20
199,66,Biryani,3,17.08
200,66,Masala Dosa,2,13.27
201,67,Chicken Enchiladas,2,16.04
202,67,Quesadilla,1,13.54
203,67,Tacos,2,20.32
204,67,Guacamole Chips,3,21.76
205,67,Quesadilla,2,7.98
206,69,Caesar Salad,1,12.58
207,70,Paneer Tikka,2,10.37
208,70,Chana Masala,3,13.06
209,70,Biryani,3,13.64
210,70,Paneer Tikka,2,13.86
211,70,Butter Chicken,3,15.64
212,71,Greek Bowl,1,15.70
213,71,Shawarma Plate,1,12.12
214,71,Falafel Wrap,3,12.84
215,71,Shawarma Plate,3,7.61
216,71,Greek Bowl,2,9.09
217,71,Cucumber Salad,1,14.16
218,74,Banh Mi,2,11.82
219,74,Pho Bowl,2,16.34
220,75,Rice Noodles,3,19.74
221,75,Rice Noodles,2,16.31
222,77,Loaded Burger,2,13.46
223,78,Miso Soup,1,11.80
224,78,Sushi Combo,2,20.10
225,78,Sushi Combo,3,10.69
226,78,Sushi Combo,1,18.90
227,79,Biryani,3,9.25
228,79,Chana Masala,3,15.98
229,79,Chana Masala,1,19.51
230,79,Biryani,2,15.83
231,79,Biryani,1,15.78
232,79,Biryani,2,11.30
233,80,Thai Basil Noodles,3,19.55
234,80,Thai Basil Noodles,1,9.60
235,80,Pad Thai,3,12.23
236,80,Satay Skewers,1,16.22
237,80,Satay Skewers,3,20.97
238,80,Thai Basil Noodles,3,19.27
239,81,Spring Rolls,3,19.86
240,81,Fried Rice,1,11.09
241,81,Kung Pao Chicken,1,21.87
242,81,Spring Rolls,2,9.36
243,81,Veggie Dumplings,1,19.89
244,81,Kung Pao Chicken,2,12.21
245,83,Thai Basil Noodles,2,10.28
246,83,Satay Skewers,2,12.35
247,83,Thai Basil Noodles,1,19.87
248,83,Green Curry,1,11.02
249,83,Pad Thai,2,11.51
250,85,Miso Soup,2,12.99
251,85,Salmon Roll,1,17.92
252,85,Teriyaki Bowl,3,8.29
253,86,Pho Bowl,1,20.42
254,87,Biryani,1,9.46
255,87,Butter Chicken,1,18.07
256,87,Masala Dosa,2,19.86
257,87,Biryani,3,17.68
258,87,Masala Dosa,1,12.26
259,87,Biryani,3,17.26
260,89,Masala Dosa,1,15.50
261,89,Masala Dosa,1,20.79
262,89,Chana Masala,1,21.10
263,89,Biryani,3,12.69
264,89,Biryani,1,11.23
265,90,Quesadilla,2,13.09
266,90,Burrito Bowl,1,10.71
267,90,Chicken Enchiladas,3,12.84
268,91,Teriyaki Bowl,2,20.32
269,91,Teriyaki Bowl,2,9.77
270,93,Veggie Dumplings,1,19.85
271,93,Veggie Dumplings,2,14.09
272,94,Tacos,2,13.35
273,94,Burrito Bowl,1,11.84
274,94,Guacamole Chips,3,15.84
275,94,Chicken Enchiladas,3,17.48
276,95,Guacamole Chips,3,19.47
277,95,Burrito Bowl,3,18.90
278,97,Tom Yum Soup,3,17.69
279,98,Pesto Pasta,3,19.89
280,98,Caprese Salad,3,21.31
281,98,Pesto Pasta,3,8.79
282,98,Caprese Salad,2,20.31
283,99,Butter Chicken,2,11.29
284,101,Falafel Wrap,2,10.49
285,101,Greek Bowl,1,9.73
286,101,Cucumber Salad,2,21.14
287,102,Veggie Dumplings,1,19.24
288,103,Rice Noodles,2,13.58
289,103,Spring Rolls,1,13.96
290,103,Spring Rolls,3,20.06
291,103,Banh Mi,1,10.40
292,103,Rice Noodles,1,16.48
293,103,Banh Mi,1,9.46
294,104,Veggie Dumplings,2,13.28
295,104,Kung Pao Chicken,1,10.44
296,104,Kung Pao Chicken,1,7.82
297,104,Veggie Dumplings,2,13.38
298,104,General Tso Bowl,1,18.07
299,108,Kung Pao Chicken,3,20.47
300,108,General Tso Bowl,2,20.93
301,109,Pho Bowl,2,19.83
302,109,Banh Mi,2,16.28
303,110,Lasagna,2,11.09
304,110,Margherita Pizza,1,11.50
305,110,Lasagna,1,8.31
306,110,Pesto Pasta,1,18.08
307,110,Garlic Bread,2,19.25
308,111,Tacos,1,7.92
309,111,Quesadilla,3,20.72
310,111,Tacos,1,9.33
311,111,Quesadilla,2,8.48
312,111,Chicken Enchiladas,3,18.98
313,112,Falafel Wrap,1,14.04
314,112,Hummus Platter,1,17.03
315,112,Hummus Platter,2,8.25
316,112,Greek Bowl,1,13.83
317,112,Shawarma Plate,2,17.01
318,112,Cucumber Salad,2,18.01
319,113,Kung Pao Chicken,2,16.75
320,114,Masala Dosa,2,19.38
321,114,Masala Dosa,1,16.46
322,114,Chana Masala,1,20.83
323,114,Butter Chicken,2,12.68
324,115,Rice Noodles,1,15.23
325,115,Vietnamese Iced Coffee,1,18.86
326,115,Vietnamese Iced Coffee,3,9.64
327,116,Chana Masala,1,10.09
328,116,Biryani,3,8.08
329,117,Chicken Burger,3,12.44
330,117,Onion Rings,3,11.56
331,118,Loaded Fries,3,17.94
332,118,Chicken Sandwich,1,14.49
333,118,Chicken Sandwich,2,15.76
334,118,Classic Burger,1,8.94
335,119,Burrito Bowl,1,21.60
336,119,Burrito Bowl,3,14.09
337,119,Chicken Enchiladas,1,10.89
338,119,Quesadilla,3,15.46
339,121,Tempura Udon,1,17.14
340,121,Salmon Roll,2,19.81
341,121,Miso Soup,2,17.49
342,121,Teriyaki Bowl,3,9.68
343,122,Pad Thai,3,21.49
344,122,Thai Basil Noodles,2,17.50
345,122,Green Curry,3,12.08
346,122,Pad Thai,2,8.97
347,123,Hummus Platter,1,20.54
348,123,Shawarma Plate,3,11.17
349,123,Hummus Platter,3,14.04
350,123,Hummus Platter,1,12.69
351,123,Greek Bowl,1,9.58
352,123,Shawarma Plate,1,12.93
353,124,Fried Rice,3,19.18
354,124,Spring Rolls,3,13.01
355,124,Veggie Dumplings,1,18.16
356,124,Kung Pao Chicken,3,15.27
357,125,Teriyaki Bowl,1,21.56
358,126,Sushi Combo,2,13.88
359,127,Margherita Pizza,2,14.73
360,127,Garlic Bread,2,14.82
361,127,Garlic Bread,2,7.67
362,127,Caprese Salad,1,19.08
363,127,Margherita Pizza,2,16.34
364,127,Caprese Salad,3,17.35
365,128,Falafel Wrap,3,18.53
366,128,Greek Bowl,1,18.85
367,128,Shawarma Plate,2,11.21
368,129,Hummus Platter,2,13.65
369,129,Hummus Platter,1,21.15
370,130,Tempura Udon,3,12.06
371,130,Teriyaki Bowl,2,10.16
372,130,Miso Soup,2,12.09
373,130,Teriyaki Bowl,1,20.63
374,132,Thai Basil Noodles,1,7.75
375,132,Pad Thai,2,12.53
376,132,Pad Thai,1,19.16
377,132,Green Curry,1,16.92
378,132,Thai Basil Noodles,3,20.86
379,132,Green Curry,3,11.62
380,134,Kung Pao Chicken,2,20.81
381,134,General Tso Bowl,1,8.11
382,134,Spring Rolls,2,12.05
383,134,Spring Rolls,2,10.85
384,134,Veggie Dumplings,2,17.12
385,135,Banh Mi,3,13.38
386,135,Rice Noodles,3,11.77
387,136,Green Curry,1,13.71
388,138,Burrito Bowl,2,17.05
389,138,Chicken Enchiladas,3,7.89
390,138,Chicken Enchiladas,2,8.90
391,138,Tacos,3,9.04
392,138,Chicken Enchiladas,1,8.13
393,138,Chicken Enchiladas,3,19.76
394,139,Smash Burger,3,19.82
395,139,Cheeseburger,3,8.71
396,139,Smash Burger,1,21.18
397,139,Smash Burger,1,12.86
398,141,Lasagna,3,17.04
399,141,Margherita Pizza,3,12.86
400,142,Paneer Tikka,2,15.33
401,142,Chana Masala,2,21.78
402,142,Biryani,1,9.00
403,142,Chana Masala,1,15.14
404,142,Biryani,3,15.24
405,142,Masala Dosa,2,21.74
406,143,Banh Mi,3,7.51
407,143,Vietnamese Iced Coffee,1,15.71
408,143,Rice Noodles,2,13.87
409,144,Tempura Udon,2,11.02
410,144,Sushi Combo,3,12.21
411,144,Miso Soup,3,13.28
412,144,Miso Soup,3,11.98
413,145,Kung Pao Chicken,3,13.77
414,146,Veggie Dumplings,1,11.77
415,146,Veggie Dumplings,1,16.29
416,146,General Tso Bowl,1,10.08
417,146,Veggie Dumplings,1,7.75
418,146,Kung Pao Chicken,1,11.59
419,147,Chicken Enchiladas,2,15.16
420,147,Burrito Bowl,2,18.05
421,147,Chicken Enchiladas,3,18.62
422,147,Burrito Bowl,1,14.28
423,147,Chicken Enchiladas,2,9.71
424,147,Guacamole Chips,3,16.28
425,148,Chana Masala,2,15.79
426,149,Chana Masala,1,16.88
427,149,Chana Masala,3,10.37
428,150,Garlic Bread,1,8.32
429,150,Caprese Salad,2,13.40
430,151,Tacos,3,7.53
431,151,Burrito Bowl,2,20.98
432,151,Tacos,3,12.35
433,151,Chicken Enchiladas,2,10.22
434,151,Burrito Bowl,1,12.13
435,152,Margherita Pizza,2,19.16
436,152,Lasagna,1,20.26
437,152,Pesto Pasta,3,17.72
438,153,Loaded Fries,3,17.42
439,153,Caesar Salad,3,9.96
440,153,BBQ Wings,3,8.40
441,153,Caesar Salad,2,15.19
442,153,Caesar Salad,1,19.35
443,153,Caesar Salad,1,19.85
444,154,Teriyaki Bowl,3,21.80
445,156,Teriyaki Bowl,3,16.28
446,156,Miso Soup,3,18.87
447,156,Teriyaki Bowl,1,19.23
448,156,Miso Soup,3,8.70
449,157,Tom Yum Soup,3,9.14
450,157,Thai Basil Noodles,2,10.05
451,158,Caesar Salad,1,11.07
452,158,BBQ Wings,2,21.40
453,158,Classic Burger,1,21.51
454,159,Banh Mi,1,17.06
455,159,Banh Mi,1,20.46
456,162,Spring Rolls,1,8.93
457,162,Spring Rolls,3,18.03
458,162,Veggie Dumplings,2,20.43
459,162,General Tso Bowl,3,16.14
460,162,Kung Pao Chicken,3,14.37
461,162,Kung Pao Chicken,2,21.22
462,163,Onion Rings,2,13.05
463,164,Margherita Pizza,2,18.38
464,164,Lasagna,3,9.91
465,164,Garlic Bread,3,8.95
466,164,Lasagna,1,18.59
467,165,Chana Masala,1,14.23
468,165,Masala Dosa,2,9.18
469,165,Chana Masala,3,9.09
470,167,Thai Basil Noodles,2,15.85
471,167,Thai Basil Noodles,3,11.06
472,168,Quesadilla,2,17.01
473,169,Smash Burger,3,17.23
474,169,Smash Burger,3,13.13
475,169,Loaded Burger,3,21.23
476,169,Onion Rings,3,13.04
477,169,Smash Burger,3,20.03
478,170,Tempura Udon,1,9.49
479,170,Miso Soup,1,11.94
480,170,Tempura Udon,3,15.64
481,171,Smash Burger,2,12.20
482,171,Chicken Burger,2,17.16
483,172,Butter Chicken,2,18.13
484,172,Paneer Tikka,3,19.91
485,172,Butter Chicken,2,11.36
486,173,Caesar Salad,1,18.51
487,174,Caprese Salad,2,16.00
488,174,Lasagna,1,18.51
489,174,Garlic Bread,3,13.21
490,175,Kung Pao Chicken,3,7.56
491,175,Spring Rolls,2,11.92
492,177,Masala Dosa,2,15.55
493,177,Chana Masala,3,11.59
494,177,Biryani,1,21.23
495,177,Paneer Tikka,3,19.05
496,177,Biryani,1,13.42
497,177,Paneer Tikka,2,19.58
498,178,Chicken Burger,3,12.44
499,179,Satay Skewers,3,15.87
500,179,Thai Basil Noodles,1,21.86
501,179,Tom Yum Soup,3,15.19
502,179,Tom Yum Soup,2,12.05
503,180,Chicken Burger,1,17.05
504,180,Chicken Burger,2,20.11
505,180,Loaded Burger,1,9.20
506,183,Falafel Wrap,1,13.24
507,183,Shawarma Plate,1,13.21
508,183,Greek Bowl,3,16.17
509,184,Burrito Bowl,1,19.59
510,184,Tacos,2,15.20
511,185,Biryani,2,14.99
512,185,Paneer Tikka,1,15.51
513,185,Chana Masala,3,15.50
514,185,Butter Chicken,2,14.45
515,185,Chana Masala,3,10.91
516,185,Chana Masala,3,14.32
517,186,Classic Burger,3,12.51
518,186,Chicken Sandwich,1,9.65
519,186,Caesar Salad,2,20.68
520,187,Margherita Pizza,1,10.57
521,187,Lasagna,3,13.12
522,187,Caprese Salad,1,16.03
523,187,Garlic Bread,2,16.79
524,188,Falafel Wrap,2,13.08
525,188,Falafel Wrap,3,11.26
526,188,Cucumber Salad,1,19.39
527,190,Chicken Burger,3,19.66
528,190,Loaded Burger,2,13.96
529,190,Cheeseburger,3,18.46
530,190,Cheeseburger,3,9.20
531,190,Onion Rings,1,13.47
532,191,Pho Bowl,1,9.13
533,191,Banh Mi,2,12.86
534,191,Pho Bowl,1,10.83
535,191,Spring Rolls,2,21.18
536,191,Spring Rolls,1,16.16
537,191,Pho Bowl,2,14.47
538,192,Greek Bowl,2,15.54
539,192,Shawarma Plate,2,9.87
540,192,Falafel Wrap,2,9.54
541,195,Pesto Pasta,1,12.16
542,195,Lasagna,3,16.10
543,195,Caprese Salad,1,12.04
544,195,Caprese Salad,1,10.15
545,195,Pesto Pasta,1,16.27
546,195,Lasagna,1,10.60
547,196,Spring Rolls,2,18.92
548,196,Spring Rolls,2,11.93
549,196,Vietnamese Iced Coffee,2,15.29
550,197,Loaded Fries,2,16.10
551,197,BBQ Wings,2,12.20
552,197,Classic Burger,1,15.20
553,197,Loaded Fries,1,14.54
554,198,Pad Thai,1,11.64
555,200,Loaded Burger,1,8.96
556,200,Chicken Burger,1,7.55
557,200,Smash Burger,2,9.34
558,200,Smash Burger,1,20.90
559,200,Cheeseburger,3,18.72
560,202,Tacos,3,9.56
561,202,Guacamole Chips,2,9.76
562,204,Quesadilla,3,16.75
563,206,Banh Mi,3,12.49
564,206,Spring Rolls,3,17.22
565,206,Rice Noodles,2,9.96
566,206,Rice Noodles,3,11.90
567,207,Biryani,1,17.76
568,207,Biryani,1,13.35
569,208,Chicken Enchiladas,2,14.55
570,209,Chana Masala,1,13.96
571,209,Butter Chicken,2,20.69
572,209,Chana Masala,3,8.18
573,209,Biryani,3,8.84
574,209,Masala Dosa,2,11.92
575,210,Masala Dosa,1,18.51
576,210,Paneer Tikka,2,18.62
577,210,Biryani,2,20.08
578,211,Loaded Fries,1,19.50
579,211,Caesar Salad,1,12.63
580,211,Loaded Fries,3,19.10
581,211,BBQ Wings,2,10.37
582,213,Spring Rolls,3,10.43
583,213,Spring Rolls,1,14.53
584,214,Chana Masala,1,10.70
585,214,Butter Chicken,3,10.64
586,214,Butter Chicken,1,17.41
587,217,Paneer Tikka,3,15.00
588,217,Chana Masala,1,13.65
589,217,Butter Chicken,3,14.33
590,217,Chana Masala,1,19.19
591,221,Chicken Burger,1,12.58
592,221,Smash Burger,2,15.32
593,221,Smash Burger,1,11.61
594,222,BBQ Wings,2,10.15
595,222,Classic Burger,2,10.11
596,222,Caesar Salad,3,11.90
597,222,Loaded Fries,3,10.56
598,222,Loaded Fries,3,10.76
599,224,Cucumber Salad,1,8.96
600,224,Cucumber Salad,1,12.63
601,224,Shawarma Plate,1,11.71
602,224,Shawarma Plate,2,8.76
603,227,Vietnamese Iced Coffee,2,18.19
604,227,Banh Mi,3,19.15
605,227,Rice Noodles,1,21.71
606,227,Banh Mi,1,19.22
607,227,Banh Mi,3,16.21
608,227,Spring Rolls,2,16.56
609,228,Vietnamese Iced Coffee,2,21.49
610,229,Quesadilla,1,16.28
611,229,Chicken Enchiladas,3,18.88
612,229,Burrito Bowl,1,8.19
613,230,Chana Masala,3,12.40
614,230,Paneer Tikka,3,7.74
615,230,Paneer Tikka,3,17.71
616,230,Paneer Tikka,1,17.64
617,231,Chicken Burger,3,13.40
618,231,Chicken Burger,2,20.53
619,232,Banh Mi,3,11.75
620,232,Spring Rolls,3,21.01
621,232,Rice Noodles,2,16.42
622,232,Rice Noodles,3,14.09
623,232,Spring Rolls,2,9.96
624,232,Spring Rolls,2,12.23
625,233,Tempura Udon,2,18.36
626,233,Teriyaki Bowl,3,18.18
627,233,Tempura Udon,1,10.08
628,233,Salmon Roll,2,18.23
629,233,Miso Soup,3,15.26
630,234,Butter Chicken,1,11.81
631,234,Chana Masala,1,16.71
632,235,Miso Soup,1,14.15
633,236,Greek Bowl,3,15.12
634,236,Greek Bowl,2,19.18
635,236,Greek Bowl,1,13.63
636,236,Hummus Platter,3,21.83
637,236,Cucumber Salad,1,8.70
638,236,Hummus Platter,3,7.93
639,237,Spring Rolls,3,12.42
640,237,General Tso Bowl,3,9.14
641,237,Kung Pao Chicken,3,11.04
642,238,Miso Soup,3,8.65
643,240,Fried Rice,3,7.66
644,240,Kung Pao Chicken,3,18.95
645,240,Spring Rolls,3,19.68
646,240,Kung Pao Chicken,2,14.24
647,241,Pho Bowl,2,12.04
648,241,Rice Noodles,2,20.81
649,241,Rice Noodles,1,10.68
650,241,Spring Rolls,1,16.54
651,241,Spring Rolls,3,14.77
652,244,Cheeseburger,3,14.19
653,244,Cheeseburger,3,12.09
654,244,Smash Burger,3,13.18
655,245,Cheeseburger,1,15.79
656,245,Chicken Burger,1,7.65
657,245,Chicken Burger,1,19.78
658,245,Onion Rings,2,9.44
659,245,Loaded Burger,2,9.25
660,246,Masala Dosa,1,15.77
661,246,Chana Masala,2,19.40
662,246,Butter Chicken,3,17.83
663,246,Butter Chicken,2,12.22
664,246,Paneer Tikka,2,10.56
665,247,Caprese Salad,1,13.27
666,247,Lasagna,3,18.95
667,247,Garlic Bread,2,10.46
668,248,Masala Dosa,1,20.68
669,248,Butter Chicken,1,17.44
670,248,Chana Masala,3,16.13
671,248,Chana Masala,1,10.51
672,248,Paneer Tikka,3,8.37
673,249,Pad Thai,3,12.31
674,249,Tom Yum Soup,2,8.80
675,249,Tom Yum Soup,2,17.09
676,249,Pad Thai,3,12.31
677,250,Miso Soup,2,10.95
678,250,Miso Soup,3,10.18
679,250,Sushi Combo,1,8.96
680,250,Sushi Combo,1,13.16
681,250,Tempura Udon,1,17.00
682,250,Tempura Udon,1,14.29
683,251,Veggie Dumplings,2,7.91
684,251,Veggie Dumplings,3,16.06
685,251,General Tso Bowl,2,7.57
686,251,Veggie Dumplings,2,10.05
687,251,Kung Pao Chicken,2,19.12
688,251,Fried Rice,1,19.26
689,254,Shawarma Plate,1,8.00
690,256,Cheeseburger,3,21.89
691,256,Onion Rings,2,16.64
692,256,Smash Burger,2,15.21
693,256,Loaded Burger,2,19.43
694,257,Falafel Wrap,2,21.37
695,257,Falafel Wrap,1,17.14
696,257,Cucumber Salad,1,9.45
697,257,Hummus Platter,1,11.30
698,257,Shawarma Plate,2,10.50
699,259,Green Curry,3,20.06
700,259,Tom Yum Soup,3,11.23
701,259,Tom Yum Soup,2,9.17
702,259,Thai Basil Noodles,1,16.02
703,259,Green Curry,1,15.78
704,259,Thai Basil Noodles,1,13.52
705,260,Satay Skewers,2,17.51
706,262,Chana Masala,3,21.40
707,262,Butter Chicken,3,10.00
708,262,Chana Masala,3,18.49
709,263,Biryani,3,14.83
710,263,Biryani,2,18.36
711,263,Biryani,1,19.82
712,263,Paneer Tikka,2,15.24
713,263,Masala Dosa,1,19.68
714,264,Salmon Roll,2,11.33
715,264,Teriyaki Bowl,1,16.74
716,264,Miso Soup,3,21.32
717,265,Pad Thai,1,18.41
718,265,Tom Yum Soup,3,18.53
719,265,Pad Thai,1,11.89
720,265,Green Curry,3,14.76
721,265,Thai Basil Noodles,1,14.80
722,267,Green Curry,3,14.27
723,267,Tom Yum Soup,3,10.70
724,267,Green Curry,1,13.33
725,267,Satay Skewers,2,7.70
726,268,Biryani,1,10.85
727,268,Butter Chicken,3,7.68
728,271,Pad Thai,2,10.28
729,271,Satay Skewers,1,10.18
730,272,Banh Mi,2,9.42
731,272,Spring Rolls,1,21.47
732,272,Spring Rolls,1,16.94
733,274,Tacos,1,20.38
734,275,Chana Masala,1,17.93
735,275,Biryani,2,14.15
736,275,Butter Chicken,2,18.41
737,275,Butter Chicken,1,8.31
738,276,Miso Soup,3,16.02
739,276,Sushi Combo,1,15.64
740,277,Banh Mi,2,12.85
741,277,Banh Mi,3,16.76
742,277,Pho Bowl,3,14.45
743,277,Rice Noodles,2,8.92
744,278,Chicken Sandwich,1,18.31
745,278,BBQ Wings,2,7.91
746,278,BBQ Wings,2,9.67
747,278,Caesar Salad,2,19.96
748,278,BBQ Wings,2,10.45
749,279,Smash Burger,2,8.63
750,279,Onion Rings,2,18.93
751,279,Smash Burger,2,7.70
752,279,Smash Burger,1,13.54
753,279,Cheeseburger,3,19.43
754,279,Cheeseburger,1,10.27
755,280,General Tso Bowl,3,13.72
756,281,Satay Skewers,1,8.22
757,281,Pad Thai,1,15.36
758,281,Satay Skewers,3,16.90
759,284,Cheeseburger,1,18.72
760,284,Cheeseburger,3,12.33
761,284,Smash Burger,2,20.36
762,284,Onion Rings,3,9.45
763,284,Chicken Burger,2,10.33
764,284,Chicken Burger,3,7.95
765,285,Greek Bowl,2,14.35
766,286,Loaded Fries,1,8.36
767,286,Caesar Salad,1,9.47
768,286,BBQ Wings,1,7.87
769,286,Caesar Salad,1,16.36
770,286,Classic Burger,1,18.34
771,286,Classic Burger,3,14.00
772,287,Hummus Platter,1,9.07
773,288,Chicken Burger,2,15.66
774,288,Chicken Burger,2,20.24
775,288,Onion Rings,2,9.55
776,289,Burrito Bowl,1,19.08
777,289,Quesadilla,2,20.03
778,289,Quesadilla,3,13.37
779,289,Burrito Bowl,2,9.10
780,290,Banh Mi,3,19.13
781,292,Kung Pao Chicken,2,19.51
782,292,General Tso Bowl,2,11.91
783,292,General Tso Bowl,1,21.66
784,293,Green Curry,1,18.44
785,293,Tom Yum Soup,1,10.14
786,295,Chicken Sandwich,1,16.83
787,295,Classic Burger,1,12.43
788,295,Chicken Sandwich,3,11.39
789,295,Classic Burger,1,21.24
790,296,Butter Chicken,3,11.41
791,296,Masala Dosa,2,20.22
792,296,Masala Dosa,3,7.83
793,296,Paneer Tikka,2,16.74
794,296,Biryani,2,8.86
795,296,Paneer Tikka,2,13.39
796,297,Shawarma Plate,3,19.28
797,297,Cucumber Salad,1,21.48
798,297,Hummus Platter,2,21.15
799,297,Greek Bowl,3,15.28
800,300,Cheeseburger,2,8.03
801,300,Cheeseburger,1,15.78
802,300,Cheeseburger,2,21.25
803,300,Chicken Burger,3,20.78
804,300,Cheeseburger,1,19.10
805,301,Spring Rolls,2,21.80
806,301,Fried Rice,3,16.24
807,301,Spring Rolls,2,11.18
808,301,Spring Rolls,2,18.89
809,301,Spring Rolls,3,13.57
810,301,Veggie Dumplings,2,12.96
811,302,Butter Chicken,1,14.70
812,302,Biryani,2,14.07
813,302,Butter Chicken,3,18.29
814,302,Masala Dosa,3,15.53
815,302,Butter Chicken,3,9.08
816,304,Falafel Wrap,2,11.70
817,304,Cucumber Salad,1,8.73
818,304,Greek Bowl,1,8.23
819,304,Cucumber Salad,3,17.96
820,304,Cucumber Salad,1,13.16
821,305,Paneer Tikka,1,18.81
822,305,Paneer Tikka,2,15.28
823,305,Chana Masala,2,11.39
824,305,Butter Chicken,3,9.77
825,306,Green Curry,3,21.40
826,309,Guacamole Chips,2,11.45
827,309,Tacos,1,17.79
828,309,Burrito Bowl,1,8.45
829,309,Tacos,1,18.21
830,309,Guacamole Chips,3,21.02
831,309,Tacos,1,12.67
832,310,Fried Rice,1,20.15
833,310,Veggie Dumplings,1,8.38
834,310,Kung Pao Chicken,3,14.97
835,311,Smash Burger,2,18.21
836,311,Onion Rings,2,10.95
837,311,Cheeseburger,3,7.57
838,311,Chicken Burger,3,15.73
839,311,Chicken Burger,1,9.25
840,311,Cheeseburger,2,19.00
841,312,Falafel Wrap,3,21.25
842,312,Falafel Wrap,2,15.68
843,314,Pesto Pasta,1,9.50
844,314,Caprese Salad,1,20.95
845,314,Garlic Bread,3,15.16
846,314,Garlic Bread,3,14.12
847,319,Chana Masala,1,13.09
848,319,Chana Masala,3,12.35
849,319,Chana Masala,1,21.08
850,320,BBQ Wings,2,14.41
851,320,Loaded Fries,2,11.03
852,320,Classic Burger,1,20.77
853,321,Rice Noodles,3,11.49
854,321,Banh Mi,1,13.76
855,321,Pho Bowl,3,19.52
856,321,Vietnamese Iced Coffee,1,20.89
857,321,Rice Noodles,1,12.08
858,321,Rice Noodles,3,16.80
859,322,Tom Yum Soup,2,14.72
860,322,Thai Basil Noodles,2,9.66
861,322,Pad Thai,1,16.66
862,322,Pad Thai,1,12.73
863,322,Tom Yum Soup,1,11.50
864,323,Satay Skewers,1,13.93
865,324,Shawarma Plate,3,16.24
866,324,Greek Bowl,2,15.88
867,324,Greek Bowl,2,13.72
868,325,Paneer Tikka,3,8.27
869,325,Butter Chicken,3,9.49
870,325,Butter Chicken,1,17.67
871,325,Chana Masala,1,17.42
872,326,Tacos,1,16.90
873,326,Chicken Enchiladas,2,16.09
874,326,Quesadilla,1,9.65
875,326,Guacamole Chips,1,7.99
876,326,Quesadilla,3,20.28
877,327,Caprese Salad,2,17.42
878,327,Pesto Pasta,2,10.77
879,327,Lasagna,3,21.48
880,327,Caprese Salad,2,9.80
881,327,Pesto Pasta,2,21.84
882,328,Butter Chicken,1,11.74
883,328,Paneer Tikka,3,8.86
884,328,Chana Masala,1,15.44
885,328,Biryani,1,15.40
886,328,Masala Dosa,1,16.55
887,328,Biryani,2,15.63
888,329,Sushi Combo,3,19.97
889,329,Miso Soup,1,20.22
890,329,Salmon Roll,2,16.16
891,329,Teriyaki Bowl,1,11.31
892,330,Satay Skewers,1,8.27
893,330,Green Curry,3,10.99
894,330,Green Curry,2,8.75
895,331,Falafel Wrap,3,20.16
896,331,Hummus Platter,1,21.66
897,331,Hummus Platter,3,18.08
898,333,Miso Soup,1,12.55
899,333,Teriyaki Bowl,1,16.93
900,334,Greek Bowl,3,17.80
901,334,Falafel Wrap,2,18.09
902,335,Vietnamese Iced Coffee,2,10.73
903,335,Spring Rolls,2,13.00
904,335,Pho Bowl,2,16.93
905,335,Banh Mi,2,13.53
906,335,Banh Mi,3,11.82
907,335,Pho Bowl,1,16.46
908,336,Greek Bowl,1,7.60
909,337,Satay Skewers,3,18.21
910,337,Green Curry,3,11.95
911,337,Green Curry,2,10.88
912,338,Garlic Bread,2,8.70
913,339,Shawarma Plate,3,9.93
914,339,Greek Bowl,1,18.29
915,339,Hummus Platter,2,17.12
916,339,Hummus Platter,2,14.02
917,339,Falafel Wrap,3,13.14
918,339,Shawarma Plate,3,19.15
919,340,Greek Bowl,3,18.78
920,341,Veggie Dumplings,1,11.48
921,342,Kung Pao Chicken,3,20.16
922,342,General Tso Bowl,3,13.86
923,342,Fried Rice,3,11.73
924,342,General Tso Bowl,1,17.04
925,342,Spring Rolls,1,16.70
926,342,Fried Rice,1,8.03
927,343,Butter Chicken,3,11.87
928,344,Garlic Bread,2,21.81
929,344,Pesto Pasta,1,10.89
930,344,Lasagna,1,11.93
931,344,Lasagna,3,13.54
932,345,Satay Skewers,3,9.69
933,345,Pad Thai,1,8.75
934,345,Satay Skewers,2,16.21
935,345,Tom Yum Soup,1,12.64
936,345,Thai Basil Noodles,1,7.75
937,348,Shawarma Plate,3,17.45
938,348,Greek Bowl,3,19.28
939,348,Falafel Wrap,1,17.16
940,348,Cucumber Salad,2,18.65
941,348,Cucumber Salad,3,8.66
942,348,Hummus Platter,2,11.09
943,349,Caesar Salad,1,11.92
944,349,Loaded Fries,3,15.95
945,351,Sushi Combo,3,20.09
946,351,Tempura Udon,1,17.93
947,351,Tempura Udon,3,11.49
948,351,Miso Soup,3,7.83
949,352,Satay Skewers,2,11.24
950,352,Pad Thai,2,19.69
951,352,Pad Thai,1,10.12
952,352,Green Curry,2,11.98
953,353,Spring Rolls,1,19.05
954,353,Banh Mi,1,19.93
955,353,Pho Bowl,3,13.28
956,353,Spring Rolls,3,18.21
957,354,Chana Masala,2,7.56
958,354,Paneer Tikka,2,9.55
959,355,Chicken Burger,2,8.26
960,355,Cheeseburger,1,9.85
961,355,Smash Burger,1,16.06
962,355,Chicken Burger,3,16.47
963,355,Cheeseburger,1,8.79
964,355,Loaded Burger,1,21.01
965,357,Tacos,2,20.73
966,357,Guacamole Chips,1,10.97
967,357,Guacamole Chips,3,8.92
968,357,Guacamole Chips,3,15.49
969,357,Burrito Bowl,3,9.01
970,357,Guacamole Chips,1,18.45
971,358,Lasagna,3,17.80
972,358,Margherita Pizza,3,14.81
973,358,Margherita Pizza,3,16.83
974,358,Caprese Salad,3,12.23
975,358,Lasagna,1,16.55
976,359,Pho Bowl,1,21.30
977,359,Spring Rolls,1,12.36
978,360,Pesto Pasta,3,9.22
979,360,Caprese Salad,1,15.54
980,360,Caprese Salad,3,18.22
981,360,Caprese Salad,1,18.72
982,360,Garlic Bread,1,17.80
983,361,Vietnamese Iced Coffee,1,21.12
984,361,Pho Bowl,2,7.90
985,362,Thai Basil Noodles,1,18.72
986,362,Satay Skewers,1,9.37
987,363,Teriyaki Bowl,3,16.08
988,363,Tempura Udon,3,21.72
989,363,Sushi Combo,2,14.56
990,363,Salmon Roll,3,10.35
991,363,Sushi Combo,1,8.08
992,363,Miso Soup,3,19.93
993,364,Pho Bowl,1,19.00
994,364,Rice Noodles,1,17.20
995,364,Rice Noodles,2,18.80
996,364,Vietnamese Iced Coffee,3,7.95
997,365,Pesto Pasta,3,11.20
998,365,Lasagna,1,19.00
999,365,Pesto Pasta,1,20.12
1000,366,Teriyaki Bowl,1,21.47
1001,367,Pho Bowl,2,15.93
1002,367,Vietnamese Iced Coffee,3,17.13
1003,368,Vietnamese Iced Coffee,3,12.57
1004,368,Vietnamese Iced Coffee,2,13.24
1005,368,Vietnamese Iced Coffee,1,13.10
1006,368,Vietnamese Iced Coffee,3,17.33
1007,369,Pho Bowl,2,16.42
1008,369,Pho Bowl,1,15.82
1009,371,Quesadilla,3,18.28
1010,371,Tacos,1,12.13
1011,371,Burrito Bowl,2,20.38
1012,371,Tacos,2,8.55
1013,372,Masala Dosa,1,10.63
1014,372,Biryani,1,21.60
1015,373,Thai Basil Noodles,2,20.36
1016,373,Green Curry,2,19.72
1017,374,Butter Chicken,3,15.25
1018,374,Paneer Tikka,3,9.47
1019,375,Cucumber Salad,2,14.75
1020,376,Paneer Tikka,1,7.65
1021,376,Butter Chicken,3,13.62
1022,376,Butter Chicken,1,12.06
1023,376,Paneer Tikka,1,9.62
1024,376,Biryani,1,12.93
1025,376,Biryani,3,15.42
1026,377,Onion Rings,3,11.69
1027,377,Smash Burger,1,17.12
1028,377,Chicken Burger,2,10.85
1029,377,Chicken Burger,1,8.85
1030,378,Lasagna,1,19.31
1031,378,Lasagna,2,13.56
1032,378,Pesto Pasta,2,14.78
1033,378,Garlic Bread,2,19.82
1034,379,Kung Pao Chicken,2,14.30
1035,380,Chicken Burger,2,12.12
1036,381,Falafel Wrap,1,15.36
1037,381,Falafel Wrap,2,20.57
1038,381,Greek Bowl,1,9.43
1039,381,Cucumber Salad,2,18.52
1040,381,Shawarma Plate,3,8.92
1041,381,Greek Bowl,2,9.73
1042,382,Pho Bowl,3,19.19
1043,382,Vietnamese Iced Coffee,1,10.77
1044,382,Vietnamese Iced Coffee,1,9.71
1045,383,Quesadilla,2,18.42
1046,383,Quesadilla,2,13.59
1047,384,Caprese Salad,2,9.54
1048,384,Lasagna,1,13.86
1049,384,Margherita Pizza,2,10.43
1050,384,Garlic Bread,2,9.26
1051,384,Caprese Salad,2,18.37
1052,384,Caprese Salad,3,21.83
1053,386,Paneer Tikka,2,17.07
1054,386,Butter Chicken,1,8.91
1055,386,Biryani,2,21.59
1056,386,Chana Masala,1,18.68
1057,386,Masala Dosa,2,19.33
1058,386,Biryani,3,19.69
1059,387,Guacamole Chips,3,10.11
1060,387,Burrito Bowl,1,15.60
1061,389,Tom Yum Soup,2,18.60
1062,390,Vietnamese Iced Coffee,3,15.10
1063,390,Banh Mi,2,10.18
1064,390,Rice Noodles,2,21.86
1065,390,Vietnamese Iced Coffee,2,13.67
1066,391,Tacos,1,13.91
1067,391,Guacamole Chips,3,10.48
1068,391,Guacamole Chips,1,19.88
1069,391,Tacos,2,10.50
1070,391,Chicken Enchiladas,2,14.35
1071,392,Green Curry,2,16.19
1072,393,Green Curry,3,13.71
1073,393,Thai Basil Noodles,2,16.25
1074,393,Satay Skewers,3,17.49
1075,393,Tom Yum Soup,3,20.73
1076,393,Thai Basil Noodles,2,16.02
1077,394,Paneer Tikka,1,8.33
1078,394,Biryani,2,18.69
1079,396,Biryani,1,12.49
1080,396,Butter Chicken,3,15.06
1081,396,Chana Masala,1,14.33
1082,397,Thai Basil Noodles,2,18.19
1083,397,Tom Yum Soup,3,19.79
1084,397,Satay Skewers,2,18.68
1085,397,Tom Yum Soup,1,17.32
1086,397,Tom Yum Soup,2,13.98
1087,397,Satay Skewers,3,16.07
1088,398,Shawarma Plate,2,17.73
1089,398,Greek Bowl,2,9.79
1090,398,Falafel Wrap,3,17.64
1091,398,Falafel Wrap,1,19.47
1092,398,Cucumber Salad,2,9.62
1093,398,Hummus Platter,2,10.52
1094,399,Guacamole Chips,3,19.56
1095,399,Guacamole Chips,3,10.47
1096,400,Pad Thai,3,10.04
1097,401,Smash Burger,2,8.99
1098,401,Cheeseburger,2,19.45
1099,401,Onion Rings,2,16.24
1100,402,Satay Skewers,1,13.59
1101,402,Pad Thai,2,9.77
1102,402,Thai Basil Noodles,2,9.14
1103,402,Tom Yum Soup,3,13.32
1104,403,Chana Masala,1,7.97
1105,403,Paneer Tikka,1,19.53
1106,403,Chana Masala,1,10.49
1107,403,Paneer Tikka,1,7.93
1108,403,Paneer Tikka,3,13.45
1109,403,Chana Masala,3,7.70
1110,404,Sushi Combo,1,17.27
1111,404,Sushi Combo,2,19.44
1112,404,Salmon Roll,2,15.37
1113,404,Salmon Roll,2,14.19
1114,404,Salmon Roll,1,19.11
1115,405,Pad Thai,2,20.80
1116,405,Satay Skewers,1,20.29
1117,405,Pad Thai,1,11.69
1118,405,Green Curry,1,10.16
1119,406,Caesar Salad,1,11.15
1120,406,Loaded Fries,2,15.82
1121,406,Classic Burger,2,9.80
1122,406,Loaded Fries,2,13.74
1123,406,Chicken Sandwich,3,7.58
1124,407,Hummus Platter,3,7.97
1125,407,Shawarma Plate,2,11.25
1126,407,Hummus Platter,2,16.37
1127,407,Cucumber Salad,3,12.18
1128,407,Cucumber Salad,1,18.13
1129,407,Hummus Platter,1,14.15
1130,408,Paneer Tikka,2,10.09
1131,408,Butter Chicken,1,20.39
1132,408,Butter Chicken,2,10.70
1133,408,Butter Chicken,2,21.54
1134,408,Chana Masala,2,8.36
1135,410,Guacamole Chips,3,13.54
1136,410,Guacamole Chips,3,12.27
1137,410,Tacos,2,19.93
1138,410,Chicken Enchiladas,3,11.87
1139,411,Paneer Tikka,3,14.55
1140,411,Chana Masala,3,16.52
1141,411,Biryani,1,14.02
1142,412,Salmon Roll,3,19.87
1143,412,Miso Soup,2,19.25
1144,412,Miso Soup,3,14.63
1145,413,Lasagna,2,19.69
1146,413,Margherita Pizza,1,8.14
1147,414,Pho Bowl,3,17.79
1148,414,Pho Bowl,3,21.32
1149,415,Veggie Dumplings,3,8.17
1150,415,Veggie Dumplings,1,20.52
1151,415,Fried Rice,1,16.42
1152,415,Fried Rice,2,15.31
1153,416,Burrito Bowl,3,10.74
1154,416,Tacos,2,21.28
1155,416,Tacos,1,10.00
1156,416,Tacos,1,12.65
1157,416,Burrito Bowl,1,19.16
1158,416,Quesadilla,2,19.79
1159,417,Burrito Bowl,1,16.40
1160,417,Tacos,2,11.58
1161,417,Burrito Bowl,1,19.82
1162,417,Chicken Enchiladas,3,19.21
1163,418,Chicken Enchiladas,2,17.51
1164,419,Paneer Tikka,3,10.29
1165,419,Paneer Tikka,1,20.10
1166,421,Sushi Combo,1,13.18
1167,421,Teriyaki Bowl,3,13.65
1168,422,Salmon Roll,3,7.88
1169,422,Tempura Udon,3,18.16
1170,422,Teriyaki Bowl,1,9.32
1171,423,Biryani,2,8.80
1172,424,Chicken Burger,1,13.90
1173,424,Loaded Burger,3,13.16
1174,424,Chicken Burger,3,16.35
1175,424,Cheeseburger,1,9.55
1176,425,Shawarma Plate,2,10.35
1177,425,Shawarma Plate,2,11.95
1178,426,Spring Rolls,2,9.80
1179,426,Pho Bowl,2,10.12
1180,426,Spring Rolls,3,8.84
1181,427,Hummus Platter,2,12.42
1182,427,Falafel Wrap,3,9.41
1183,427,Shawarma Plate,2,8.59
1184,428,Tacos,1,14.44
1185,428,Tacos,3,13.27
1186,428,Guacamole Chips,2,14.32
1187,428,Tacos,3,19.78
1188,428,Guacamole Chips,2,13.02
1189,428,Tacos,3,7.87
1190,429,Chicken Enchiladas,2,9.23
1191,429,Tacos,1,7.56
1192,429,Chicken Enchiladas,1,17.00
1193,429,Chicken Enchiladas,2,12.04
1194,429,Tacos,2,8.38
1195,430,Green Curry,3,9.02
1196,431,Loaded Fries,3,10.82
1197,432,Fried Rice,2,7.64
1198,432,Kung Pao Chicken,2,10.52
1199,434,Paneer Tikka,1,15.88
1200,434,Butter Chicken,2,10.92
1201,434,Butter Chicken,3,19.76
1202,434,Masala Dosa,3,14.14
1203,434,Paneer Tikka,2,14.21
1204,436,Hummus Platter,2,17.47
1205,436,Greek Bowl,1,9.71
1206,436,Falafel Wrap,3,15.35
1207,437,Sushi Combo,3,18.99
1208,438,Loaded Fries,3,20.92
1209,438,Classic Burger,3,10.10
1210,438,Classic Burger,2,18.61
1211,438,Caesar Salad,2,8.10
1212,439,General Tso Bowl,3,13.00
1213,439,Spring Rolls,1,21.35
1214,439,Veggie Dumplings,1,15.98
1215,439,Spring Rolls,2,12.60
1216,439,Fried Rice,3,21.08
1217,439,Veggie Dumplings,2,14.23
1218,440,Chicken Enchiladas,3,11.67
1219,440,Guacamole Chips,2,8.33
1220,440,Chicken Enchiladas,2,16.67
1221,440,Quesadilla,3,15.09
1222,440,Tacos,3,15.30
1223,441,Spring Rolls,3,13.80
1224,441,Vietnamese Iced Coffee,1,13.33
1225,442,Smash Burger,1,18.15
1226,442,Loaded Burger,2,14.44
1227,442,Chicken Burger,1,12.72
1228,442,Smash Burger,3,20.10
1229,442,Loaded Burger,1,18.81
1230,444,Vietnamese Iced Coffee,1,15.50
1231,446,Teriyaki Bowl,1,20.02
1232,446,Salmon Roll,1,15.18
1233,447,Tom Yum Soup,3,18.96
1234,449,Onion Rings,1,18.40
1235,449,Loaded Burger,2,9.98
1236,449,Onion Rings,1,15.98
1237,449,Loaded Burger,1,16.80
1238,450,Burrito Bowl,1,18.92
1239,450,Tacos,2,8.76
1240,451,Tempura Udon,3,10.02
1241,451,Salmon Roll,1,16.22
1242,451,Miso Soup,2,9.95
1243,451,Miso Soup,1,9.44
1244,452,General Tso Bowl,1,11.28
1245,452,Fried Rice,1,21.37
1246,453,Greek Bowl,2,10.30
1247,453,Falafel Wrap,2,19.54
1248,453,Falafel Wrap,1,17.83
1249,453,Cucumber Salad,1,8.22
1250,453,Falafel Wrap,3,10.66
1251,453,Greek Bowl,1,15.26
1252,454,Banh Mi,1,9.81
1253,454,Vietnamese Iced Coffee,1,8.75
1254,454,Rice Noodles,1,13.01
1255,454,Pho Bowl,3,8.17
1256,454,Pho Bowl,3,9.57
1257,454,Vietnamese Iced Coffee,3,8.04
1258,455,Shawarma Plate,2,13.26
1259,455,Shawarma Plate,1,14.33
1260,455,Shawarma Plate,1,13.13
1261,455,Hummus Platter,3,15.07
1262,455,Greek Bowl,1,7.71
1263,456,Biryani,1,14.17
1264,456,Paneer Tikka,2,13.60
1265,456,Masala Dosa,2,16.99
1266,456,Paneer Tikka,3,9.10
1267,456,Paneer Tikka,2,9.15
1268,456,Chana Masala,2,11.58
1269,457,Cheeseburger,2,11.82
1270,457,Smash Burger,3,8.93
1271,457,Loaded Burger,2,20.46
1272,458,Biryani,1,20.68
1273,458,Paneer Tikka,2,10.07
1274,458,Masala Dosa,3,20.38
1275,459,Cucumber Salad,2,14.36
1276,459,Shawarma Plate,1,13.58
1277,459,Hummus Platter,2,16.20
1278,459,Hummus Platter,3,21.54
1279,459,Greek Bowl,2,19.15
1280,460,Vietnamese Iced Coffee,2,19.86
1281,460,Pho Bowl,3,15.43
1282,460,Pho Bowl,1,19.54
1283,460,Vietnamese Iced Coffee,3,16.36
1284,460,Banh Mi,1,11.82
1285,461,Veggie Dumplings,1,20.20
1286,461,Fried Rice,3,10.66
1287,461,Fried Rice,2,18.61
1288,461,Kung Pao Chicken,2,9.92
1289,461,Fried Rice,2,13.67
1290,461,Fried Rice,1,14.71
1291,463,Shawarma Plate,3,11.18
1292,463,Cucumber Salad,1,9.88
1293,463,Greek Bowl,3,12.82
1294,466,Hummus Platter,2,19.63
1295,466,Hummus Platter,2,15.56
1296,466,Falafel Wrap,2,17.41
1297,466,Hummus Platter,1,14.93
1298,466,Greek Bowl,1,16.90
1299,468,Pho Bowl,3,12.38
1300,468,Rice Noodles,2,16.51
1301,468,Spring Rolls,2,18.18
1302,469,Biryani,1,8.82
1303,469,Biryani,1,12.13
1304,469,Chana Masala,3,7.73
1305,469,Butter Chicken,3,18.75
1306,469,Masala Dosa,3,8.62
1307,469,Masala Dosa,1,11.89
1308,470,Vietnamese Iced Coffee,3,8.85
1309,470,Banh Mi,2,14.77
1310,470,Rice Noodles,2,11.47
1311,470,Vietnamese Iced Coffee,1,13.20
1312,470,Vietnamese Iced Coffee,1,15.31
1313,470,Vietnamese Iced Coffee,3,21.37
1314,471,Spring Rolls,2,11.19
1315,471,Vietnamese Iced Coffee,2,9.39
1316,471,Vietnamese Iced Coffee,1,13.32
1317,471,Pho Bowl,2,16.99
1318,471,Pho Bowl,3,12.87
1319,471,Rice Noodles,3,16.27
1320,472,Falafel Wrap,1,9.65
1321,472,Shawarma Plate,3,9.90
1322,472,Falafel Wrap,1,18.69
1323,473,Biryani,2,8.09
1324,473,Masala Dosa,3,19.61
1325,473,Chana Masala,2,7.79
1326,473,Paneer Tikka,2,13.43
1327,473,Masala Dosa,1,12.36
1328,473,Butter Chicken,1,17.66
1329,476,Masala Dosa,2,20.67
1330,476,Chana Masala,3,11.04
1331,476,Butter Chicken,2,14.46
1332,477,Masala Dosa,3,10.54
1333,477,Masala Dosa,2,17.59
1334,477,Butter Chicken,3,20.94
1335,477,Paneer Tikka,3,10.14
1336,477,Masala Dosa,2,20.62
1337,478,Biryani,1,16.35
1338,480,Tempura Udon,2,14.82
1339,480,Tempura Udon,2,12.24
1340,480,Tempura Udon,2,17.24
1341,480,Salmon Roll,2,14.28
1342,480,Teriyaki Bowl,3,13.47
1343,481,Tom Yum Soup,3,19.21
1344,481,Thai Basil Noodles,3,16.40
1345,481,Thai Basil Noodles,2,21.72
1346,481,Pad Thai,3,19.65
1347,481,Tom Yum Soup,1,19.65
1348,481,Tom Yum Soup,3,9.49
1349,482,Cheeseburger,3,14.06
1350,482,Loaded Burger,3,19.83
1351,482,Onion Rings,3,18.51
1352,483,Rice Noodles,2,17.33
1353,485,Caesar Salad,1,13.36
1354,485,Chicken Sandwich,1,19.58
1355,485,Classic Burger,2,18.49
1356,485,BBQ Wings,3,20.41
1357,487,Butter Chicken,2,10.26
1358,487,Chana Masala,3,10.05
1359,488,Garlic Bread,3,8.65
1360,488,Garlic Bread,3,20.90
1361,488,Caprese Salad,1,15.59
1362,488,Caprese Salad,3,12.15
1363,488,Pesto Pasta,1,14.18
1364,490,Satay Skewers,3,20.67
1365,490,Pad Thai,3,13.59
1366,490,Tom Yum Soup,3,11.28
1367,490,Satay Skewers,3,11.70
1368,491,Butter Chicken,1,17.84
1369,491,Chana Masala,3,17.39
1370,492,Veggie Dumplings,1,17.21
1371,492,Veggie Dumplings,2,11.86
1372,492,Spring Rolls,3,7.78
1373,492,Fried Rice,2,18.66
1374,492,Spring Rolls,2,13.97
1375,492,General Tso Bowl,3,10.09
1376,493,Thai Basil Noodles,2,19.30
1377,493,Satay Skewers,1,7.53
1378,493,Tom Yum Soup,3,15.14
1379,494,Biryani,1,15.58
1380,494,Chana Masala,3,18.67
1381,494,Paneer Tikka,1,17.54
1382,495,Kung Pao Chicken,2,17.94
1383,495,Kung Pao Chicken,2,14.29
1384,495,Kung Pao Chicken,2,16.63
1385,495,Fried Rice,3,10.69
1386,495,Kung Pao Chicken,2,20.22
1387,497,Chicken Enchiladas,3,19.94
1388,497,Burrito Bowl,1,12.97
1389,497,Quesadilla,3,20.76
1390,497,Tacos,3,14.86
1391,497,Quesadilla,1,10.38
1392,497,Guacamole Chips,1,9.15
1393,501,Pho Bowl,3,21.57
1394,501,Vietnamese Iced Coffee,3,11.80
1395,501,Vietnamese Iced Coffee,1,10.43
1396,502,Tempura Udon,3,15.27
1397,502,Tempura Udon,3,20.43
1398,502,Salmon Roll,2,9.79
1399,502,Teriyaki Bowl,3,9.88
1400,502,Miso Soup,3,10.00
1401,502,Sushi Combo,2,19.63
1402,503,Fried Rice,1,17.01
1403,503,Kung Pao Chicken,2,9.62
1404,503,Spring Rolls,3,15.84
1405,503,Fried Rice,3,10.15
1406,504,Satay Skewers,3,11.47
1407,505,Pad Thai,2,15.27
1408,505,Satay Skewers,3,17.37
1409,505,Thai Basil Noodles,2,19.86
1410,505,Green Curry,2,13.35
1411,505,Green Curry,1,15.53
1412,505,Thai Basil Noodles,1,19.61
1413,506,Banh Mi,3,9.23
1414,506,Pho Bowl,3,18.41
1415,507,Banh Mi,2,10.30
1416,507,Spring Rolls,2,11.38
1417,508,Tom Yum Soup,3,12.99
1418,508,Green Curry,3,11.14
1419,508,Thai Basil Noodles,3,19.33
1420,508,Satay Skewers,1,8.67
1421,508,Pad Thai,3,18.25
1422,508,Green Curry,2,9.84
1423,509,Greek Bowl,1,13.37
1424,509,Falafel Wrap,3,8.80
1425,509,Hummus Platter,1,14.10
1426,509,Hummus Platter,1,10.13
1427,510,Biryani,3,14.00
1428,510,Butter Chicken,1,16.28
1429,510,Masala Dosa,1,9.40
1430,510,Biryani,1,12.91
1431,510,Paneer Tikka,3,11.94
1432,511,Biryani,2,10.70
1433,511,Masala Dosa,2,14.72
1434,513,Burrito Bowl,3,15.17
1435,513,Guacamole Chips,2,18.72
1436,514,Tom Yum Soup,3,7.73
1437,514,Green Curry,2,19.41
1438,514,Tom Yum Soup,3,15.37
1439,514,Pad Thai,2,20.09
1440,514,Thai Basil Noodles,2,21.87
1441,514,Green Curry,3,12.82
1442,515,Miso Soup,2,9.69
1443,515,Teriyaki Bowl,1,10.82
1444,515,Salmon Roll,2,13.31
1445,515,Miso Soup,3,18.67
1446,516,Cucumber Salad,2,11.59
1447,516,Falafel Wrap,1,12.87
1448,517,Quesadilla,3,19.26
1449,517,Tacos,1,18.28
1450,517,Quesadilla,1,16.21
1451,517,Guacamole Chips,1,9.89
1452,517,Guacamole Chips,3,16.43
1453,517,Burrito Bowl,2,13.50
1454,520,Burrito Bowl,2,21.16
1455,520,Chicken Enchiladas,3,13.38
1456,520,Tacos,2,12.93
1457,520,Chicken Enchiladas,3,16.97
1458,520,Tacos,3,20.67
1459,520,Chicken Enchiladas,3,15.39
1460,521,Tacos,2,18.32
1461,521,Guacamole Chips,2,15.51
1462,521,Guacamole Chips,3,14.63
1463,521,Chicken Enchiladas,1,12.86
1464,521,Guacamole Chips,1,11.84
1465,522,Chicken Sandwich,2,15.06
1466,522,Classic Burger,3,21.14
1467,522,Loaded Fries,3,19.21
1468,523,Falafel Wrap,2,10.38
1469,523,Cucumber Salad,3,10.23
1470,523,Cucumber Salad,1,9.73
1471,523,Hummus Platter,2,7.64
1472,524,Burrito Bowl,1,11.67
1473,524,Burrito Bowl,3,21.60
1474,524,Guacamole Chips,2,9.61
1475,524,Chicken Enchiladas,3,18.26
1476,525,Pho Bowl,2,18.17
1477,525,Banh Mi,1,20.04
1478,525,Rice Noodles,1,10.64
1479,525,Pho Bowl,1,10.44
1480,526,Chicken Burger,2,12.13
1481,526,Chicken Burger,2,9.41
1482,526,Chicken Burger,3,15.28
1483,527,Greek Bowl,3,13.03
1484,527,Hummus Platter,3,18.82
1485,527,Hummus Platter,2,20.58
1486,527,Greek Bowl,3,21.46
1487,527,Hummus Platter,1,14.97
1488,529,Veggie Dumplings,2,19.48
1489,529,Kung Pao Chicken,3,20.93
1490,529,General Tso Bowl,2,16.26
1491,529,Kung Pao Chicken,3,21.08
1492,530,BBQ Wings,3,13.27
1493,530,BBQ Wings,3,20.77
1494,530,Classic Burger,3,21.72
1495,530,Loaded Fries,2,15.19
1496,531,Kung Pao Chicken,1,14.32
1497,531,Fried Rice,1,16.54
1498,531,Kung Pao Chicken,2,16.37
1499,531,General Tso Bowl,1,20.98
1500,531,General Tso Bowl,3,12.30
1501,533,Satay Skewers,1,18.41
1502,533,Tom Yum Soup,1,11.96
1503,533,Tom Yum Soup,2,11.21
1504,534,Green Curry,2,10.75
1505,534,Pad Thai,3,10.30
1506,534,Thai Basil Noodles,2,19.75
1507,534,Pad Thai,1,8.25
1508,534,Satay Skewers,2,10.33
1509,534,Green Curry,1,14.65
1510,535,Fried Rice,1,10.75
1511,535,Kung Pao Chicken,3,18.47
1512,535,Veggie Dumplings,1,9.61
1513,535,Fried Rice,3,18.22
1514,535,Spring Rolls,3,17.90
1515,536,Cucumber Salad,1,14.93
1516,536,Hummus Platter,1,14.12
1517,536,Hummus Platter,2,18.04
1518,536,Greek Bowl,2,11.46
1519,536,Shawarma Plate,2,15.42
1520,537,Falafel Wrap,2,14.60
1521,537,Falafel Wrap,2,18.30
1522,537,Cucumber Salad,2,19.97
1523,537,Hummus Platter,2,21.70
1524,537,Falafel Wrap,3,19.55
1525,539,Masala Dosa,2,8.60
1526,539,Chana Masala,1,18.82
1527,539,Butter Chicken,3,15.53
1528,539,Biryani,1,14.46
1529,540,Green Curry,3,9.90
1530,540,Thai Basil Noodles,3,12.50
1531,540,Tom Yum Soup,2,13.02
1532,542,Spring Rolls,1,16.21
1533,542,Pho Bowl,3,18.94
1534,542,Rice Noodles,1,12.46
1535,542,Rice Noodles,3,8.64
1536,543,Pad Thai,2,20.39
1537,543,Satay Skewers,2,11.41
1538,543,Thai Basil Noodles,2,17.13
1539,543,Green Curry,3,17.10
1540,543,Satay Skewers,1,16.81
1541,545,Satay Skewers,1,8.23
1542,545,Pad Thai,3,11.04
1543,545,Pad Thai,3,11.99
1544,546,Sushi Combo,1,15.27
1545,546,Salmon Roll,1,16.20
1546,546,Tempura Udon,1,10.07
1547,546,Tempura Udon,1,17.31
1548,546,Tempura Udon,2,13.17
1549,546,Teriyaki Bowl,3,18.03
1550,547,Hummus Platter,3,12.85
1551,547,Cucumber Salad,3,13.25
1552,547,Greek Bowl,3,21.50
1553,547,Falafel Wrap,3,13.91
1554,548,Cucumber Salad,1,9.68
1555,548,Greek Bowl,1,16.26
1556,548,Greek Bowl,1,21.48
1557,549,Caprese Salad,2,17.47
1558,550,Tempura Udon,1,19.98
1559,550,Teriyaki Bowl,2,17.88
1560,550,Teriyaki Bowl,1,8.30
1561,550,Teriyaki Bowl,3,21.69
1562,550,Sushi Combo,2,19.74
1563,552,Tempura Udon,3,20.46
1564,552,Miso Soup,2,8.11
1565,552,Tempura Udon,3,14.45
1566,552,Salmon Roll,3,9.92
1567,552,Salmon Roll,3,17.57
1568,552,Salmon Roll,3,19.58
1569,553,Spring Rolls,1,8.64
1570,553,Banh Mi,3,19.83
1571,555,Hummus Platter,2,12.95
1572,555,Falafel Wrap,2,15.23
1573,555,Cucumber Salad,2,15.58
1574,556,Sushi Combo,1,19.02
1575,556,Teriyaki Bowl,1,16.98
1576,556,Salmon Roll,3,16.95
1577,557,Pho Bowl,2,21.82
1578,557,Banh Mi,1,7.76
1579,557,Banh Mi,3,20.53
1580,557,Pho Bowl,2,14.37
1581,557,Spring Rolls,2,17.74
1582,558,Tom Yum Soup,2,17.96
1583,558,Pad Thai,3,17.28
1584,559,Green Curry,3,20.39
1585,559,Pad Thai,2,18.31
1586,559,Tom Yum Soup,2,18.24
1587,559,Thai Basil Noodles,3,12.38
1588,560,Veggie Dumplings,3,11.42
1589,560,General Tso Bowl,2,21.87
1590,560,Veggie Dumplings,2,10.09
1591,560,Fried Rice,3,18.43
1592,561,Satay Skewers,1,12.73
1593,561,Pad Thai,1,18.29
1594,561,Pad Thai,3,15.20
1595,561,Pad Thai,1,12.89
1596,561,Thai Basil Noodles,2,7.59
1597,562,Guacamole Chips,3,13.28
1598,562,Quesadilla,1,13.16
1599,562,Burrito Bowl,2,13.20
1600,563,Onion Rings,1,12.84
1601,563,Smash Burger,3,15.14
1602,563,Cheeseburger,3,16.62
1603,563,Loaded Burger,1,16.48
1604,563,Chicken Burger,1,7.66
1605,563,Smash Burger,3,8.13
1606,564,Pho Bowl,1,8.35
1607,564,Banh Mi,3,7.91
1608,564,Spring Rolls,1,7.84
1609,564,Spring Rolls,2,9.78
1610,564,Banh Mi,2,18.40
1611,564,Rice Noodles,2,17.52
1612,565,Tom Yum Soup,1,19.85
1613,565,Thai Basil Noodles,3,19.37
1614,565,Satay Skewers,1,8.21
1615,565,Thai Basil Noodles,2,8.12
1616,565,Satay Skewers,2,20.71
1617,566,Masala Dosa,2,17.03
1618,566,Biryani,2,21.63
1619,566,Chana Masala,1,8.13
1620,567,Greek Bowl,3,15.52
1621,567,Cucumber Salad,2,17.49
1622,567,Greek Bowl,1,14.90
1623,567,Falafel Wrap,3,7.73
1624,567,Cucumber Salad,1,17.84
1625,567,Cucumber Salad,2,12.51
1626,568,Lasagna,3,10.54
1627,568,Lasagna,2,13.23
1628,568,Caprese Salad,1,19.98
1629,568,Garlic Bread,3,12.84
1630,569,Classic Burger,2,16.38
1631,569,Classic Burger,2,17.57
1632,569,Caesar Salad,1,10.88
1633,571,Satay Skewers,1,19.18
1634,571,Green Curry,2,15.30
1635,571,Pad Thai,2,7.65
1636,571,Satay Skewers,3,9.72
1637,571,Satay Skewers,2,7.73
1638,573,Teriyaki Bowl,2,19.02
1639,573,Salmon Roll,2,14.76
1640,573,Salmon Roll,1,12.89
1641,573,Teriyaki Bowl,3,7.56
1642,573,Miso Soup,1,17.28
1643,575,Falafel Wrap,2,14.66
1644,575,Falafel Wrap,2,13.59
1645,575,Greek Bowl,3,13.84
1646,575,Falafel Wrap,2,9.36
1647,576,Fried Rice,2,8.58
1648,576,Veggie Dumplings,3,12.20
1649,576,General Tso Bowl,3,11.32
1650,576,General Tso Bowl,2,18.04
1651,578,Biryani,1,8.90
1652,578,Biryani,3,21.02
1653,578,Masala Dosa,3,8.28
1654,579,Masala Dosa,1,15.75
1655,579,Butter Chicken,3,20.93
1656,580,Rice Noodles,3,13.23
1657,580,Spring Rolls,3,13.33
1658,580,Banh Mi,2,12.25
1659,580,Pho Bowl,3,10.88
1660,581,Loaded Burger,3,16.24
1661,581,Loaded Burger,3,17.16
1662,581,Onion Rings,2,15.38
1663,581,Cheeseburger,2,17.39
1664,581,Cheeseburger,1,21.48
1665,584,Miso Soup,2,19.04
1666,586,Salmon Roll,3,11.32
1667,586,Salmon Roll,3,8.94
1668,587,Chicken Sandwich,1,7.87
1669,587,Loaded Fries,2,14.54
1670,588,Hummus Platter,1,19.74
1671,588,Hummus Platter,3,17.67
1672,588,Shawarma Plate,1,18.82
1673,588,Hummus Platter,1,15.64
1674,589,Guacamole Chips,2,11.23
1675,589,Tacos,3,20.77
1676,589,Quesadilla,1,18.49
1677,589,Guacamole Chips,2,12.92
1678,589,Chicken Enchiladas,3,10.19
1679,589,Tacos,2,14.32
1680,590,Hummus Platter,3,20.94
1681,590,Hummus Platter,1,17.88
1682,590,Greek Bowl,3,9.53
1683,590,Hummus Platter,1,17.38
1684,591,Kung Pao Chicken,3,8.85
1685,591,Kung Pao Chicken,1,13.60
1686,591,Veggie Dumplings,1,18.46
1687,591,Veggie Dumplings,3,11.52
1688,595,Green Curry,1,21.35
1689,595,Satay Skewers,3,8.52
1690,595,Thai Basil Noodles,3,9.65
1691,596,Tempura Udon,1,19.02
1692,596,Miso Soup,2,19.31
1693,597,Margherita Pizza,2,19.64
1694,597,Lasagna,1,20.41
1695,599,Salmon Roll,2,12.16
1696,599,Tempura Udon,3,16.27
1697,599,Salmon Roll,1,15.44
1698,599,Teriyaki Bowl,1,7.92
1699,600,Onion Rings,2,21.68
1700,600,Smash Burger,3,9.73
1701,600,Onion Rings,3,17.94
1702,600,Smash Burger,1,14.60
1703,600,Onion Rings,2,10.64
1704,600,Cheeseburger,2,20.27
1705,602,Chicken Enchiladas,3,21.33
1706,602,Guacamole Chips,2,20.87
1707,602,Guacamole Chips,1,20.83
1708,602,Guacamole Chips,1,10.49
1709,602,Quesadilla,1,10.93
1710,603,Pho Bowl,2,16.35
1711,604,Tacos,3,14.75
1712,604,Quesadilla,1,16.57
1713,604,Burrito Bowl,3,19.37
1714,604,Guacamole Chips,3,11.78
1715,604,Burrito Bowl,1,20.43
1716,605,Greek Bowl,1,17.23
1717,607,Vietnamese Iced Coffee,2,18.75
1718,607,Spring Rolls,3,9.90
1719,607,Vietnamese Iced Coffee,2,9.48
1720,607,Rice Noodles,1,19.62
1721,607,Vietnamese Iced Coffee,1,7.70
1722,607,Pho Bowl,1,17.67
1723,609,Chicken Sandwich,3,17.04
1724,610,Biryani,3,19.70
1725,610,Masala Dosa,2,21.12
1726,610,Butter Chicken,2,15.76
1727,610,Biryani,2,16.07
1728,611,BBQ Wings,1,9.00
1729,613,Hummus Platter,3,17.57
1730,613,Cucumber Salad,3,14.48
1731,613,Cucumber Salad,3,17.70
1732,613,Cucumber Salad,1,11.21
1733,613,Cucumber Salad,2,8.00
1734,614,Rice Noodles,2,19.22
1735,615,Pad Thai,2,16.10
1736,615,Green Curry,1,19.36
1737,615,Satay Skewers,2,10.62
1738,618,Hummus Platter,3,10.70
1739,618,Cucumber Salad,2,20.36
1740,618,Falafel Wrap,1,8.95
1741,618,Cucumber Salad,3,17.64
1742,618,Cucumber Salad,3,8.57
1743,620,Falafel Wrap,2,16.37
1744,620,Cucumber Salad,2,10.78
1745,622,Classic Burger,1,17.58
1746,622,Chicken Sandwich,3,13.99
1747,622,Chicken Sandwich,1,20.60
1748,623,Chicken Enchiladas,3,17.63
1749,623,Quesadilla,2,11.82
1750,623,Tacos,2,13.23
1751,623,Guacamole Chips,3,14.76
1752,626,Guacamole Chips,1,19.70
1753,626,Chicken Enchiladas,3,9.54
1754,626,Tacos,1,13.98
1755,626,Chicken Enchiladas,3,14.46
1756,626,Quesadilla,3,15.37
1757,627,Sushi Combo,1,13.09
1758,627,Salmon Roll,2,17.54
1759,628,Veggie Dumplings,3,17.92
1760,628,Spring Rolls,3,12.83
1761,628,Fried Rice,2,18.27
1762,628,Spring Rolls,3,15.23
1763,628,Fried Rice,2,7.85
1764,630,Biryani,3,13.67
1765,630,Masala Dosa,3,11.38
1766,631,Satay Skewers,1,20.22
1767,631,Thai Basil Noodles,1,21.48
1768,631,Thai Basil Noodles,2,9.72
1769,631,Satay Skewers,1,8.23
1770,631,Thai Basil Noodles,1,15.76
1771,632,Veggie Dumplings,2,8.70
1772,632,General Tso Bowl,1,7.61
1773,632,General Tso Bowl,2,12.63
1774,632,Fried Rice,3,13.97
1775,632,Spring Rolls,2,21.20
1776,632,Fried Rice,2,17.08
1777,633,Spring Rolls,2,12.14
1778,633,Fried Rice,2,12.57
1779,633,Veggie Dumplings,2,14.27
1780,634,Spring Rolls,1,7.60
1781,634,Vietnamese Iced Coffee,3,13.93
1782,634,Rice Noodles,2,19.14
1783,636,Paneer Tikka,2,17.34
1784,636,Biryani,1,13.47
1785,636,Biryani,2,12.18
1786,636,Paneer Tikka,1,20.34
1787,636,Biryani,2,8.49
1788,637,BBQ Wings,3,16.31
1789,637,Loaded Fries,1,9.57
1790,637,Chicken Sandwich,1,15.12
1791,637,BBQ Wings,2,7.74
1792,637,Chicken Sandwich,2,19.32
1793,637,Classic Burger,3,8.41
1794,638,Pho Bowl,1,13.38
1795,639,Salmon Roll,3,11.80
1796,639,Sushi Combo,1,20.69
1797,639,Tempura Udon,3,13.42
1798,639,Teriyaki Bowl,1,18.98
1799,639,Sushi Combo,3,8.20
1800,640,Chana Masala,3,15.20
1801,640,Butter Chicken,3,18.69
1802,641,Fried Rice,3,8.50
1803,642,Sushi Combo,3,15.83
1804,642,Tempura Udon,2,16.69
1805,642,Tempura Udon,2,16.09
1806,642,Tempura Udon,2,9.44
1807,642,Sushi Combo,2,21.76
1808,643,Chana Masala,2,9.08
1809,643,Biryani,2,16.28
1810,644,Rice Noodles,1,11.80
1811,644,Pho Bowl,2,10.45
1812,644,Vietnamese Iced Coffee,3,14.59
1813,644,Rice Noodles,1,15.75
1814,644,Vietnamese Iced Coffee,3,16.70
1815,644,Banh Mi,3,11.12
1816,645,Pho Bowl,2,15.92
1817,645,Rice Noodles,1,9.52
1818,646,Miso Soup,1,9.93
1819,646,Tempura Udon,2,11.39
1820,647,Pad Thai,1,21.46
1821,648,Tom Yum Soup,3,16.15
1822,648,Green Curry,2,15.00
1823,648,Thai Basil Noodles,1,14.25
1824,651,Sushi Combo,1,8.09
1825,651,Salmon Roll,3,18.22
1826,651,Miso Soup,2,11.61
1827,651,Miso Soup,2,12.72
1828,651,Sushi Combo,1,16.95
1829,651,Salmon Roll,3,20.45
1830,653,Tom Yum Soup,3,15.03
1831,653,Green Curry,1,7.55
1832,653,Thai Basil Noodles,3,9.36
1833,653,Thai Basil Noodles,2,18.83
1834,654,BBQ Wings,2,17.53
1835,655,Quesadilla,1,15.72
1836,656,Paneer Tikka,1,16.81
1837,656,Paneer Tikka,1,21.48
1838,656,Masala Dosa,1,18.11
1839,657,Sushi Combo,3,15.40
1840,657,Tempura Udon,2,9.89
1841,657,Miso Soup,2,11.71
1842,657,Tempura Udon,1,8.92
1843,658,Masala Dosa,1,17.58
1844,658,Masala Dosa,2,10.12
1845,658,Chana Masala,1,16.96
1846,658,Butter Chicken,2,8.83
1847,659,Chana Masala,1,14.25
1848,659,Chana Masala,1,11.75
1849,659,Paneer Tikka,2,19.36
1850,659,Biryani,3,12.00
1851,659,Chana Masala,3,16.05
1852,660,Kung Pao Chicken,2,20.86
1853,660,Veggie Dumplings,1,14.13
1854,660,Veggie Dumplings,1,16.91
1855,660,Kung Pao Chicken,2,16.50
1856,660,Spring Rolls,1,21.62
1857,662,Green Curry,1,14.29
1858,662,Thai Basil Noodles,1,8.02
1859,662,Satay Skewers,2,19.36
1860,663,Tempura Udon,3,16.68
1861,663,Salmon Roll,3,20.30
1862,666,Tom Yum Soup,2,21.68
1863,667,Chicken Enchiladas,2,17.63
1864,667,Burrito Bowl,3,18.89
1865,667,Guacamole Chips,2,12.02
1866,667,Tacos,3,15.06
1867,667,Chicken Enchiladas,3,16.49
1868,667,Burrito Bowl,2,18.28
1869,668,Miso Soup,3,8.45
1870,668,Tempura Udon,1,12.11
1871,668,Tempura Udon,1,15.53
1872,668,Sushi Combo,2,14.84
1873,669,Thai Basil Noodles,3,16.53
1874,669,Green Curry,2,19.41
1875,669,Green Curry,3,11.30
1876,670,Rice Noodles,2,13.42
1877,670,Rice Noodles,1,19.90
1878,672,Classic Burger,3,14.40
1879,672,Classic Burger,1,10.92
1880,673,Satay Skewers,3,9.07
1881,673,Pad Thai,3,18.82
1882,673,Thai Basil Noodles,1,16.60
1883,673,Tom Yum Soup,3,8.77
1884,673,Thai Basil Noodles,1,9.73
1885,674,Chicken Enchiladas,3,18.86
1886,674,Chicken Enchiladas,3,13.07
1887,674,Burrito Bowl,3,18.55
1888,674,Burrito Bowl,3,19.42
1889,674,Burrito Bowl,2,13.09
1890,674,Chicken Enchiladas,1,20.07
1891,676,Butter Chicken,2,15.94
1892,676,Paneer Tikka,2,18.72
1893,676,Chana Masala,3,9.57
1894,678,BBQ Wings,3,20.37
1895,678,Chicken Sandwich,2,20.54
1896,678,BBQ Wings,3,20.89
1897,678,Caesar Salad,3,11.87
1898,679,Shawarma Plate,1,10.99
1899,679,Greek Bowl,1,13.56
1900,679,Greek Bowl,2,14.86
1901,679,Shawarma Plate,3,18.77
1902,679,Hummus Platter,1,12.37
1903,680,Guacamole Chips,1,19.03
1904,681,Caesar Salad,1,18.15
1905,681,Chicken Sandwich,3,20.44
1906,681,Chicken Sandwich,1,12.15
1907,682,Tom Yum Soup,3,8.11
1908,683,Spring Rolls,2,17.24
1909,684,Classic Burger,2,9.33
1910,685,Pad Thai,3,14.39
1911,685,Thai Basil Noodles,3,20.13
1912,685,Green Curry,3,11.44
1913,685,Tom Yum Soup,2,8.14
1914,686,Loaded Burger,3,15.24
1915,686,Cheeseburger,1,11.98
1916,686,Loaded Burger,2,21.19
1917,686,Cheeseburger,1,20.98
1918,687,Biryani,1,10.36
1919,687,Chana Masala,2,9.14
1920,687,Masala Dosa,3,16.17
1921,687,Butter Chicken,3,16.70
1922,690,Satay Skewers,3,13.93
1923,690,Pad Thai,1,10.84
1924,690,Tom Yum Soup,3,11.34
1925,690,Satay Skewers,3,11.70
1926,690,Satay Skewers,2,15.77
1927,690,Tom Yum Soup,1,20.68
1928,691,Hummus Platter,2,17.95
1929,691,Shawarma Plate,2,19.23
1930,691,Falafel Wrap,2,10.64
1931,691,Hummus Platter,3,12.10
1932,692,Veggie Dumplings,2,14.79
1933,692,Veggie Dumplings,1,12.61
1934,692,General Tso Bowl,2,14.02
1935,692,Veggie Dumplings,3,20.60
1936,692,Veggie Dumplings,3,13.82
1937,692,Kung Pao Chicken,3,13.17
1938,694,Garlic Bread,3,10.50
1939,694,Margherita Pizza,1,15.64
1940,695,Falafel Wrap,2,15.55
1941,695,Greek Bowl,3,9.86
1942,695,Hummus Platter,1,10.02
1943,695,Falafel Wrap,2,19.81
1944,695,Greek Bowl,1,15.42
1945,695,Greek Bowl,3,11.06
1946,696,General Tso Bowl,2,7.85
1947,696,General Tso Bowl,1,11.82
1948,696,General Tso Bowl,2,17.71
1949,696,General Tso Bowl,1,17.97
1950,697,Tom Yum Soup,3,16.60
1951,698,Greek Bowl,3,11.58
1952,698,Falafel Wrap,3,14.51
1953,700,Tempura Udon,1,13.62
1954,700,Miso Soup,1,12.35
1955,700,Teriyaki Bowl,1,8.61
1956,700,Salmon Roll,2,15.63
1957,700,Salmon Roll,3,19.51
1958,700,Sushi Combo,1,10.78
1959,701,Tom Yum Soup,2,17.11
1960,701,Satay Skewers,3,20.31
1961,701,Thai Basil Noodles,2,19.27
1962,701,Green Curry,3,14.51
1963,702,Masala Dosa,2,7.87
1964,702,Paneer Tikka,3,19.17
1965,703,Green Curry,3,13.33
1966,703,Green Curry,1,18.60
1967,703,Pad Thai,1,13.62
1968,704,Loaded Fries,3,7.93
1969,704,BBQ Wings,2,17.68
1970,704,Chicken Sandwich,1,15.53
1971,704,Chicken Sandwich,2,12.93
1972,704,Caesar Salad,1,16.14
1973,704,Caesar Salad,2,13.46
1974,705,Falafel Wrap,1,9.51
1975,705,Greek Bowl,3,13.18
1976,705,Hummus Platter,2,10.00
1977,705,Falafel Wrap,1,18.93
1978,705,Hummus Platter,1,17.29
1979,706,Chicken Sandwich,2,16.34
1980,706,BBQ Wings,1,8.54
1981,706,Chicken Sandwich,3,13.80
1982,707,Shawarma Plate,3,10.68
1983,707,Shawarma Plate,2,12.66
1984,707,Falafel Wrap,1,14.33
1985,707,Shawarma Plate,3,8.54
1986,707,Hummus Platter,3,11.88
1987,707,Shawarma Plate,1,11.45
1988,709,Salmon Roll,3,9.86
1989,709,Teriyaki Bowl,2,8.40
1990,709,Sushi Combo,2,20.57
1991,710,Guacamole Chips,2,9.52
1992,710,Guacamole Chips,1,9.08
1993,710,Guacamole Chips,1,14.55
1994,711,Hummus Platter,2,10.64
1995,711,Cucumber Salad,3,18.77
1996,711,Greek Bowl,3,20.53
1997,712,Shawarma Plate,3,16.63
1998,712,Greek Bowl,3,18.41
1999,712,Hummus Platter,2,17.37
2000,712,Shawarma Plate,2,19.19
2001,712,Greek Bowl,3,8.15
2002,712,Hummus Platter,3,12.16
2003,713,Green Curry,3,19.04
2004,713,Tom Yum Soup,1,17.99
2005,713,Green Curry,2,18.72
2006,713,Tom Yum Soup,3,13.25
2007,713,Green Curry,1,15.18
2008,713,Thai Basil Noodles,1,15.75
2009,715,Quesadilla,2,18.37
2010,715,Tacos,1,11.14
2011,715,Quesadilla,2,12.94
2012,715,Burrito Bowl,2,17.39
2013,715,Quesadilla,3,19.44
2014,715,Tacos,2,8.84
2015,717,Spring Rolls,3,18.76
2016,717,Vietnamese Iced Coffee,3,14.95
2017,718,Rice Noodles,2,10.58
2018,718,Banh Mi,3,7.62
2019,718,Pho Bowl,3,12.14
2020,718,Banh Mi,2,14.64
2021,719,Vietnamese Iced Coffee,2,8.86
2022,719,Banh Mi,1,17.56
2023,719,Spring Rolls,3,8.24
2024,719,Pho Bowl,3,17.53
2025,719,Vietnamese Iced Coffee,1,8.74
2026,719,Banh Mi,3,8.71
2027,721,Kung Pao Chicken,1,11.10
2028,721,General Tso Bowl,2,15.20
2029,721,Veggie Dumplings,3,9.00
2030,721,Kung Pao Chicken,2,19.00
2031,723,Pho Bowl,3,14.07
2032,723,Pho Bowl,3,17.17
2033,723,Rice Noodles,2,13.59
2034,723,Banh Mi,2,18.46
2035,723,Pho Bowl,2,16.75
2036,724,Salmon Roll,1,19.94
2037,724,Tempura Udon,3,10.35
2038,724,Salmon Roll,2,21.07
2039,724,Teriyaki Bowl,3,18.20
2040,724,Salmon Roll,2,7.98
2041,724,Teriyaki Bowl,1,8.28
2042,725,Chicken Enchiladas,2,20.09
2043,725,Quesadilla,3,7.77
2044,725,Quesadilla,1,9.92
2045,725,Burrito Bowl,1,11.67
2046,726,Paneer Tikka,1,13.31
2047,726,Masala Dosa,1,8.98
2048,726,Butter Chicken,2,12.10
2049,726,Chana Masala,3,9.54
2050,727,Pad Thai,2,13.61
2051,727,Green Curry,1,19.72
2052,727,Thai Basil Noodles,1,9.35
2053,729,Tacos,2,8.04
2054,729,Quesadilla,1,20.01
2055,729,Chicken Enchiladas,1,10.15
2056,730,Paneer Tikka,1,12.86
2057,730,Paneer Tikka,3,7.90
2058,730,Chana Masala,1,19.74
2059,731,Kung Pao Chicken,1,11.19
2060,731,Fried Rice,1,10.72
2061,731,Kung Pao Chicken,1,10.78
2062,731,Veggie Dumplings,2,10.11
2063,731,General Tso Bowl,1,18.97
2064,731,Veggie Dumplings,1,18.05
2065,732,Greek Bowl,2,19.49
2066,732,Shawarma Plate,3,11.58
2067,732,Hummus Platter,1,11.88
2068,732,Cucumber Salad,2,11.80
2069,734,Greek Bowl,3,13.88
2070,734,Falafel Wrap,1,11.30
2071,734,Cucumber Salad,2,13.68
2072,735,Lasagna,1,18.23
2073,736,Chicken Enchiladas,2,11.06
2074,736,Guacamole Chips,3,17.15
2075,736,Tacos,2,17.03
2076,736,Chicken Enchiladas,3,16.50
2077,736,Tacos,3,14.30
2078,736,Tacos,2,13.33
2079,738,Butter Chicken,2,17.41
2080,738,Masala Dosa,2,12.84
2081,740,Fried Rice,3,19.70
2082,740,Fried Rice,2,18.50
2083,740,General Tso Bowl,1,12.82
2084,740,Veggie Dumplings,3,14.86
2085,741,Chana Masala,2,13.50
2086,741,Butter Chicken,2,14.31
2087,741,Biryani,1,11.09
2088,742,Chicken Enchiladas,3,12.84
2089,742,Quesadilla,2,18.70
2090,742,Quesadilla,2,13.75
2091,742,Quesadilla,3,10.86
2092,744,Green Curry,3,15.86
2093,744,Satay Skewers,1,18.47
2094,744,Thai Basil Noodles,3,20.29
2095,745,Tacos,1,11.67
2096,745,Guacamole Chips,2,20.80
2097,745,Tacos,2,8.99
2098,745,Guacamole Chips,1,9.76
2099,746,Miso Soup,3,17.55
2100,746,Miso Soup,1,18.23
2101,746,Tempura Udon,1,12.17
2102,746,Teriyaki Bowl,3,11.63
2103,746,Tempura Udon,2,14.70
2104,746,Miso Soup,1,17.13
2105,747,Pad Thai,2,18.80
2106,749,Satay Skewers,3,15.25
2107,749,Tom Yum Soup,3,14.27
2108,749,Green Curry,3,16.26
2109,750,Thai Basil Noodles,3,8.61
2110,750,Pad Thai,2,19.89
2111,750,Thai Basil Noodles,1,8.96
2112,751,BBQ Wings,3,10.33
2113,751,Caesar Salad,1,7.92
2114,752,Classic Burger,2,19.11
2115,752,Caesar Salad,1,12.97
2116,752,Caesar Salad,3,9.89
2117,753,Pad Thai,1,11.44
2118,753,Thai Basil Noodles,2,19.23
2119,753,Thai Basil Noodles,3,7.78
2120,753,Green Curry,2,18.04
2121,753,Thai Basil Noodles,1,9.20
2122,753,Pad Thai,2,13.23
2123,754,Paneer Tikka,3,18.56
2124,754,Masala Dosa,2,10.15
2125,754,Biryani,1,18.28
2126,754,Paneer Tikka,2,19.63
2127,755,Greek Bowl,2,18.31
2128,757,Hummus Platter,1,16.11
2129,760,Satay Skewers,1,18.27
2130,760,Thai Basil Noodles,3,16.58
2131,761,Fried Rice,1,10.60
2132,762,Chicken Burger,2,14.78
2133,762,Cheeseburger,3,9.08
2134,762,Onion Rings,3,20.62
2135,762,Loaded Burger,3,14.13
2136,762,Chicken Burger,2,14.00
2137,763,Classic Burger,2,17.32
2138,763,BBQ Wings,1,10.65
2139,763,Chicken Sandwich,3,9.10
2140,763,Classic Burger,2,9.05
2141,763,Loaded Fries,3,7.90
2142,764,General Tso Bowl,3,11.06
2143,764,Spring Rolls,2,18.03
2144,765,Butter Chicken,1,10.30
2145,765,Paneer Tikka,2,21.50
2146,765,Paneer Tikka,2,20.71
2147,765,Masala Dosa,2,16.96
2148,766,Green Curry,3,11.44
2149,766,Pad Thai,2,8.16
2150,766,Thai Basil Noodles,3,18.98
2151,766,Tom Yum Soup,1,17.99
2152,767,Classic Burger,2,14.61
2153,767,Chicken Sandwich,1,8.56
2154,767,Loaded Fries,3,8.81
2155,767,Caesar Salad,1,21.54
2156,767,BBQ Wings,3,17.73
2157,767,Classic Burger,1,8.18
2158,769,Fried Rice,3,20.45
2159,769,Veggie Dumplings,1,9.67
2160,769,Spring Rolls,2,19.79
2161,770,Falafel Wrap,2,20.69
2162,770,Falafel Wrap,3,21.39
2163,771,Cucumber Salad,3,8.07
2164,771,Greek Bowl,1,9.26
2165,771,Hummus Platter,2,14.73
2166,771,Greek Bowl,2,15.47
2167,773,Paneer Tikka,1,10.52
2168,773,Paneer Tikka,1,13.63
2169,774,Onion Rings,3,21.67
2170,774,Cheeseburger,2,19.56
2171,774,Chicken Burger,1,10.46
2172,774,Chicken Burger,2,8.35
2173,775,Biryani,2,8.92
2174,775,Butter Chicken,2,9.17
2175,775,Paneer Tikka,3,8.91
2176,775,Biryani,1,21.85
2177,775,Biryani,2,17.13
2178,775,Butter Chicken,1,21.48
2179,776,Cucumber Salad,3,19.06
2180,776,Falafel Wrap,2,8.83
2181,776,Hummus Platter,3,14.12
2182,776,Greek Bowl,2,9.47
2183,777,Guacamole Chips,3,8.58
2184,777,Chicken Enchiladas,1,21.46
2185,777,Guacamole Chips,3,12.81
2186,777,Guacamole Chips,2,19.89
2187,777,Tacos,3,8.53
2188,777,Chicken Enchiladas,1,8.04
2189,778,Guacamole Chips,2,16.35
2190,778,Burrito Bowl,3,21.70
2191,779,Classic Burger,3,21.88
2192,779,Chicken Sandwich,1,16.74
2193,780,Falafel Wrap,2,11.59
2194,780,Falafel Wrap,1,17.72
2195,780,Falafel Wrap,2,10.64
2196,780,Falafel Wrap,2,16.09
2197,780,Shawarma Plate,3,10.17
2198,780,Falafel Wrap,2,15.39
2199,781,Sushi Combo,2,9.91
2200,781,Sushi Combo,1,18.41
2201,781,Miso Soup,3,11.99
2202,781,Salmon Roll,1,9.50
2203,783,Loaded Fries,2,14.51
2204,783,Classic Burger,3,14.22
2205,783,BBQ Wings,3,17.65
2206,783,Loaded Fries,3,15.07
2207,785,Fried Rice,2,13.12
2208,785,Fried Rice,3,15.71
2209,785,Spring Rolls,1,21.63
2210,785,Kung Pao Chicken,2,9.03
2211,785,Fried Rice,2,14.00
2212,785,General Tso Bowl,1,12.76
2213,787,Chana Masala,2,20.27
2214,787,Paneer Tikka,2,16.69
2215,787,Butter Chicken,2,9.75
2216,787,Masala Dosa,1,18.45
2217,787,Biryani,2,12.78
2218,789,Sushi Combo,2,20.09
2219,789,Miso Soup,1,17.05
2220,789,Salmon Roll,2,19.87
2221,789,Sushi Combo,1,19.58
2222,789,Salmon Roll,2,14.83
2223,789,Miso Soup,1,11.25
2224,790,Chana Masala,2,18.70
2225,790,Butter Chicken,1,7.55
2226,791,Guacamole Chips,2,15.30
2227,791,Burrito Bowl,3,11.42
2228,792,Burrito Bowl,2,9.45
2229,792,Tacos,1,14.29
2230,792,Tacos,1,14.72
2231,792,Burrito Bowl,1,12.56
2232,792,Tacos,1,10.80
2233,793,Cucumber Salad,1,10.11
2234,793,Cucumber Salad,1,11.59
2235,793,Cucumber Salad,2,14.28
2236,794,Hummus Platter,3,10.27
2237,794,Cucumber Salad,3,16.08
2238,794,Falafel Wrap,1,11.43
2239,794,Falafel Wrap,3,18.32
2240,794,Greek Bowl,2,16.22
2241,796,Pho Bowl,1,12.87
2242,798,Falafel Wrap,3,9.16
2243,798,Hummus Platter,2,17.10
2244,798,Greek Bowl,1,12.09
2245,798,Shawarma Plate,1,9.87
2246,798,Cucumber Salad,3,9.39
2247,798,Falafel Wrap,2,11.67
2248,800,Loaded Fries,2,15.51
2249,801,Salmon Roll,3,18.43
2250,801,Tempura Udon,1,7.92
2251,801,Tempura Udon,1,19.76
2252,801,Salmon Roll,2,8.97
2253,806,Greek Bowl,3,21.08
2254,806,Hummus Platter,2,8.61
2255,806,Greek Bowl,1,18.83
2256,806,Cucumber Salad,1,20.89
2257,806,Greek Bowl,2,14.26
2258,806,Shawarma Plate,2,11.64
2259,810,Paneer Tikka,3,8.02
2260,810,Butter Chicken,3,14.84
2261,810,Chana Masala,3,10.72
2262,810,Masala Dosa,1,18.39
2263,810,Masala Dosa,3,16.75
2264,810,Butter Chicken,3,21.83
2265,811,Shawarma Plate,3,15.93
2266,811,Falafel Wrap,3,9.60
2267,812,Paneer Tikka,3,16.44
2268,814,Onion Rings,2,20.91
2269,815,Banh Mi,3,13.30
2270,815,Rice Noodles,1,12.09
2271,815,Spring Rolls,3,12.15
2272,815,Spring Rolls,2,18.79
2273,815,Rice Noodles,3,11.91
2274,815,Pho Bowl,3,18.44
2275,816,Tacos,3,20.39
2276,816,Burrito Bowl,2,16.18
2277,816,Guacamole Chips,3,16.68
2278,816,Quesadilla,2,20.37
2279,816,Chicken Enchiladas,3,19.03
2280,816,Guacamole Chips,1,12.93
2281,817,Pad Thai,2,12.27
2282,817,Satay Skewers,1,10.86
2283,817,Tom Yum Soup,2,13.89
2284,819,Kung Pao Chicken,1,13.25
2285,819,Veggie Dumplings,2,13.47
2286,819,Veggie Dumplings,2,17.06
2287,819,Kung Pao Chicken,2,15.96
2288,821,Tempura Udon,1,9.52
2289,821,Teriyaki Bowl,3,7.80
2290,822,Lasagna,1,14.40
2291,822,Caprese Salad,3,16.34
2292,822,Garlic Bread,2,11.76
2293,822,Lasagna,2,18.64
2294,822,Caprese Salad,1,12.15
2295,822,Margherita Pizza,3,11.56
2296,823,Teriyaki Bowl,1,18.21
2297,823,Sushi Combo,1,10.56
2298,823,Tempura Udon,1,18.54
2299,823,Sushi Combo,1,14.04
2300,824,Hummus Platter,2,9.09
2301,824,Greek Bowl,2,11.05
2302,824,Shawarma Plate,3,9.06
2303,825,Tempura Udon,2,12.04
2304,825,Sushi Combo,3,20.87
2305,825,Miso Soup,1,19.51
2306,826,Thai Basil Noodles,2,7.72
2307,826,Tom Yum Soup,1,12.81
2308,826,Pad Thai,1,21.85
2309,826,Green Curry,1,16.96
2310,827,Cucumber Salad,2,17.23
2311,827,Greek Bowl,2,10.11
2312,828,Pesto Pasta,1,12.14
2313,828,Garlic Bread,1,15.07
2314,828,Pesto Pasta,1,11.53
2315,828,Pesto Pasta,3,13.77
2316,828,Pesto Pasta,3,16.39
2317,830,Butter Chicken,2,9.77
2318,831,Vietnamese Iced Coffee,2,21.20
2319,831,Rice Noodles,1,19.44
2320,831,Pho Bowl,2,8.75
2321,831,Vietnamese Iced Coffee,3,20.86
2322,831,Banh Mi,1,12.67
2323,832,Tacos,3,10.04
2324,832,Guacamole Chips,2,16.20
2325,832,Guacamole Chips,1,13.21
2326,832,Tacos,2,18.32
2327,832,Tacos,1,19.58
2328,832,Chicken Enchiladas,1,14.70
2329,833,Tom Yum Soup,3,18.74
2330,834,Sushi Combo,1,10.16
2331,834,Salmon Roll,2,8.87
2332,834,Tempura Udon,1,9.03
2333,834,Teriyaki Bowl,3,11.01
2334,835,Loaded Burger,3,10.75
2335,835,Chicken Burger,2,8.72
2336,837,Falafel Wrap,1,8.34
2337,837,Falafel Wrap,1,17.71
2338,839,Quesadilla,2,8.93
2339,840,Tacos,1,19.62
2340,841,Vietnamese Iced Coffee,3,17.84
2341,841,Spring Rolls,3,14.59
2342,841,Rice Noodles,3,12.81
2343,841,Rice Noodles,2,7.54
2344,842,General Tso Bowl,3,21.86
2345,842,Veggie Dumplings,1,7.51
2346,843,Greek Bowl,3,19.07
2347,843,Hummus Platter,1,18.20
2348,843,Falafel Wrap,2,16.87
2349,843,Shawarma Plate,2,20.69
2350,843,Cucumber Salad,1,11.60
2351,843,Shawarma Plate,2,13.85
2352,844,Biryani,1,13.89
2353,844,Butter Chicken,3,11.76
2354,844,Biryani,1,17.26
2355,844,Butter Chicken,1,17.15
2356,844,Masala Dosa,2,21.46
2357,844,Masala Dosa,2,8.34
2358,845,Pesto Pasta,3,14.28
2359,845,Caprese Salad,1,9.30
2360,845,Garlic Bread,1,15.47
2361,845,Lasagna,2,15.38
2362,848,Vietnamese Iced Coffee,3,8.57
2363,848,Rice Noodles,1,9.74
2364,848,Banh Mi,1,17.22
2365,848,Vietnamese Iced Coffee,2,16.52
2366,849,Vietnamese Iced Coffee,1,13.06
2367,849,Vietnamese Iced Coffee,3,13.66
2368,849,Spring Rolls,1,9.45
2369,849,Banh Mi,3,14.50
2370,849,Rice Noodles,2,15.94
2371,849,Pho Bowl,1,12.95
2372,850,BBQ Wings,3,11.60
2373,850,BBQ Wings,2,13.46
2374,850,Caesar Salad,1,8.70
2375,850,Chicken Sandwich,3,11.99
2376,850,Classic Burger,1,7.92
2377,850,Chicken Sandwich,2,19.45
2378,851,Paneer Tikka,3,18.33
2379,851,Chana Masala,3,9.64
2380,851,Paneer Tikka,3,17.54
2381,851,Paneer Tikka,1,11.24
2382,851,Biryani,3,16.99
2383,853,Cucumber Salad,2,12.97
2384,853,Hummus Platter,1,21.48
2385,853,Cucumber Salad,3,11.21
2386,853,Shawarma Plate,3,15.47
2387,853,Shawarma Plate,2,12.43
2388,853,Falafel Wrap,2,20.40
2389,854,Chicken Enchiladas,1,8.09
2390,854,Burrito Bowl,2,17.11
2391,854,Burrito Bowl,2,19.08
2392,855,Chicken Sandwich,3,13.66
2393,856,Quesadilla,1,13.71
2394,856,Tacos,2,8.42
2395,856,Tacos,2,10.14
2396,856,Quesadilla,2,21.08
2397,856,Tacos,1,14.54
2398,857,Greek Bowl,3,13.15
2399,857,Shawarma Plate,3,14.26
2400,857,Shawarma Plate,2,15.12
2401,857,Cucumber Salad,2,15.98
2402,857,Hummus Platter,1,11.51
2403,859,Chana Masala,2,17.70
2404,859,Butter Chicken,1,11.92
2405,859,Paneer Tikka,2,7.58
2406,859,Masala Dosa,3,9.37
2407,859,Chana Masala,2,12.21
2408,859,Chana Masala,2,19.87
2409,860,Green Curry,3,8.28
2410,861,Guacamole Chips,1,18.31
2411,861,Guacamole Chips,3,14.59
2412,861,Chicken Enchiladas,1,18.15
2413,861,Burrito Bowl,3,13.85
2414,861,Tacos,2,17.36
2415,863,Quesadilla,1,8.55
2416,864,Rice Noodles,1,11.84
2417,865,Loaded Burger,1,10.18
2418,865,Smash Burger,2,20.36
2419,865,Onion Rings,3,21.67
2420,865,Cheeseburger,2,20.61
2421,865,Onion Rings,3,15.67
2422,866,Veggie Dumplings,2,9.17
2423,866,Spring Rolls,2,17.55
2424,866,Kung Pao Chicken,2,7.85
2425,866,Veggie Dumplings,3,16.30
2426,867,Hummus Platter,1,11.71
2427,867,Cucumber Salad,3,19.61
2428,867,Hummus Platter,1,10.28
2429,867,Hummus Platter,3,8.31
2430,868,Cucumber Salad,3,17.63
2431,868,Greek Bowl,1,17.84
2432,868,Shawarma Plate,2,13.26
2433,868,Shawarma Plate,1,13.19
2434,869,Shawarma Plate,3,10.66
2435,869,Hummus Platter,3,13.64
2436,869,Falafel Wrap,1,8.47
2437,869,Hummus Platter,1,7.89
2438,869,Falafel Wrap,3,17.23
2439,870,Lasagna,3,20.72
2440,870,Pesto Pasta,2,19.27
2441,870,Garlic Bread,1,10.45
2442,870,Pesto Pasta,2,19.73
2443,870,Garlic Bread,2,7.83
2444,871,Rice Noodles,1,21.01
2445,872,BBQ Wings,3,13.34
2446,872,Classic Burger,3,10.48
2447,872,Classic Burger,2,16.72
2448,872,Loaded Fries,3,20.71
2449,872,Caesar Salad,3,9.42
2450,873,Spring Rolls,2,20.71
2451,873,Fried Rice,3,17.80
2452,873,Kung Pao Chicken,1,19.99
2453,873,Veggie Dumplings,2,16.45
2454,873,Kung Pao Chicken,3,20.90
2455,873,Fried Rice,1,19.38
2456,875,Falafel Wrap,1,9.06
2457,875,Greek Bowl,2,13.14
2458,875,Shawarma Plate,2,18.83
2459,875,Cucumber Salad,3,17.45
2460,876,Salmon Roll,3,20.14
2461,876,Teriyaki Bowl,3,18.07
2462,877,Tempura Udon,3,18.41
2463,877,Salmon Roll,2,11.18
2464,878,Burrito Bowl,1,11.56
2465,878,Quesadilla,1,8.42
2466,879,Satay Skewers,2,20.37
2467,879,Tom Yum Soup,1,17.39
2468,879,Tom Yum Soup,1,15.02
2469,879,Pad Thai,2,14.92
2470,880,Banh Mi,2,11.97
2471,880,Spring Rolls,2,14.78
2472,880,Banh Mi,1,16.49
2473,881,Pho Bowl,1,20.78
2474,883,BBQ Wings,2,12.99
2475,883,Caesar Salad,1,14.51
2476,883,Caesar Salad,3,11.28
2477,883,Classic Burger,3,8.04
2478,883,Caesar Salad,3,8.98
2479,885,Chicken Enchiladas,3,17.49
2480,886,Pesto Pasta,2,17.60
2481,886,Caprese Salad,1,9.04
2482,886,Garlic Bread,2,13.61
2483,887,Garlic Bread,2,9.12
2484,887,Garlic Bread,3,14.27
2485,888,Masala Dosa,2,12.63
2486,888,Chana Masala,1,17.06
2487,888,Paneer Tikka,2,8.45
2488,889,Margherita Pizza,3,12.12
2489,889,Margherita Pizza,2,21.46
2490,889,Garlic Bread,1,12.90
2491,889,Lasagna,2,16.77
2492,889,Margherita Pizza,3,12.51
2493,889,Lasagna,2,17.66
2494,891,BBQ Wings,2,11.06
2495,892,Banh Mi,1,15.83
2496,892,Rice Noodles,3,9.85
2497,892,Banh Mi,2,13.26
2498,893,Paneer Tikka,1,14.24
2499,893,Masala Dosa,2,15.56
2500,893,Butter Chicken,3,12.26
2501,893,Biryani,2,13.66
2502,895,Caprese Salad,3,20.01
2503,895,Margherita Pizza,1,7.59
2504,895,Garlic Bread,2,10.44
2505,896,Masala Dosa,1,14.40
2506,896,Masala Dosa,2,16.03
2507,896,Paneer Tikka,2,12.06
2508,897,Fried Rice,3,17.73
2509,897,Veggie Dumplings,2,9.31
2510,897,Spring Rolls,2,21.08
2511,900,Guacamole Chips,1,21.44
2512,900,Burrito Bowl,3,14.23
2513,900,Tacos,1,15.21
2514,900,Chicken Enchiladas,2,9.30
2515,902,Falafel Wrap,3,14.08
2516,902,Hummus Platter,3,19.96
2517,902,Hummus Platter,2,18.92
2518,902,Shawarma Plate,2,20.75
2519,902,Falafel Wrap,1,20.16
2520,903,Cucumber Salad,2,9.52
2521,903,Hummus Platter,3,18.05
2522,903,Cucumber Salad,2,10.36
2523,903,Cucumber Salad,1,7.62
2524,904,Pho Bowl,1,8.55
2525,904,Banh Mi,3,19.85
2526,905,Banh Mi,1,11.75
2527,905,Spring Rolls,2,10.62
2528,906,Falafel Wrap,2,18.14
2529,906,Shawarma Plate,3,17.04
2530,906,Shawarma Plate,1,18.41
2531,907,Shawarma Plate,1,17.26
2532,907,Cucumber Salad,3,14.34
2533,908,Masala Dosa,2,17.72
2534,909,Satay Skewers,2,18.62
2535,910,Caesar Salad,2,13.36
2536,910,Classic Burger,3,16.28
2537,910,Caesar Salad,3,19.81
2538,910,Chicken Sandwich,2,18.72
2539,910,Classic Burger,1,16.36
2540,911,Lasagna,1,9.83
2541,912,Sushi Combo,1,21.70
2542,913,Satay Skewers,3,17.76
2543,913,Green Curry,2,16.49
2544,914,Banh Mi,1,19.56
2545,916,BBQ Wings,1,18.45
2546,916,Chicken Sandwich,3,17.63
2547,918,Vietnamese Iced Coffee,1,12.71
2548,919,Fried Rice,2,17.17
2549,919,General Tso Bowl,1,18.48
2550,920,Loaded Burger,2,18.86
2551,920,Chicken Burger,1,8.69
2552,920,Loaded Burger,1,18.23
2553,920,Cheeseburger,1,8.50
2554,921,Veggie Dumplings,2,7.63
2555,921,Spring Rolls,1,9.44
2556,922,Fried Rice,3,15.73
2557,923,Chicken Sandwich,3,11.27
2558,923,Caesar Salad,2,16.11
2559,923,BBQ Wings,1,10.68
2560,923,Loaded Fries,3,14.71
2561,924,Banh Mi,2,14.58
2562,924,Pho Bowl,3,10.19
2563,924,Spring Rolls,3,13.30
2564,924,Rice Noodles,1,19.28
2565,925,Miso Soup,1,21.47
2566,925,Tempura Udon,2,21.68
2567,926,General Tso Bowl,2,17.27
2568,927,Hummus Platter,1,7.83
2569,927,Hummus Platter,1,21.07
2570,929,General Tso Bowl,3,9.50
2571,929,General Tso Bowl,2,12.75
2572,930,Spring Rolls,1,11.97
2573,930,Spring Rolls,2,11.30
2574,930,Spring Rolls,1,21.73
2575,930,General Tso Bowl,3,9.35
2576,931,Falafel Wrap,1,19.18
2577,931,Hummus Platter,1,15.36
2578,931,Falafel Wrap,1,11.88
2579,932,Miso Soup,1,12.10
2580,932,Tempura Udon,1,15.56
2581,934,Biryani,2,10.50
2582,934,Paneer Tikka,2,20.13
2583,935,Caprese Salad,3,10.42
2584,935,Margherita Pizza,3,17.52
2585,935,Pesto Pasta,1,12.11
2586,935,Caprese Salad,3,20.60
2587,936,Guacamole Chips,3,17.76
2588,938,Chicken Sandwich,1,8.79
2589,938,Classic Burger,1,17.90
2590,938,BBQ Wings,1,15.08
2591,939,Spring Rolls,3,10.88
2592,939,Spring Rolls,2,15.00
2593,940,Salmon Roll,2,19.79
2594,941,Chicken Enchiladas,1,10.00
2595,941,Tacos,2,17.57
2596,942,Lasagna,1,12.33
2597,942,Garlic Bread,1,16.50
2598,942,Margherita Pizza,3,18.15
2599,942,Margherita Pizza,2,17.67
2600,942,Caprese Salad,2,13.62
2601,944,Chicken Sandwich,2,13.17
2602,944,BBQ Wings,3,7.86
2603,944,Classic Burger,1,21.68
2604,944,Caesar Salad,3,8.46
2605,945,Garlic Bread,2,18.73
2606,945,Lasagna,2,19.69
2607,945,Lasagna,3,10.67
2608,945,Margherita Pizza,1,21.60
2609,946,Spring Rolls,1,17.21
2610,946,Veggie Dumplings,1,19.91
2611,946,General Tso Bowl,2,20.89
2612,947,Thai Basil Noodles,2,16.41
2613,947,Tom Yum Soup,1,8.86
2614,948,Chana Masala,1,18.26
2615,948,Paneer Tikka,3,13.58
2616,948,Paneer Tikka,2,21.88
2617,948,Biryani,3,7.91
2618,948,Butter Chicken,2,19.20
2619,948,Masala Dosa,2,17.44
2620,950,Classic Burger,3,14.63
2621,950,Caesar Salad,1,16.98
2622,950,BBQ Wings,1,13.39
2623,951,Pesto Pasta,2,15.34
2624,951,Lasagna,1,8.76
2625,951,Caprese Salad,3,9.83
2626,951,Caprese Salad,1,16.03
2627,951,Pesto Pasta,2,13.72
2628,951,Caprese Salad,3,19.46
2629,953,Spring Rolls,1,15.71
2630,953,Veggie Dumplings,2,16.77
2631,955,Falafel Wrap,2,21.75
2632,957,Lasagna,1,10.20
2633,957,Garlic Bread,3,20.34
2634,957,Garlic Bread,3,7.51
2635,957,Lasagna,3,15.91
2636,957,Lasagna,3,15.21
2637,957,Pesto Pasta,2,12.42
2638,958,Shawarma Plate,2,14.19
2639,958,Shawarma Plate,2,21.53
2640,958,Shawarma Plate,2,11.77
2641,958,Cucumber Salad,1,20.63
2642,958,Greek Bowl,3,15.16
2643,958,Greek Bowl,1,20.81
2644,960,Greek Bowl,1,18.63
2645,960,Falafel Wrap,2,12.25
2646,961,Thai Basil Noodles,3,10.21
2647,961,Pad Thai,1,16.00
2648,963,Biryani,2,12.55
2649,964,Kung Pao Chicken,3,15.17
2650,965,Burrito Bowl,3,9.14
2651,967,Spring Rolls,3,13.67
2652,967,Pho Bowl,3,12.70
2653,968,Pad Thai,1,17.84
2654,968,Green Curry,2,11.38
2655,968,Green Curry,3,21.15
2656,968,Thai Basil Noodles,2,12.53
2657,969,Onion Rings,1,16.52
2658,969,Cheeseburger,1,15.99
2659,972,Kung Pao Chicken,1,8.96
2660,972,Veggie Dumplings,2,16.62
2661,972,Kung Pao Chicken,3,14.80
2662,972,Kung Pao Chicken,2,11.46
2663,972,Spring Rolls,1,13.28
2664,973,Chicken Enchiladas,2,9.65
2665,973,Tacos,1,10.77
2666,973,Tacos,2,16.21
2667,973,Burrito Bowl,3,15.58
2668,973,Guacamole Chips,1,20.26
2669,973,Burrito Bowl,2,16.70
2670,974,Cheeseburger,1,19.20
2671,974,Smash Burger,2,16.88
2672,974,Onion Rings,1,11.24
2673,974,Chicken Burger,2,12.73
2674,974,Onion Rings,3,16.64
2675,974,Cheeseburger,3,19.15
2676,975,Onion Rings,3,8.83
2677,975,Loaded Burger,2,13.13
2678,975,Chicken Burger,2,20.48
2679,975,Onion Rings,2,8.22
2680,976,Masala Dosa,3,20.51
2681,976,Paneer Tikka,2,16.80
2682,976,Biryani,2,10.65
2683,976,Biryani,3,8.44
2684,976,Masala Dosa,3,13.68
2685,976,Chana Masala,3,17.04
2686,977,Shawarma Plate,2,20.86
2687,977,Cucumber Salad,1,17.09
2688,978,Tom Yum Soup,3,10.36
2689,978,Tom Yum Soup,3,18.18
2690,978,Green Curry,3,21.03
2691,978,Tom Yum Soup,3,15.38
2692,978,Satay Skewers,3,9.80
2693,978,Satay Skewers,2,10.61
2694,980,Vietnamese Iced Coffee,2,14.95
2695,980,Banh Mi,1,7.92
2696,980,Vietnamese Iced Coffee,2,12.75
2697,980,Vietnamese Iced Coffee,1,20.81
2698,980,Rice Noodles,2,11.01
2699,981,General Tso Bowl,3,15.58
2700,981,Fried Rice,2,11.01
2701,982,Guacamole Chips,3,17.44
2702,982,Chicken Enchiladas,1,12.63
2703,982,Quesadilla,2,19.02
2704,982,Quesadilla,3,7.96
2705,982,Tacos,3,11.38
2706,983,Guacamole Chips,1,18.05
2707,983,Burrito Bowl,1,14.09
2708,983,Quesadilla,1,20.72
2709,983,Chicken Enchiladas,1,15.67
2710,983,Guacamole Chips,2,10.77
2711,984,Miso Soup,1,19.66
2712,984,Tempura Udon,2,11.38
2713,984,Sushi Combo,3,16.56
2714,985,Salmon Roll,1,15.60
2715,985,Salmon Roll,1,13.57
2716,985,Sushi Combo,3,21.80
2717,985,Salmon Roll,2,8.05
2718,985,Teriyaki Bowl,3,17.54
2719,985,Salmon Roll,2,21.79
2720,987,Classic Burger,3,10.16
2721,987,BBQ Wings,1,11.99
2722,987,Loaded Fries,1,20.24
2723,987,Chicken Sandwich,2,16.09
2724,988,Banh Mi,1,18.31
2725,990,Cucumber Salad,2,10.21
2726,990,Falafel Wrap,1,9.55
2727,990,Greek Bowl,3,7.92
2728,990,Hummus Platter,2,12.65
2729,991,Onion Rings,2,9.65
2730,991,Onion Rings,3,12.98
2731,993,Teriyaki Bowl,3,12.45
2732,993,Salmon Roll,3,12.73
2733,994,Tacos,3,10.27
2734,994,Quesadilla,2,11.71
2735,996,Pad Thai,2,16.60
2736,996,Satay Skewers,1,18.99
2737,997,Cheeseburger,3,10.84
2738,997,Cheeseburger,1,14.36
2739,1000,Biryani,2,19.43
2740,1000,Biryani,3,10.67
2741,1000,Masala Dosa,3,7.95
2742,1000,Masala Dosa,1,14.32
2743,1000,Chana Masala,1,13.49
2744,1000,Paneer Tikka,1,13.87
2745,1001,Caprese Salad,1,21.87
2746,1001,Pesto Pasta,1,17.12
2747,1001,Caprese Salad,2,21.37
2748,1001,Pesto Pasta,2,11.21
2749,1001,Margherita Pizza,1,18.35
2750,1002,Butter Chicken,3,11.21
2751,1002,Butter Chicken,3,21.55
2752,1002,Masala Dosa,2,9.80
2753,1002,Chana Masala,3,20.93
2754,1002,Masala Dosa,3,10.87
2755,1003,Chicken Enchiladas,2,10.96
2756,1004,Pesto Pasta,3,16.11
2757,1005,Salmon Roll,2,18.22
2758,1005,Salmon Roll,2,12.33
2759,1007,Fried Rice,3,16.36
2760,1008,Cucumber Salad,3,9.56
2761,1008,Hummus Platter,3,17.64
2762,1008,Shawarma Plate,2,10.78
2763,1008,Falafel Wrap,1,21.21
2764,1008,Hummus Platter,2,18.76
2765,1008,Cucumber Salad,3,15.14
2766,1009,Cheeseburger,2,14.73
2767,1009,Cheeseburger,3,11.70
2768,1011,Teriyaki Bowl,1,9.59
2769,1011,Tempura Udon,1,13.27
2770,1011,Sushi Combo,1,19.87
2771,1012,Paneer Tikka,3,10.03
2772,1012,Paneer Tikka,1,11.05
2773,1013,Chicken Sandwich,2,12.71
2774,1013,Loaded Fries,2,12.95
2775,1013,Chicken Sandwich,3,16.28
2776,1013,Classic Burger,3,12.27
2777,1013,BBQ Wings,1,18.28
2778,1014,Spring Rolls,1,20.39
2779,1014,Rice Noodles,3,10.42
2780,1014,Spring Rolls,1,13.78
2781,1014,Rice Noodles,2,10.74
2782,1015,Salmon Roll,1,17.37
2783,1015,Teriyaki Bowl,3,21.63
2784,1015,Miso Soup,2,9.21
2785,1015,Salmon Roll,2,7.73
2786,1015,Teriyaki Bowl,3,15.92
2787,1015,Miso Soup,3,9.32
2788,1016,Sushi Combo,1,20.60
2789,1016,Teriyaki Bowl,1,14.83
2790,1016,Miso Soup,1,17.37
2791,1016,Salmon Roll,3,8.27
2792,1017,Chana Masala,2,10.79
2793,1017,Chana Masala,1,9.76
2794,1017,Chana Masala,3,11.05
2795,1017,Chana Masala,1,18.83
2796,1019,Caesar Salad,1,17.28
2797,1019,Caesar Salad,2,9.14
2798,1019,Classic Burger,2,9.47
2799,1019,BBQ Wings,3,14.00
2800,1019,Classic Burger,2,16.77
2801,1019,Loaded Fries,3,18.16
2802,1021,Margherita Pizza,2,19.93
2803,1021,Margherita Pizza,2,11.45
2804,1021,Margherita Pizza,1,19.15
2805,1021,Pesto Pasta,1,9.39
2806,1021,Caprese Salad,3,19.12
2807,1023,Green Curry,3,14.62
2808,1023,Thai Basil Noodles,1,20.27
2809,1023,Tom Yum Soup,3,12.49
2810,1026,Falafel Wrap,1,16.06
2811,1026,Cucumber Salad,2,14.02
2812,1026,Shawarma Plate,1,10.92
2813,1026,Falafel Wrap,2,7.62
2814,1026,Hummus Platter,2,13.38
2815,1028,Shawarma Plate,3,12.51
2816,1028,Falafel Wrap,3,17.74
2817,1028,Hummus Platter,1,18.86
2818,1028,Cucumber Salad,3,8.89
2819,1028,Falafel Wrap,1,19.45
2820,1030,Veggie Dumplings,2,9.98
2821,1030,Kung Pao Chicken,2,8.94
2822,1030,Veggie Dumplings,2,12.90
2823,1030,Kung Pao Chicken,3,11.97
2824,1030,Veggie Dumplings,1,8.92
2825,1031,Chicken Burger,3,15.38
2826,1032,Loaded Fries,1,10.00
2827,1032,BBQ Wings,3,10.34
2828,1032,Classic Burger,3,13.07
2829,1032,Classic Burger,3,18.73
2830,1032,Caesar Salad,1,13.48
2831,1032,Classic Burger,1,15.24
2832,1033,Butter Chicken,3,21.01
2833,1033,Masala Dosa,1,18.13
2834,1033,Chana Masala,1,14.21
2835,1033,Chana Masala,3,17.67
2836,1033,Masala Dosa,2,14.44
2837,1033,Butter Chicken,1,7.83
2838,1034,Tacos,1,11.20
2839,1035,Burrito Bowl,1,21.42
2840,1036,Cheeseburger,2,9.14
2841,1036,Smash Burger,2,15.57
2842,1037,Falafel Wrap,3,17.17
2843,1037,Cucumber Salad,2,9.00
2844,1037,Hummus Platter,2,7.59
2845,1039,Biryani,1,18.51
2846,1039,Chana Masala,1,16.46
2847,1039,Biryani,2,11.24
2848,1039,Biryani,2,16.22
2849,1039,Paneer Tikka,3,13.19
2850,1039,Biryani,2,19.35
2851,1040,Cucumber Salad,1,14.03
2852,1040,Shawarma Plate,1,10.90
2853,1040,Shawarma Plate,3,17.35
2854,1040,Falafel Wrap,3,18.38
2855,1040,Cucumber Salad,3,13.48
2856,1040,Hummus Platter,2,10.96
2857,1041,Biryani,2,9.03
2858,1041,Masala Dosa,2,20.80
2859,1041,Masala Dosa,3,10.65
2860,1043,Falafel Wrap,2,12.73
2861,1044,Banh Mi,2,8.92
2862,1044,Rice Noodles,3,14.38
2863,1044,Spring Rolls,1,9.89
2864,1044,Banh Mi,1,17.40
2865,1045,Quesadilla,3,12.98
2866,1045,Burrito Bowl,2,11.78
2867,1045,Guacamole Chips,2,10.03
2868,1045,Guacamole Chips,1,17.98
2869,1045,Burrito Bowl,2,21.20
2870,1045,Burrito Bowl,1,19.10
2871,1046,Satay Skewers,1,17.35
2872,1046,Green Curry,3,17.16
2873,1046,Tom Yum Soup,1,11.76
2874,1046,Green Curry,1,16.15
2875,1046,Thai Basil Noodles,3,13.57
2876,1047,Guacamole Chips,2,14.40
2877,1047,Quesadilla,2,12.01
2878,1048,Cucumber Salad,3,13.08
2879,1048,Cucumber Salad,2,20.85
2880,1048,Hummus Platter,2,15.44
2881,1048,Hummus Platter,1,7.91
2882,1048,Cucumber Salad,1,14.50
2883,1048,Cucumber Salad,3,10.78
2884,1049,Veggie Dumplings,3,19.64
2885,1049,Fried Rice,3,21.55
2886,1049,Veggie Dumplings,3,21.72
2887,1050,Thai Basil Noodles,1,17.02
2888,1050,Green Curry,2,20.96
2889,1050,Satay Skewers,2,16.12
2890,1050,Tom Yum Soup,1,8.13
2891,1050,Tom Yum Soup,1,12.93
2892,1050,Green Curry,3,8.86
2893,1052,Cucumber Salad,2,9.95
2894,1052,Cucumber Salad,1,11.54
2895,1052,Falafel Wrap,3,10.27
2896,1052,Falafel Wrap,3,9.14
2897,1052,Cucumber Salad,2,16.89
2898,1053,Vietnamese Iced Coffee,2,17.25
2899,1053,Rice Noodles,3,18.00
2900,1053,Rice Noodles,3,11.13
2901,1053,Rice Noodles,2,20.38
2902,1053,Rice Noodles,3,13.96
2903,1053,Rice Noodles,1,12.05
2904,1055,Banh Mi,1,14.56
2905,1055,Pho Bowl,2,15.37
2906,1056,Shawarma Plate,2,21.72
2907,1056,Greek Bowl,3,18.12
2908,1056,Cucumber Salad,3,15.20
2909,1056,Falafel Wrap,1,13.73
2910,1056,Shawarma Plate,1,16.60
2911,1056,Greek Bowl,2,19.91
2912,1057,Cheeseburger,2,10.38
2913,1057,Cheeseburger,1,16.09
2914,1057,Loaded Burger,2,13.96
2915,1057,Smash Burger,3,19.98
2916,1057,Onion Rings,1,13.53
2917,1058,Sushi Combo,3,13.41
2918,1058,Miso Soup,3,14.80
2919,1058,Salmon Roll,3,19.58
2920,1058,Teriyaki Bowl,3,19.78
2921,1058,Tempura Udon,3,15.86
2922,1061,Chicken Enchiladas,1,13.14
2923,1061,Tacos,3,8.18
2924,1061,Tacos,3,19.36
2925,1061,Guacamole Chips,1,13.63
2926,1061,Guacamole Chips,2,10.21
2927,1062,Banh Mi,1,13.10
2928,1062,Banh Mi,2,20.76
2929,1062,Banh Mi,1,14.27
2930,1062,Rice Noodles,2,11.36
2931,1062,Pho Bowl,1,11.97
2932,1063,Garlic Bread,1,10.99
2933,1063,Pesto Pasta,3,12.64
2934,1063,Lasagna,2,14.93
2935,1064,Greek Bowl,3,10.74
2936,1064,Shawarma Plate,1,17.29
2937,1064,Cucumber Salad,3,18.42
2938,1065,Classic Burger,1,14.44
2939,1066,Tom Yum Soup,3,10.64
2940,1066,Green Curry,1,20.62
2941,1067,Quesadilla,1,13.81
2942,1067,Quesadilla,1,19.50
2943,1067,Tacos,2,15.53
2944,1069,Falafel Wrap,3,18.14
2945,1069,Greek Bowl,2,19.99
2946,1069,Hummus Platter,1,19.29
2947,1069,Hummus Platter,3,10.21
2948,1069,Falafel Wrap,1,17.53
2949,1070,Masala Dosa,1,15.73
2950,1070,Biryani,2,11.22
2951,1070,Paneer Tikka,3,18.62
2952,1070,Biryani,2,10.87
2953,1071,Loaded Burger,2,10.63
2954,1071,Cheeseburger,3,10.99
2955,1072,Guacamole Chips,3,13.26
2956,1072,Quesadilla,3,8.16
2957,1072,Chicken Enchiladas,2,17.52
2958,1072,Quesadilla,2,20.20
2959,1073,Chicken Enchiladas,3,14.19
2960,1073,Quesadilla,3,7.96
2961,1073,Chicken Enchiladas,3,19.97
2962,1073,Burrito Bowl,2,14.46
2963,1073,Tacos,2,16.87
2964,1073,Burrito Bowl,2,13.27
2965,1074,Classic Burger,1,20.13
2966,1075,Smash Burger,3,14.27
2967,1077,Guacamole Chips,2,7.91
2968,1077,Tacos,1,14.40
2969,1078,Tacos,3,11.73
2970,1078,Burrito Bowl,3,20.75
2971,1078,Quesadilla,1,16.87
2972,1079,Pesto Pasta,3,19.75
2973,1079,Lasagna,1,17.41
2974,1083,Thai Basil Noodles,3,10.81
2975,1083,Pad Thai,2,17.20
2976,1083,Green Curry,1,18.06
2977,1083,Satay Skewers,2,11.94
2978,1083,Pad Thai,1,20.34
2979,1084,Pad Thai,3,18.89
2980,1084,Tom Yum Soup,2,9.92
2981,1084,Thai Basil Noodles,2,9.74
2982,1087,Butter Chicken,1,17.48
2983,1087,Paneer Tikka,2,7.61
2984,1087,Chana Masala,2,13.82
2985,1087,Biryani,3,20.38
2986,1088,Falafel Wrap,1,17.12
2987,1088,Cucumber Salad,2,16.97
2988,1088,Greek Bowl,2,21.75
2989,1088,Falafel Wrap,3,19.06
2990,1089,Tom Yum Soup,1,11.95
2991,1089,Tom Yum Soup,1,16.44
2992,1089,Thai Basil Noodles,3,8.44
2993,1089,Green Curry,2,8.06
2994,1089,Tom Yum Soup,3,9.43
2995,1089,Tom Yum Soup,1,17.36
2996,1090,Chana Masala,1,14.82
2997,1091,Veggie Dumplings,2,19.89
2998,1091,Kung Pao Chicken,1,16.76
2999,1091,Fried Rice,2,12.10
3000,1092,Loaded Fries,1,18.29
3001,1092,BBQ Wings,1,8.01
3002,1092,Chicken Sandwich,1,14.42
3003,1093,Shawarma Plate,2,15.90
3004,1093,Shawarma Plate,3,10.00
3005,1093,Hummus Platter,3,12.50
3006,1093,Hummus Platter,3,13.03
3007,1094,BBQ Wings,2,8.84
3008,1094,Classic Burger,3,19.35
3009,1094,Chicken Sandwich,3,17.25
3010,1094,BBQ Wings,1,18.78
3011,1094,Loaded Fries,1,11.54
3012,1094,Chicken Sandwich,2,7.53
3013,1095,Caprese Salad,3,10.06
3014,1095,Pesto Pasta,2,13.41
3015,1096,Veggie Dumplings,2,17.21
3016,1096,Spring Rolls,3,10.81
3017,1097,Tacos,2,10.51
3018,1097,Quesadilla,1,21.02
3019,1097,Chicken Enchiladas,2,13.78
3020,1097,Chicken Enchiladas,2,18.04
3021,1097,Chicken Enchiladas,2,18.68
3022,1097,Quesadilla,2,10.03
3023,1099,Teriyaki Bowl,3,15.59
3024,1099,Miso Soup,3,21.10
3025,1099,Tempura Udon,2,12.45
3026,1099,Miso Soup,2,10.44
3027,1100,Kung Pao Chicken,3,19.91
3028,1100,Veggie Dumplings,3,16.62
3029,1100,Spring Rolls,3,21.74
3030,1101,Chicken Burger,2,20.16
3031,1101,Onion Rings,3,19.97
3032,1101,Smash Burger,3,13.65
3033,1101,Chicken Burger,2,11.58
3034,1101,Smash Burger,2,16.15
3035,1101,Onion Rings,2,12.23
3036,1102,Sushi Combo,2,9.29
3037,1102,Tempura Udon,3,10.40
3038,1102,Salmon Roll,3,18.99
3039,1102,Sushi Combo,2,9.46
3040,1103,Chicken Enchiladas,2,10.56
3041,1103,Quesadilla,2,18.15
3042,1103,Chicken Enchiladas,3,13.29
3043,1104,Vietnamese Iced Coffee,3,21.37
3044,1104,Vietnamese Iced Coffee,2,15.98
3045,1105,Chicken Enchiladas,3,11.22
3046,1105,Burrito Bowl,2,17.59
3047,1105,Guacamole Chips,3,19.79
3048,1105,Burrito Bowl,2,15.91
3049,1106,Burrito Bowl,2,16.45
3050,1106,Burrito Bowl,1,7.88
3051,1108,Hummus Platter,3,11.25
3052,1108,Shawarma Plate,1,12.35
3053,1108,Shawarma Plate,2,13.53
3054,1108,Greek Bowl,1,16.90
3055,1108,Falafel Wrap,3,17.98
3056,1109,Masala Dosa,1,17.38
3057,1109,Masala Dosa,2,17.04
3058,1109,Biryani,3,20.27
3059,1109,Paneer Tikka,1,11.59
3060,1109,Paneer Tikka,2,16.29
3061,1109,Masala Dosa,3,14.95
3062,1110,Kung Pao Chicken,2,12.17
3063,1110,Kung Pao Chicken,3,12.33
3064,1110,General Tso Bowl,2,19.84
3065,1110,Spring Rolls,1,14.48
3066,1110,Fried Rice,1,9.45
3067,1112,Biryani,1,18.95
3068,1112,Masala Dosa,1,14.29
3069,1112,Chana Masala,3,9.92
3070,1112,Biryani,2,9.29
3071,1112,Butter Chicken,1,12.26
3072,1112,Paneer Tikka,3,12.16
3073,1113,Masala Dosa,2,18.22
3074,1114,General Tso Bowl,2,14.90
3075,1115,Pad Thai,3,13.42
3076,1115,Green Curry,3,16.81
3077,1115,Thai Basil Noodles,1,18.43
3078,1115,Satay Skewers,3,20.00
3079,1115,Satay Skewers,1,12.15
3080,1115,Tom Yum Soup,1,7.77
3081,1117,Classic Burger,1,18.58
3082,1117,Chicken Sandwich,2,15.41
3083,1117,Caesar Salad,3,12.30
3084,1117,BBQ Wings,3,10.50
3085,1117,Loaded Fries,3,20.76
3086,1119,Sushi Combo,1,20.55
3087,1119,Miso Soup,2,12.54
3088,1119,Miso Soup,2,8.20
3089,1119,Teriyaki Bowl,2,12.22
3090,1119,Teriyaki Bowl,1,21.11
3091,1120,Guacamole Chips,1,11.15
3092,1120,Quesadilla,1,16.56
3093,1120,Quesadilla,2,14.82
3094,1120,Chicken Enchiladas,2,18.26
3095,1121,Tacos,1,9.01
3096,1121,Burrito Bowl,3,21.37
3097,1121,Tacos,1,12.84
3098,1121,Guacamole Chips,1,14.37
3099,1122,Butter Chicken,2,20.21
3100,1122,Butter Chicken,2,11.84
3101,1122,Biryani,2,14.15
3102,1122,Masala Dosa,1,17.22
3103,1123,Tacos,2,11.03
3104,1123,Guacamole Chips,2,15.25
3105,1123,Burrito Bowl,3,16.35
3106,1123,Chicken Enchiladas,3,14.53
3107,1124,Caesar Salad,2,18.78
3108,1127,Loaded Fries,3,11.43
3109,1127,Loaded Fries,3,10.95
3110,1127,Loaded Fries,3,17.77
3111,1127,Chicken Sandwich,3,12.60
3112,1127,Chicken Sandwich,2,18.30
3113,1127,Loaded Fries,1,21.36
3114,1130,Hummus Platter,2,13.11
3115,1130,Shawarma Plate,3,14.34
3116,1130,Falafel Wrap,2,20.06
3117,1130,Falafel Wrap,2,13.57
3118,1131,Lasagna,1,11.94
3119,1131,Caprese Salad,2,10.38
3120,1131,Margherita Pizza,1,12.07
3121,1131,Caprese Salad,1,16.89
3122,1131,Pesto Pasta,1,16.46
3123,1131,Margherita Pizza,1,16.76
3124,1133,Butter Chicken,3,19.76
3125,1133,Butter Chicken,2,12.87
3126,1133,Biryani,3,14.79
3127,1133,Paneer Tikka,3,11.68
3128,1135,Spring Rolls,2,11.02
3129,1135,Spring Rolls,3,16.96
3130,1135,Spring Rolls,1,12.42
3131,1135,Banh Mi,1,19.95
3132,1135,Banh Mi,2,13.69
3133,1136,Salmon Roll,3,17.34
3134,1136,Salmon Roll,1,11.25
3135,1136,Salmon Roll,3,18.11
3136,1138,Margherita Pizza,1,18.09
3137,1138,Lasagna,3,21.75
3138,1138,Lasagna,2,8.62
3139,1139,Thai Basil Noodles,3,18.52
3140,1139,Thai Basil Noodles,3,16.02
3141,1139,Satay Skewers,2,21.81
3142,1139,Pad Thai,3,8.97
3143,1139,Tom Yum Soup,3,10.60
3144,1139,Satay Skewers,2,13.29
3145,1140,Falafel Wrap,2,18.01
3146,1141,Vietnamese Iced Coffee,2,13.62
3147,1142,Butter Chicken,3,16.76
3148,1142,Masala Dosa,3,14.51
3149,1142,Butter Chicken,2,17.88
3150,1142,Chana Masala,2,13.26
3151,1143,Masala Dosa,3,20.25
3152,1143,Chana Masala,1,18.16
3153,1143,Paneer Tikka,2,13.32
3154,1143,Chana Masala,3,12.90
3155,1144,Spring Rolls,3,16.41
3156,1144,Fried Rice,3,9.86
3157,1144,Veggie Dumplings,3,10.83
3158,1144,Veggie Dumplings,3,17.64
3159,1144,General Tso Bowl,2,20.58
3160,1144,Kung Pao Chicken,2,11.51
3161,1145,Shawarma Plate,3,10.98
3162,1148,Rice Noodles,2,10.02
3163,1148,Banh Mi,1,11.15
3164,1150,Greek Bowl,1,10.61
3165,1150,Falafel Wrap,3,13.10
3166,1150,Falafel Wrap,2,14.48
3167,1150,Shawarma Plate,1,10.57
3168,1152,Spring Rolls,1,11.15
3169,1152,Spring Rolls,2,9.91
3170,1152,General Tso Bowl,2,19.95
3171,1152,Veggie Dumplings,1,10.21
3172,1152,Spring Rolls,2,11.56
3173,1153,Burrito Bowl,3,20.08
3174,1153,Tacos,3,10.75
3175,1154,Rice Noodles,2,16.79
3176,1154,Spring Rolls,1,15.24
3177,1154,Vietnamese Iced Coffee,2,11.97
3178,1154,Vietnamese Iced Coffee,2,11.86
3179,1156,Veggie Dumplings,1,21.46
3180,1156,Fried Rice,1,14.78
3181,1156,Veggie Dumplings,1,9.54
3182,1158,Chicken Enchiladas,2,10.32
3183,1158,Guacamole Chips,2,15.20
3184,1158,Burrito Bowl,2,10.52
3185,1158,Chicken Enchiladas,3,18.67
3186,1158,Quesadilla,3,9.92
3187,1158,Burrito Bowl,2,15.43
3188,1160,Tom Yum Soup,2,20.13
3189,1160,Thai Basil Noodles,1,19.15
3190,1160,Thai Basil Noodles,2,17.66
3191,1161,Butter Chicken,1,21.48
3192,1161,Chana Masala,2,12.26
3193,1161,Chana Masala,1,12.93
3194,1161,Biryani,3,10.06
3195,1161,Chana Masala,1,21.07
3196,1162,Butter Chicken,3,10.67
3197,1163,BBQ Wings,3,8.82
3198,1164,Kung Pao Chicken,3,8.30
3199,1164,Veggie Dumplings,3,8.44
3200,1166,Quesadilla,2,10.22
3201,1166,Tacos,3,16.24
3202,1166,Tacos,2,20.67
3203,1166,Burrito Bowl,3,16.26
3204,1167,Biryani,3,14.17
3205,1167,Paneer Tikka,1,19.60
3206,1168,Pad Thai,1,8.41
3207,1168,Tom Yum Soup,1,14.30
3208,1168,Green Curry,2,8.81
3209,1168,Pad Thai,2,17.92
3210,1168,Pad Thai,1,11.09
3211,1169,Tom Yum Soup,3,12.63
3212,1169,Green Curry,1,21.21
3213,1170,Greek Bowl,1,8.06
3214,1170,Falafel Wrap,2,11.77
3215,1170,Shawarma Plate,2,15.17
3216,1171,Butter Chicken,1,16.38
3217,1171,Masala Dosa,2,16.34
3218,1172,Greek Bowl,3,18.56
3219,1172,Greek Bowl,2,13.36
3220,1172,Shawarma Plate,1,18.29
3221,1172,Greek Bowl,2,21.73
3222,1172,Greek Bowl,1,18.78
3223,1172,Hummus Platter,3,16.01
3224,1173,Tacos,2,21.02
3225,1174,Tempura Udon,2,12.41
3226,1174,Salmon Roll,2,11.92
3227,1175,Kung Pao Chicken,3,20.71
3228,1175,Kung Pao Chicken,1,13.54
3229,1176,Cheeseburger,3,18.27
3230,1176,Onion Rings,3,16.37
3231,1176,Cheeseburger,1,20.39
3232,1176,Chicken Burger,3,9.41
3233,1177,Loaded Fries,1,19.02
3234,1177,Classic Burger,2,15.21
3235,1177,Caesar Salad,3,20.82
3236,1177,Chicken Sandwich,3,8.71
3237,1178,Caprese Salad,2,20.86
3238,1179,General Tso Bowl,1,16.87
3239,1179,General Tso Bowl,3,15.69
3240,1181,Masala Dosa,1,7.94
3241,1181,Paneer Tikka,3,11.40
3242,1181,Chana Masala,3,8.74
3243,1182,Butter Chicken,1,12.47
3244,1182,Paneer Tikka,1,17.03
3245,1182,Biryani,2,9.36
3246,1182,Paneer Tikka,3,16.53
3247,1182,Butter Chicken,3,10.40
3248,1183,Hummus Platter,1,8.17
3249,1183,Shawarma Plate,2,15.55
3250,1183,Cucumber Salad,2,18.08
3251,1183,Greek Bowl,1,15.51
3252,1183,Falafel Wrap,1,16.28
3253,1183,Falafel Wrap,2,12.32
3254,1184,Pad Thai,2,17.25
3255,1184,Thai Basil Noodles,3,7.83
3256,1184,Green Curry,3,21.15
3257,1184,Satay Skewers,1,19.11
3258,1184,Pad Thai,2,15.45
3259,1184,Green Curry,1,11.27
3260,1185,General Tso Bowl,2,19.70
3261,1185,General Tso Bowl,2,14.00
3262,1185,General Tso Bowl,3,21.61
3263,1185,Fried Rice,1,17.84
3264,1185,Kung Pao Chicken,2,20.04
3265,1185,Spring Rolls,3,15.92
3266,1186,Quesadilla,2,13.15
3267,1186,Quesadilla,1,8.01
3268,1187,Masala Dosa,2,16.53
3269,1187,Biryani,2,19.10
3270,1187,Paneer Tikka,3,15.55
3271,1190,Garlic Bread,3,20.85
3272,1190,Caprese Salad,3,20.17
3273,1190,Lasagna,2,17.54
3274,1190,Garlic Bread,3,19.45
3275,1190,Margherita Pizza,1,13.11
3276,1191,Falafel Wrap,2,16.82
3277,1191,Hummus Platter,3,7.83
3278,1191,Falafel Wrap,1,19.01
3279,1192,Paneer Tikka,3,13.00
3280,1192,Biryani,2,19.46
3281,1193,Quesadilla,3,18.35
3282,1193,Burrito Bowl,3,16.36
3283,1193,Tacos,3,7.74
3284,1193,Quesadilla,1,18.44
3285,1194,Quesadilla,3,15.95
3286,1195,Quesadilla,3,11.04
3287,1196,Hummus Platter,3,15.70
3288,1196,Greek Bowl,1,15.98
3289,1196,Falafel Wrap,2,14.12
3290,1196,Cucumber Salad,3,8.19
3291,1196,Greek Bowl,1,11.93
3292,1196,Hummus Platter,3,10.95
3293,1197,Sushi Combo,1,21.29
3294,1198,Satay Skewers,2,10.60
3295,1198,Pad Thai,3,12.27
3296,1198,Green Curry,1,16.97
3297,1200,Masala Dosa,2,7.61
3298,1200,Chana Masala,2,19.95
3299,1200,Chana Masala,2,19.23
3300,1200,Chana Masala,3,18.59
3301,1200,Biryani,2,17.42
3302,1200,Paneer Tikka,3,20.33
3303,1201,Sushi Combo,3,21.03
3304,1202,Thai Basil Noodles,3,10.17
3305,1202,Green Curry,3,20.55
3306,1202,Thai Basil Noodles,1,18.45
3307,1204,Pad Thai,3,10.64
3308,1204,Green Curry,2,10.52
3309,1204,Satay Skewers,3,14.91
3310,1204,Satay Skewers,3,17.98
3311,1204,Satay Skewers,2,20.56
3312,1205,Miso Soup,3,7.77
3313,1205,Miso Soup,2,12.16
3314,1206,Spring Rolls,1,14.41
3315,1206,Fried Rice,3,11.54
3316,1206,Fried Rice,3,14.34
3317,1206,Veggie Dumplings,1,10.83
3318,1206,Veggie Dumplings,1,21.00
3319,1206,Fried Rice,2,17.34
3320,1207,Quesadilla,3,16.55
3321,1207,Chicken Enchiladas,3,16.47
3322,1207,Quesadilla,3,17.70
3323,1207,Quesadilla,1,21.42
3324,1209,Margherita Pizza,3,16.66
3325,1210,Tempura Udon,2,17.35
3326,1210,Teriyaki Bowl,2,13.89
3327,1211,Pad Thai,3,16.89
3328,1211,Thai Basil Noodles,3,14.60
3329,1211,Tom Yum Soup,2,10.73
3330,1213,Chicken Enchiladas,2,12.62
3331,1213,Quesadilla,1,18.55
3332,1213,Guacamole Chips,2,20.27
3333,1214,Garlic Bread,2,13.84
3334,1214,Garlic Bread,2,10.92
3335,1215,Margherita Pizza,1,15.65
3336,1215,Pesto Pasta,2,18.10
3337,1215,Pesto Pasta,1,19.53
3338,1215,Caprese Salad,1,19.55
3339,1215,Margherita Pizza,3,12.21
3340,1215,Caprese Salad,3,16.71
3341,1216,Hummus Platter,2,9.58
3342,1216,Cucumber Salad,2,18.43
3343,1216,Hummus Platter,2,18.62
3344,1216,Cucumber Salad,1,14.41
3345,1216,Shawarma Plate,3,8.20
3346,1216,Cucumber Salad,2,13.78
3347,1217,Margherita Pizza,1,19.08
3348,1218,Chicken Enchiladas,1,11.45
3349,1218,Tacos,1,20.60
3350,1220,Tempura Udon,1,8.54
3351,1220,Sushi Combo,1,13.82
3352,1220,Teriyaki Bowl,2,18.94
3353,1220,Tempura Udon,2,13.26
3354,1221,Vietnamese Iced Coffee,1,20.87
3355,1221,Spring Rolls,2,11.42
3356,1221,Pho Bowl,2,11.03
3357,1221,Banh Mi,2,8.09
3358,1221,Vietnamese Iced Coffee,2,19.82
3359,1222,Satay Skewers,3,17.59
3360,1222,Satay Skewers,1,8.19
3361,1222,Tom Yum Soup,3,10.47
3362,1222,Tom Yum Soup,3,15.76
3363,1222,Pad Thai,3,17.45
3364,1225,Chana Masala,2,13.39
3365,1228,Banh Mi,3,12.75
3366,1229,Salmon Roll,1,21.63
3367,1229,Sushi Combo,2,17.91
3368,1229,Teriyaki Bowl,3,11.04
3369,1229,Salmon Roll,3,14.66
3370,1230,Quesadilla,2,15.41
3371,1230,Burrito Bowl,1,13.06
3372,1230,Guacamole Chips,2,10.63
3373,1230,Chicken Enchiladas,2,13.23
3374,1230,Chicken Enchiladas,2,11.66
3375,1231,Guacamole Chips,1,13.92
3376,1231,Chicken Enchiladas,1,19.47
3377,1232,Spring Rolls,1,17.09
3378,1233,Tempura Udon,3,15.70
3379,1233,Salmon Roll,3,14.77
3380,1233,Miso Soup,2,12.89
3381,1233,Salmon Roll,1,15.75
3382,1234,Fried Rice,2,8.88
3383,1234,Fried Rice,3,18.74
3384,1234,Fried Rice,1,17.18
3385,1234,General Tso Bowl,2,16.43
3386,1234,Veggie Dumplings,3,18.43
3387,1234,Veggie Dumplings,3,18.74
3388,1235,Biryani,3,15.71
3389,1235,Biryani,2,13.91
3390,1235,Biryani,2,18.73
3391,1236,Garlic Bread,1,14.43
3392,1236,Lasagna,2,11.86
3393,1236,Garlic Bread,2,16.84
3394,1237,Smash Burger,3,19.53
3395,1237,Smash Burger,2,15.23
3396,1237,Onion Rings,1,12.34
3397,1238,Shawarma Plate,3,10.02
3398,1238,Hummus Platter,3,7.54
3399,1238,Cucumber Salad,2,18.55
3400,1238,Falafel Wrap,2,13.33
3401,1238,Hummus Platter,2,19.96
3402,1238,Greek Bowl,1,12.68
3403,1239,Shawarma Plate,2,9.30
3404,1239,Falafel Wrap,3,8.19
3405,1239,Falafel Wrap,2,16.77
3406,1239,Shawarma Plate,2,19.87
3407,1239,Greek Bowl,3,21.34
3408,1240,Hummus Platter,3,8.53
3409,1240,Greek Bowl,3,15.23
3410,1240,Hummus Platter,1,12.57
3411,1240,Greek Bowl,2,21.35
3412,1240,Greek Bowl,2,11.17
3413,1240,Hummus Platter,2,11.39
3414,1243,Shawarma Plate,2,8.87
3415,1243,Cucumber Salad,2,20.11
3416,1243,Greek Bowl,2,10.58
3417,1243,Greek Bowl,1,10.92
3418,1243,Hummus Platter,3,12.78
3419,1244,Fried Rice,2,15.46
3420,1244,Spring Rolls,2,14.50
3421,1244,Spring Rolls,2,19.49
3422,1244,Fried Rice,3,8.91
3423,1244,General Tso Bowl,2,8.14
3424,1245,Chicken Enchiladas,2,16.54
3425,1245,Burrito Bowl,1,13.41
3426,1245,Tacos,1,18.18
3427,1245,Quesadilla,2,7.53
3428,1245,Burrito Bowl,2,8.97
3429,1249,Satay Skewers,3,21.86
3430,1249,Satay Skewers,3,17.81
3431,1249,Tom Yum Soup,3,21.60
3432,1249,Thai Basil Noodles,2,17.87
3433,1250,Green Curry,2,9.29
3434,1250,Tom Yum Soup,3,12.10
3435,1250,Tom Yum Soup,1,14.96
3436,1250,Green Curry,2,21.02
3437,1251,Quesadilla,3,18.54
3438,1251,Burrito Bowl,1,14.15
3439,1251,Tacos,3,19.37
3440,1251,Burrito Bowl,1,8.62
3441,1251,Quesadilla,3,17.26
3442,1254,Pad Thai,1,13.81
3443,1254,Pad Thai,2,14.12
3444,1254,Tom Yum Soup,3,7.98
3445,1254,Thai Basil Noodles,2,17.59
3446,1254,Green Curry,3,12.00
3447,1255,Butter Chicken,2,20.52
3448,1255,Paneer Tikka,1,18.29
3449,1255,Biryani,3,19.17
3450,1256,Paneer Tikka,3,15.42
3451,1256,Chana Masala,2,13.91
3452,1256,Paneer Tikka,2,21.87
3453,1256,Masala Dosa,2,21.90
3454,1256,Biryani,3,18.96
3455,1256,Chana Masala,3,13.37
3456,1258,Caprese Salad,1,14.04
3457,1258,Pesto Pasta,3,15.25
3458,1258,Lasagna,1,21.43
3459,1258,Pesto Pasta,2,19.31
3460,1258,Pesto Pasta,3,7.61
3461,1259,Spring Rolls,1,8.18
3462,1259,Vietnamese Iced Coffee,2,9.88
3463,1259,Spring Rolls,3,10.76
3464,1261,General Tso Bowl,3,20.79
3465,1261,Fried Rice,2,17.76
3466,1261,Spring Rolls,2,13.86
3467,1261,Kung Pao Chicken,3,11.36
3468,1261,Kung Pao Chicken,1,17.63
3469,1261,Kung Pao Chicken,3,8.24
3470,1262,Vietnamese Iced Coffee,3,17.88
3471,1262,Spring Rolls,3,13.79
3472,1263,Biryani,3,19.22
3473,1263,Masala Dosa,1,14.90
3474,1264,Lasagna,1,21.16
3475,1265,Guacamole Chips,1,20.42
3476,1265,Guacamole Chips,3,21.12
3477,1266,Classic Burger,1,20.26
3478,1266,BBQ Wings,2,13.68
3479,1268,Chana Masala,1,8.77
3480,1268,Paneer Tikka,3,9.35
3481,1268,Paneer Tikka,1,8.59
3482,1269,Pesto Pasta,2,19.98
3483,1269,Caprese Salad,1,20.80
3484,1269,Garlic Bread,2,18.87
3485,1271,Cucumber Salad,3,19.11
3486,1271,Hummus Platter,2,19.16
3487,1272,Spring Rolls,2,21.57
3488,1272,Spring Rolls,2,21.38
3489,1272,Spring Rolls,2,20.67
3490,1273,Tacos,1,12.90
3491,1273,Quesadilla,2,11.62
3492,1274,Butter Chicken,1,15.00
3493,1276,Rice Noodles,3,19.74
3494,1276,Spring Rolls,1,10.58
3495,1276,Vietnamese Iced Coffee,1,14.86
3496,1276,Pho Bowl,3,12.37
3497,1276,Pho Bowl,1,15.46
3498,1276,Rice Noodles,1,17.44
3499,1278,Paneer Tikka,2,19.56
3500,1278,Masala Dosa,3,11.83
3501,1278,Butter Chicken,3,18.71
3502,1278,Biryani,2,21.02
3503,1279,Loaded Fries,2,17.16
3504,1279,Chicken Sandwich,1,21.12
3505,1279,Loaded Fries,3,15.02
3506,1279,Chicken Sandwich,1,12.16
3507,1279,Classic Burger,1,9.10
3508,1280,Vietnamese Iced Coffee,1,15.30
3509,1280,Vietnamese Iced Coffee,1,10.32
3510,1280,Rice Noodles,2,20.15
3511,1280,Vietnamese Iced Coffee,2,14.25
3512,1280,Vietnamese Iced Coffee,1,18.05
3513,1281,Falafel Wrap,2,17.02
3514,1281,Shawarma Plate,2,9.06
3515,1281,Cucumber Salad,1,18.67
3516,1281,Shawarma Plate,1,18.16
3517,1282,Sushi Combo,1,14.46
3518,1283,Guacamole Chips,3,19.57
3519,1283,Guacamole Chips,1,21.30
3520,1283,Guacamole Chips,1,8.10
3521,1283,Chicken Enchiladas,3,19.68
3522,1285,Guacamole Chips,3,8.21
3523,1288,Fried Rice,1,14.71
3524,1288,Spring Rolls,1,8.14
3525,1290,Hummus Platter,2,19.67
3526,1290,Greek Bowl,2,11.20
3527,1290,Shawarma Plate,2,11.80
3528,1290,Cucumber Salad,3,8.70
3529,1291,Salmon Roll,2,17.84
3530,1291,Teriyaki Bowl,3,17.32
3531,1291,Miso Soup,2,18.96
3532,1291,Tempura Udon,1,21.40
3533,1291,Miso Soup,3,7.72
3534,1292,Greek Bowl,1,12.34
3535,1292,Falafel Wrap,3,21.34
3536,1292,Shawarma Plate,3,8.26
3537,1292,Cucumber Salad,1,18.12
3538,1292,Greek Bowl,3,15.76
3539,1292,Hummus Platter,2,21.81
3540,1293,Chicken Sandwich,3,13.13
3541,1294,Kung Pao Chicken,2,11.49
3542,1294,Kung Pao Chicken,2,20.78
3543,1294,Kung Pao Chicken,3,11.09
3544,1294,General Tso Bowl,3,9.50
3545,1294,Fried Rice,1,13.28
3546,1295,Salmon Roll,1,10.01
3547,1295,Miso Soup,3,18.08
3548,1296,Pho Bowl,3,17.69
3549,1296,Vietnamese Iced Coffee,2,18.91
3550,1296,Rice Noodles,1,9.54
3551,1296,Rice Noodles,1,10.37
3552,1297,Sushi Combo,3,10.82
3553,1297,Tempura Udon,2,10.27
3554,1297,Tempura Udon,3,8.69
3555,1297,Miso Soup,2,13.96
3556,1299,Spring Rolls,1,14.41
3557,1299,Spring Rolls,2,12.93
3558,1299,Banh Mi,3,17.67
3559,1302,Butter Chicken,1,20.12
3560,1302,Butter Chicken,2,8.18
3561,1304,Margherita Pizza,1,20.62
3562,1304,Pesto Pasta,1,8.75
3563,1305,Greek Bowl,2,14.89
3564,1306,Chana Masala,3,14.44
3565,1306,Chana Masala,1,20.92
3566,1308,Fried Rice,3,14.03
3567,1308,General Tso Bowl,2,8.67
3568,1309,Onion Rings,3,7.89
3569,1309,Cheeseburger,2,13.42
3570,1309,Onion Rings,1,20.36
3571,1309,Loaded Burger,1,9.37
3572,1309,Onion Rings,1,12.25
3573,1310,Caprese Salad,2,15.29
3574,1310,Pesto Pasta,3,16.59
3575,1310,Garlic Bread,2,10.51
3576,1310,Caprese Salad,2,15.54
3577,1310,Margherita Pizza,3,14.03
3578,1310,Caprese Salad,2,14.19
3579,1312,Shawarma Plate,1,7.64
3580,1312,Greek Bowl,1,11.97
3581,1312,Cucumber Salad,3,14.05
3582,1313,Teriyaki Bowl,1,16.70
3583,1313,Miso Soup,1,8.14
3584,1313,Teriyaki Bowl,1,11.30
3585,1313,Miso Soup,3,19.43
3586,1313,Miso Soup,2,20.64
3587,1314,General Tso Bowl,2,21.82
3588,1315,Loaded Fries,1,18.72
3589,1316,Biryani,3,11.55
3590,1317,Spring Rolls,1,15.95
3591,1317,General Tso Bowl,3,19.05
3592,1317,Kung Pao Chicken,3,8.84
3593,1317,Fried Rice,2,7.78
3594,1317,Fried Rice,2,9.84
3595,1317,Kung Pao Chicken,2,16.06
3596,1318,Thai Basil Noodles,2,19.27
3597,1318,Tom Yum Soup,2,13.46
3598,1318,Pad Thai,1,9.05
3599,1318,Satay Skewers,3,14.31
3600,1318,Tom Yum Soup,2,12.71
3601,1318,Tom Yum Soup,2,12.42
3602,1319,Green Curry,3,15.64
3603,1321,Guacamole Chips,1,9.90
3604,1321,Chicken Enchiladas,1,11.76
3605,1321,Quesadilla,2,21.08
3606,1321,Burrito Bowl,1,15.85
3607,1321,Chicken Enchiladas,3,11.21
3608,1321,Guacamole Chips,3,19.86
3609,1322,Onion Rings,1,19.64
3610,1322,Onion Rings,3,16.00
3611,1322,Chicken Burger,1,20.78
3612,1322,Onion Rings,1,10.65
3613,1322,Smash Burger,2,18.76
3614,1322,Onion Rings,1,16.50
3615,1323,Onion Rings,2,20.32
3616,1323,Onion Rings,3,12.89
3617,1323,Cheeseburger,3,10.45
3618,1323,Chicken Burger,2,9.58
3619,1323,Smash Burger,2,14.25
3620,1324,Green Curry,3,19.13
3621,1324,Satay Skewers,1,17.15
3622,1324,Pad Thai,1,21.13
3623,1324,Green Curry,2,9.27
3624,1325,Thai Basil Noodles,3,13.54
3625,1325,Green Curry,3,18.92
3626,1325,Satay Skewers,3,21.42
3627,1326,Paneer Tikka,2,10.40
3628,1326,Paneer Tikka,1,17.36
3629,1326,Paneer Tikka,1,18.84
3630,1327,Veggie Dumplings,3,15.99
3631,1327,Veggie Dumplings,2,11.53
3632,1329,Burrito Bowl,2,19.23
3633,1329,Burrito Bowl,2,15.65
3634,1329,Quesadilla,3,10.76
3635,1329,Burrito Bowl,2,16.31
3636,1330,Tacos,1,12.41
3637,1330,Chicken Enchiladas,2,12.15
3638,1331,Hummus Platter,3,11.90
3639,1331,Hummus Platter,3,12.45
3640,1331,Shawarma Plate,3,19.52
3641,1331,Falafel Wrap,2,19.91
3642,1331,Greek Bowl,2,15.15
3643,1333,Cucumber Salad,2,11.64
3644,1333,Shawarma Plate,2,11.03
3645,1334,Butter Chicken,3,16.60
3646,1334,Chana Masala,1,11.19
3647,1334,Biryani,2,21.37
3648,1335,Chicken Sandwich,3,19.05
3649,1335,Loaded Fries,1,21.53
3650,1335,Caesar Salad,2,21.48
3651,1335,Loaded Fries,2,19.03
3652,1335,Caesar Salad,3,19.88
3653,1336,Caprese Salad,3,15.13
3654,1336,Caprese Salad,3,13.22
3655,1336,Pesto Pasta,1,10.79
3656,1336,Garlic Bread,1,9.93
3657,1336,Pesto Pasta,1,20.71
3658,1336,Margherita Pizza,1,16.45
3659,1338,Spring Rolls,3,13.28
3660,1338,Vietnamese Iced Coffee,1,21.20
3661,1338,Rice Noodles,3,9.40
3662,1338,Vietnamese Iced Coffee,3,15.05
3663,1338,Vietnamese Iced Coffee,1,20.74
3664,1338,Rice Noodles,2,10.42
3665,1339,Kung Pao Chicken,2,19.04
3666,1339,Fried Rice,3,12.72
3667,1339,General Tso Bowl,1,15.80
3668,1339,Kung Pao Chicken,2,20.69
3669,1340,Tempura Udon,2,11.96
3670,1340,Salmon Roll,2,7.62
3671,1341,Paneer Tikka,1,15.30
3672,1341,Chana Masala,1,14.28
3673,1341,Butter Chicken,2,8.63
3674,1342,Pad Thai,1,15.09
3675,1342,Tom Yum Soup,2,17.36
3676,1342,Green Curry,1,9.62
3677,1343,Veggie Dumplings,3,17.63
3678,1343,Kung Pao Chicken,1,17.91
3679,1343,General Tso Bowl,2,11.78
3680,1343,Fried Rice,1,13.24
3681,1344,Cucumber Salad,2,16.42
3682,1344,Falafel Wrap,1,20.01
3683,1345,Lasagna,2,13.48
3684,1345,Caprese Salad,2,16.86
3685,1346,Falafel Wrap,1,12.62
3686,1346,Shawarma Plate,3,17.30
3687,1346,Shawarma Plate,2,11.47
3688,1346,Falafel Wrap,1,20.00
3689,1346,Shawarma Plate,1,14.43
3690,1347,Loaded Fries,2,18.08
3691,1347,Chicken Sandwich,1,7.69
3692,1347,Loaded Fries,3,21.21
3693,1348,Banh Mi,1,17.42
3694,1349,Pesto Pasta,2,15.20
3695,1349,Margherita Pizza,2,8.21
3696,1349,Margherita Pizza,2,12.33
3697,1349,Garlic Bread,1,10.80
3698,1350,Onion Rings,2,8.59
3699,1350,Chicken Burger,2,14.70
3700,1350,Cheeseburger,3,16.63
3701,1350,Cheeseburger,1,12.76
3702,1350,Cheeseburger,3,13.72
3703,1351,Chicken Enchiladas,2,17.14
3704,1351,Burrito Bowl,3,9.36
3705,1351,Burrito Bowl,3,9.38
3706,1351,Burrito Bowl,3,9.73
3707,1351,Quesadilla,1,10.93
3708,1352,Tacos,3,13.98
3709,1352,Burrito Bowl,2,15.79
3710,1352,Tacos,2,15.93
3711,1352,Chicken Enchiladas,1,16.04
3712,1352,Burrito Bowl,2,15.21
3713,1353,Loaded Burger,2,19.17
3714,1353,Cheeseburger,2,19.63
3715,1354,Chicken Burger,3,13.89
3716,1355,Lasagna,3,9.87
3717,1355,Margherita Pizza,2,12.31
3718,1355,Caprese Salad,2,17.52
3719,1355,Margherita Pizza,2,20.67
3720,1355,Lasagna,3,19.17
3721,1357,Banh Mi,3,13.43
3722,1357,Vietnamese Iced Coffee,1,12.48
3723,1357,Pho Bowl,3,20.83
3724,1358,Hummus Platter,3,8.51
3725,1358,Greek Bowl,3,15.78
3726,1358,Shawarma Plate,3,13.97
3727,1358,Shawarma Plate,3,18.87
3728,1358,Shawarma Plate,1,20.20
3729,1358,Greek Bowl,2,10.25
3730,1359,Loaded Fries,1,16.57
3731,1359,Loaded Fries,2,16.47
3732,1359,Caesar Salad,3,14.63
3733,1360,Cucumber Salad,2,12.71
3734,1360,Falafel Wrap,2,20.52
3735,1360,Greek Bowl,1,20.38
3736,1360,Falafel Wrap,1,16.33
3737,1362,Chicken Enchiladas,1,18.49
3738,1362,Tacos,2,20.86
3739,1363,Butter Chicken,3,11.77
3740,1363,Biryani,2,15.87
3741,1363,Masala Dosa,1,16.52
3742,1363,Butter Chicken,3,11.63
3743,1365,Chicken Burger,1,13.53
3744,1365,Loaded Burger,2,10.78
3745,1366,Vietnamese Iced Coffee,1,11.65
3746,1366,Banh Mi,2,13.00
3747,1366,Banh Mi,1,12.77
3748,1367,Spring Rolls,1,20.79
3749,1367,Veggie Dumplings,2,18.76
3750,1367,Veggie Dumplings,1,16.07
3751,1367,Kung Pao Chicken,3,21.29
3752,1367,Kung Pao Chicken,1,17.27
3753,1368,Paneer Tikka,2,10.98
3754,1369,Falafel Wrap,2,10.15
3755,1370,Chicken Sandwich,2,11.97
3756,1370,Classic Burger,2,14.58
3757,1370,Loaded Fries,2,15.73
3758,1370,Classic Burger,1,16.63
3759,1370,BBQ Wings,2,9.31
3760,1371,Spring Rolls,1,10.63
3761,1371,Fried Rice,3,15.10
3762,1371,Fried Rice,2,19.04
3763,1371,Veggie Dumplings,1,15.78
3764,1371,Veggie Dumplings,3,18.47
3765,1374,BBQ Wings,2,17.36
3766,1374,Caesar Salad,2,18.98
3767,1374,Classic Burger,2,11.09
3768,1374,BBQ Wings,1,18.87
3769,1374,Chicken Sandwich,2,18.58
3770,1375,Tacos,3,11.84
3771,1375,Tacos,2,12.17
3772,1375,Burrito Bowl,3,10.42
3773,1375,Chicken Enchiladas,3,7.73
3774,1375,Burrito Bowl,3,21.49
3775,1375,Burrito Bowl,2,11.83
3776,1376,Caprese Salad,2,8.47
3777,1377,Quesadilla,2,9.60
3778,1377,Chicken Enchiladas,2,11.09
3779,1377,Quesadilla,2,11.24
3780,1377,Burrito Bowl,3,20.76
3781,1377,Tacos,3,11.08
3782,1378,Caprese Salad,3,14.60
3783,1378,Pesto Pasta,3,17.66
3784,1378,Margherita Pizza,3,13.73
3785,1378,Lasagna,2,21.12
3786,1378,Pesto Pasta,3,10.33
3787,1380,Tacos,3,15.77
3788,1380,Chicken Enchiladas,1,11.49
3789,1380,Tacos,3,18.70
3790,1380,Chicken Enchiladas,1,18.89
3791,1380,Quesadilla,1,14.89
3792,1381,Spring Rolls,3,10.70
3793,1381,General Tso Bowl,1,11.07
3794,1382,Thai Basil Noodles,1,20.34
3795,1382,Green Curry,1,20.95
3796,1382,Green Curry,2,12.40
3797,1383,Chicken Sandwich,1,10.10
3798,1383,Chicken Sandwich,2,11.97
3799,1383,Chicken Sandwich,1,11.72
3800,1384,Caprese Salad,2,7.81
3801,1384,Garlic Bread,3,12.89
3802,1384,Caprese Salad,1,8.29
3803,1384,Pesto Pasta,2,8.15
3804,1386,Butter Chicken,2,8.19
3805,1386,Paneer Tikka,1,12.20
3806,1386,Butter Chicken,2,17.71
3807,1388,Fried Rice,2,12.17
3808,1388,General Tso Bowl,1,19.08
3809,1388,Fried Rice,3,21.87
3810,1388,Kung Pao Chicken,2,9.69
3811,1388,Fried Rice,2,13.16
3812,1388,Kung Pao Chicken,1,16.05
3813,1389,Green Curry,2,19.21
3814,1391,Falafel Wrap,1,12.12
3815,1391,Cucumber Salad,1,21.06
3816,1392,Chana Masala,1,15.94
3817,1392,Paneer Tikka,3,21.52
3818,1392,Biryani,1,12.53
3819,1392,Paneer Tikka,3,17.42
3820,1392,Chana Masala,2,20.92
3821,1392,Butter Chicken,3,17.77
3822,1393,Masala Dosa,1,12.30
3823,1394,Vietnamese Iced Coffee,2,12.65
3824,1395,Margherita Pizza,2,13.72
3825,1395,Pesto Pasta,1,21.31
3826,1395,Pesto Pasta,2,13.40
3827,1395,Margherita Pizza,2,9.23
3828,1395,Caprese Salad,1,19.67
3829,1398,Burrito Bowl,3,17.14
3830,1398,Chicken Enchiladas,3,12.75
3831,1399,Caesar Salad,1,12.05
3832,1399,Classic Burger,1,14.10
3833,1399,Classic Burger,2,8.10
3834,1399,Chicken Sandwich,1,12.03
3835,1400,Thai Basil Noodles,3,13.05
3836,1400,Tom Yum Soup,3,16.89
3837,1400,Thai Basil Noodles,2,14.13
3838,1400,Pad Thai,2,10.23
3839,1401,Banh Mi,3,21.39
3840,1401,Pho Bowl,3,8.11
3841,1401,Rice Noodles,1,9.07
3842,1402,Cheeseburger,2,18.52
3843,1402,Onion Rings,3,8.88
3844,1402,Cheeseburger,3,10.62
3845,1402,Smash Burger,2,19.47
3846,1402,Chicken Burger,3,15.52
3847,1403,Spring Rolls,3,10.48
3848,1403,Fried Rice,2,16.95
3849,1403,General Tso Bowl,1,15.49
3850,1403,Kung Pao Chicken,2,21.42
3851,1403,General Tso Bowl,3,15.21
3852,1404,Spring Rolls,1,15.10
3853,1405,Biryani,2,20.91
3854,1405,Butter Chicken,2,16.54
3855,1405,Chana Masala,2,12.31
3856,1406,Satay Skewers,3,15.22
3857,1406,Green Curry,2,14.39
3858,1406,Thai Basil Noodles,1,7.67
3859,1406,Green Curry,3,14.53
3860,1406,Pad Thai,3,16.69
3861,1406,Thai Basil Noodles,1,17.19
3862,1408,Tom Yum Soup,2,9.72
3863,1408,Green Curry,2,10.54
3864,1408,Satay Skewers,2,7.76
3865,1408,Thai Basil Noodles,1,17.97
3866,1409,Falafel Wrap,3,10.70
3867,1409,Shawarma Plate,3,13.89
3868,1409,Cucumber Salad,3,15.91
3869,1409,Cucumber Salad,2,8.99
3870,1410,Sushi Combo,2,21.57
3871,1410,Tempura Udon,3,10.44
3872,1410,Miso Soup,1,11.25
3873,1410,Miso Soup,2,15.63
3874,1411,Vietnamese Iced Coffee,2,15.09
3875,1411,Vietnamese Iced Coffee,2,12.87
3876,1411,Rice Noodles,2,18.49
3877,1413,Burrito Bowl,1,13.62
3878,1413,Quesadilla,2,8.15
3879,1413,Chicken Enchiladas,2,19.32
3880,1413,Tacos,2,11.08
3881,1413,Burrito Bowl,3,8.20
3882,1413,Guacamole Chips,1,15.98
3883,1414,Paneer Tikka,1,17.86
3884,1414,Paneer Tikka,2,15.12
3885,1414,Biryani,2,12.27
3886,1415,Veggie Dumplings,1,18.60
3887,1415,General Tso Bowl,2,18.94
3888,1415,Kung Pao Chicken,3,10.38
3889,1415,General Tso Bowl,2,17.40
3890,1415,General Tso Bowl,1,16.02
3891,1415,Veggie Dumplings,2,9.05
3892,1416,Spring Rolls,3,14.42
3893,1416,Banh Mi,1,19.77
3894,1416,Banh Mi,2,17.07
3895,1418,Tacos,2,21.26
3896,1421,Loaded Burger,2,12.13
3897,1421,Cheeseburger,2,11.76
3898,1421,Cheeseburger,3,21.81
3899,1421,Cheeseburger,3,15.62
3900,1421,Chicken Burger,1,15.68
3901,1423,Caprese Salad,2,16.59
3902,1423,Pesto Pasta,3,14.84
3903,1423,Pesto Pasta,2,12.94
3904,1423,Caprese Salad,1,7.69
3905,1423,Lasagna,1,15.08
3906,1423,Margherita Pizza,1,7.93
3907,1424,Classic Burger,2,10.72
3908,1424,Chicken Sandwich,3,11.92
3909,1424,Chicken Sandwich,1,14.58
3910,1424,Loaded Fries,1,13.80
3911,1425,Spring Rolls,3,21.35
3912,1425,General Tso Bowl,2,21.76
3913,1425,General Tso Bowl,2,9.70
3914,1426,Spring Rolls,2,17.48
3915,1426,Fried Rice,1,15.01
3916,1426,General Tso Bowl,1,9.59
3917,1426,Veggie Dumplings,2,18.70
3918,1427,Caesar Salad,1,7.56
3919,1427,Chicken Sandwich,1,8.04
3920,1427,Chicken Sandwich,2,8.06
3921,1428,Masala Dosa,3,14.24
3922,1428,Butter Chicken,1,12.68
3923,1428,Biryani,3,15.62
3924,1430,Salmon Roll,2,8.97
3925,1430,Tempura Udon,3,9.89
3926,1430,Tempura Udon,1,12.35
3927,1431,Satay Skewers,2,13.71
3928,1432,Rice Noodles,1,19.74
3929,1433,Tacos,3,9.33
3930,1433,Chicken Enchiladas,3,11.73
3931,1433,Quesadilla,2,16.64
3932,1433,Burrito Bowl,3,15.52
3933,1433,Tacos,2,8.69
3934,1433,Tacos,2,13.13
3935,1434,Spring Rolls,3,19.17
3936,1434,Spring Rolls,2,11.86
3937,1434,Pho Bowl,1,9.81
3938,1434,Spring Rolls,3,15.50
3939,1434,Spring Rolls,3,15.34
3940,1434,Vietnamese Iced Coffee,1,17.93
3941,1435,Green Curry,2,10.88
3942,1435,Pad Thai,2,12.78
3943,1435,Green Curry,1,19.56
3944,1435,Pad Thai,3,7.95
3945,1437,Green Curry,2,17.28
3946,1438,Garlic Bread,1,20.75
3947,1438,Margherita Pizza,3,18.48
3948,1438,Garlic Bread,2,7.59
3949,1438,Margherita Pizza,1,11.30
3950,1438,Margherita Pizza,3,15.68
3951,1439,Kung Pao Chicken,1,19.23
3952,1439,Spring Rolls,1,18.06
3953,1439,General Tso Bowl,3,17.24
3954,1439,Veggie Dumplings,2,17.96
3955,1439,General Tso Bowl,3,15.45
3956,1439,Veggie Dumplings,2,8.41
3957,1440,Pad Thai,1,11.27
3958,1440,Tom Yum Soup,1,10.35
3959,1441,Salmon Roll,3,8.99
3960,1441,Tempura Udon,3,8.99
3961,1442,Falafel Wrap,2,20.77
3962,1442,Hummus Platter,1,12.03
3963,1445,Burrito Bowl,2,20.08
3964,1445,Burrito Bowl,2,11.99
3965,1445,Burrito Bowl,3,12.70
3966,1445,Burrito Bowl,3,18.23
3967,1446,Kung Pao Chicken,2,14.03
3968,1446,Fried Rice,3,19.27
3969,1446,General Tso Bowl,3,10.56
3970,1446,Kung Pao Chicken,1,9.01
3971,1448,Sushi Combo,2,11.41
3972,1448,Miso Soup,1,21.13
3973,1449,Banh Mi,2,12.22
3974,1449,Vietnamese Iced Coffee,3,11.37
3975,1450,Butter Chicken,2,17.95
3976,1450,Butter Chicken,1,10.59
3977,1451,Vietnamese Iced Coffee,2,11.22
3978,1452,Spring Rolls,3,20.76
3979,1452,Spring Rolls,2,7.55
3980,1452,Veggie Dumplings,1,16.26
3981,1452,Veggie Dumplings,2,18.27
3982,1452,Spring Rolls,2,8.78
3983,1452,General Tso Bowl,2,8.52
3984,1453,Guacamole Chips,1,10.73
3985,1453,Guacamole Chips,2,12.55
3986,1454,Salmon Roll,3,16.80
3987,1454,Salmon Roll,2,14.54
3988,1455,Masala Dosa,1,8.76
3989,1455,Butter Chicken,1,7.89
3990,1456,Rice Noodles,3,13.35
3991,1456,Spring Rolls,2,13.36
3992,1456,Pho Bowl,1,12.14
3993,1456,Vietnamese Iced Coffee,1,13.09
3994,1456,Spring Rolls,1,8.38
3995,1456,Vietnamese Iced Coffee,2,21.19
3996,1458,Satay Skewers,2,16.13
3997,1458,Thai Basil Noodles,2,18.66
3998,1458,Thai Basil Noodles,3,16.01
3999,1458,Thai Basil Noodles,2,14.94
4000,1458,Satay Skewers,1,20.43
4001,1458,Green Curry,2,19.14
4002,1459,Pho Bowl,1,20.77
4003,1459,Vietnamese Iced Coffee,2,7.56
4004,1459,Pho Bowl,2,14.50
4005,1459,Banh Mi,3,14.42
4006,1459,Rice Noodles,2,16.08
4007,1460,Tacos,1,13.90
4008,1460,Burrito Bowl,1,20.91
4009,1460,Burrito Bowl,2,9.04
4010,1462,Masala Dosa,1,21.79
4011,1462,Biryani,3,7.84
4012,1463,Margherita Pizza,2,11.63
4013,1463,Margherita Pizza,2,12.31
4014,1464,BBQ Wings,2,13.95
4015,1465,Tacos,1,10.86
4016,1466,Garlic Bread,2,17.06
4017,1466,Caprese Salad,3,20.83
4018,1466,Lasagna,1,10.79
4019,1466,Margherita Pizza,2,18.68
4020,1466,Margherita Pizza,1,17.97
4021,1466,Lasagna,1,20.56
4022,1468,Pho Bowl,2,16.39
4023,1468,Rice Noodles,3,10.09
4024,1468,Vietnamese Iced Coffee,2,10.59
4025,1468,Vietnamese Iced Coffee,3,9.11
4026,1468,Rice Noodles,2,16.83
4027,1469,Caprese Salad,1,8.99
4028,1469,Caprese Salad,1,21.35
4029,1469,Lasagna,2,17.50
4030,1469,Pesto Pasta,2,14.79
4031,1469,Pesto Pasta,1,18.92
4032,1471,Chana Masala,2,19.68
4033,1473,Shawarma Plate,2,21.46
4034,1474,Tacos,3,9.71
4035,1474,Guacamole Chips,3,19.19
4036,1476,Tempura Udon,2,17.06
4037,1476,Sushi Combo,3,8.63
4038,1476,Teriyaki Bowl,2,15.80
4039,1477,Kung Pao Chicken,2,20.71
4040,1477,General Tso Bowl,2,21.00
4041,1477,General Tso Bowl,1,12.76
4042,1477,Spring Rolls,3,8.96
4043,1479,Banh Mi,2,14.16
4044,1479,Banh Mi,1,20.18
4045,1479,Pho Bowl,2,9.46
4046,1479,Pho Bowl,2,17.54
4047,1479,Rice Noodles,3,16.32
4048,1479,Spring Rolls,2,13.16
4049,1480,Satay Skewers,1,19.30
4050,1480,Thai Basil Noodles,3,16.08
4051,1481,Burrito Bowl,1,21.02
4052,1481,Quesadilla,2,14.50
4053,1481,Tacos,3,17.83
4054,1481,Quesadilla,3,9.41
4055,1481,Burrito Bowl,3,15.29
4056,1481,Guacamole Chips,2,21.23
4057,1482,Chana Masala,1,12.71
4058,1482,Paneer Tikka,3,19.51
4059,1482,Butter Chicken,2,7.84
4060,1483,Pesto Pasta,2,21.68
4061,1483,Margherita Pizza,1,17.10
4062,1483,Margherita Pizza,3,18.60
4063,1484,Butter Chicken,1,19.28
4064,1484,Masala Dosa,1,13.48
4065,1485,Cucumber Salad,2,10.27
4066,1485,Greek Bowl,2,21.44
4067,1485,Cucumber Salad,3,14.91
4068,1486,Smash Burger,1,19.82
4069,1486,Cheeseburger,1,17.19
4070,1486,Chicken Burger,3,9.52
4071,1486,Smash Burger,3,19.79
4072,1486,Onion Rings,3,16.49
4073,1486,Chicken Burger,2,14.38
4074,1487,Teriyaki Bowl,3,20.92
4075,1487,Salmon Roll,1,11.30
4076,1487,Sushi Combo,3,9.30
4077,1488,Guacamole Chips,3,11.03
4078,1488,Guacamole Chips,2,21.46
4079,1488,Guacamole Chips,1,16.23
4080,1488,Tacos,1,18.62
4081,1489,Chicken Enchiladas,3,9.46
4082,1490,Hummus Platter,1,13.41
4083,1490,Falafel Wrap,3,17.97
4084,1490,Shawarma Plate,2,9.25
4085,1490,Shawarma Plate,1,16.69
4086,1490,Hummus Platter,1,9.74
4087,1490,Shawarma Plate,2,18.51
4088,1493,Guacamole Chips,3,10.94
4089,1493,Chicken Enchiladas,1,12.06
4090,1493,Chicken Enchiladas,3,8.45
4091,1494,Masala Dosa,2,11.44
4092,1494,Paneer Tikka,1,10.74
4093,1494,Chana Masala,3,8.48
4094,1494,Chana Masala,3,10.78
4095,1494,Paneer Tikka,2,9.51
4096,1495,Spring Rolls,1,20.25
4097,1495,General Tso Bowl,2,20.63
4098,1495,Veggie Dumplings,2,20.29
4099,1495,Veggie Dumplings,2,15.90
4100,1496,Chana Masala,3,15.67
4101,1496,Paneer Tikka,1,12.01
4102,1496,Chana Masala,2,18.47
4103,1496,Biryani,2,17.35
4104,1496,Biryani,1,19.04
4105,1497,General Tso Bowl,3,18.01
4106,1497,General Tso Bowl,3,9.13
4107,1497,Kung Pao Chicken,1,11.95
4108,1497,Veggie Dumplings,1,8.17
4109,1497,Fried Rice,1,16.21
4110,1498,Chicken Burger,1,12.11
4111,1498,Onion Rings,2,8.73
4112,1498,Loaded Burger,2,17.62
4113,1498,Chicken Burger,3,17.00
4114,1498,Cheeseburger,3,20.60
4115,1498,Smash Burger,2,15.14
4116,1500,BBQ Wings,1,9.97
4117,1500,Loaded Fries,3,8.91
4118,1500,Chicken Sandwich,1,17.77
4119,1500,Loaded Fries,2,21.23
4120,1501,Masala Dosa,1,9.17
4121,1501,Paneer Tikka,3,21.42
4122,1503,Caprese Salad,3,7.82
4123,1503,Pesto Pasta,1,12.17
4124,1503,Lasagna,1,15.21
4125,1504,Classic Burger,1,16.46
4126,1504,Loaded Fries,3,16.42
4127,1504,BBQ Wings,2,14.25
4128,1504,Chicken Sandwich,3,14.06
4129,1505,Chana Masala,1,16.16
4130,1506,Spring Rolls,2,19.78
4131,1506,Spring Rolls,2,8.47
4132,1506,Banh Mi,2,17.87
4133,1507,Tom Yum Soup,3,8.73
4134,1507,Pad Thai,2,17.23
4135,1507,Satay Skewers,2,7.67
4136,1507,Thai Basil Noodles,2,9.64
4137,1507,Tom Yum Soup,2,21.29
4138,1507,Satay Skewers,2,9.00
4139,1510,Green Curry,2,21.15
4140,1511,Fried Rice,3,19.74
4141,1512,Banh Mi,1,7.94
4142,1512,Pho Bowl,3,8.12
4143,1512,Vietnamese Iced Coffee,1,7.96
4144,1512,Rice Noodles,3,9.60
4145,1512,Banh Mi,3,11.14
4146,1513,Cucumber Salad,1,14.86
4147,1513,Hummus Platter,1,19.01
4148,1513,Falafel Wrap,2,17.33
4149,1513,Cucumber Salad,3,10.42
4150,1514,Chicken Sandwich,3,13.86
4151,1514,Caesar Salad,2,18.48
4152,1514,Loaded Fries,3,12.52
4153,1514,Chicken Sandwich,1,14.30
4154,1515,Classic Burger,1,16.39
4155,1515,Classic Burger,3,11.75
4156,1515,BBQ Wings,2,11.15
4157,1515,Classic Burger,2,17.32
4158,1515,Chicken Sandwich,2,16.33
4159,1515,Caesar Salad,1,16.56
4160,1516,Quesadilla,1,9.76
4161,1517,Tom Yum Soup,2,12.28
4162,1517,Pad Thai,1,21.28
4163,1517,Pad Thai,1,14.89
4164,1517,Thai Basil Noodles,2,17.42
4165,1517,Tom Yum Soup,3,9.36
4166,1517,Satay Skewers,1,10.50
4167,1518,Pad Thai,1,10.52
4168,1518,Pad Thai,2,9.44
4169,1518,Green Curry,2,8.05
4170,1518,Thai Basil Noodles,1,7.54
4171,1520,Tacos,3,11.41
4172,1520,Tacos,3,11.46
4173,1520,Guacamole Chips,2,19.12
4174,1520,Chicken Enchiladas,1,21.62
4175,1520,Chicken Enchiladas,1,19.73
4176,1520,Chicken Enchiladas,1,19.95
4177,1521,Pho Bowl,2,17.72
4178,1521,Banh Mi,1,13.58
4179,1521,Vietnamese Iced Coffee,3,13.05
4180,1521,Rice Noodles,2,17.97
4181,1521,Spring Rolls,1,11.08
4182,1522,Butter Chicken,2,12.88
4183,1522,Biryani,1,21.08
4184,1522,Masala Dosa,1,13.78
4185,1522,Biryani,3,14.19
4186,1522,Butter Chicken,3,15.37
4187,1523,Spring Rolls,3,12.27
4188,1524,Pho Bowl,1,12.24
4189,1524,Pho Bowl,2,13.36
4190,1525,Veggie Dumplings,3,21.11
4191,1525,Veggie Dumplings,3,7.55
4192,1525,Veggie Dumplings,2,8.88
4193,1525,Fried Rice,1,12.08
4194,1527,Burrito Bowl,3,16.28
4195,1527,Guacamole Chips,3,15.75
4196,1527,Guacamole Chips,1,18.02
4197,1527,Tacos,1,12.25
4198,1527,Tacos,3,12.27
4199,1527,Tacos,3,11.02
4200,1528,Smash Burger,1,17.01
4201,1528,Chicken Burger,1,12.17
4202,1528,Chicken Burger,1,21.67
4203,1528,Onion Rings,3,11.88
4204,1528,Loaded Burger,2,18.16
4205,1529,Lasagna,2,21.83
4206,1529,Pesto Pasta,2,18.24
4207,1529,Pesto Pasta,3,12.74
4208,1529,Margherita Pizza,1,9.17
4209,1529,Lasagna,1,19.27
4210,1531,Greek Bowl,3,17.38
4211,1531,Hummus Platter,2,13.91
4212,1531,Cucumber Salad,3,15.25
4213,1531,Shawarma Plate,1,10.68
4214,1531,Shawarma Plate,2,15.15
4215,1532,Butter Chicken,1,7.79
4216,1532,Biryani,3,20.33
4217,1532,Chana Masala,1,17.68
4218,1532,Chana Masala,2,9.20
4219,1532,Chana Masala,2,8.47
4220,1532,Biryani,1,10.06
4221,1533,Chicken Sandwich,2,21.28
4222,1533,Loaded Fries,3,18.56
4223,1533,Loaded Fries,3,20.16
4224,1533,Classic Burger,2,18.10
4225,1534,Spring Rolls,3,13.36
4226,1534,Spring Rolls,2,14.64
4227,1534,Rice Noodles,1,9.04
4228,1536,Smash Burger,2,21.75
4229,1537,Cucumber Salad,1,7.76
4230,1537,Greek Bowl,2,14.24
4231,1537,Hummus Platter,2,20.09
4232,1538,Biryani,3,9.00
4233,1538,Masala Dosa,1,15.41
4234,1538,Biryani,3,15.71
4235,1539,Butter Chicken,1,20.15
4236,1539,Paneer Tikka,1,9.17
4237,1539,Paneer Tikka,1,12.96
4238,1539,Chana Masala,3,18.69
4239,1542,Salmon Roll,1,20.68
4240,1542,Teriyaki Bowl,2,14.10
4241,1542,Salmon Roll,1,17.17
4242,1542,Tempura Udon,3,15.95
4243,1542,Teriyaki Bowl,1,17.39
4244,1542,Miso Soup,2,13.12
4245,1543,Butter Chicken,3,9.18
4246,1544,Banh Mi,3,19.55
4247,1544,Rice Noodles,3,14.40
4248,1544,Rice Noodles,1,14.22
4249,1544,Spring Rolls,3,13.17
4250,1544,Pho Bowl,1,10.54
4251,1544,Vietnamese Iced Coffee,3,15.29
4252,1545,Rice Noodles,3,12.58
4253,1545,Banh Mi,3,12.76
4254,1545,Rice Noodles,3,14.87
4255,1545,Rice Noodles,3,9.01
4256,1545,Spring Rolls,1,21.46
4257,1547,Shawarma Plate,2,17.53
4258,1547,Falafel Wrap,3,20.59
4259,1547,Cucumber Salad,1,16.79
4260,1547,Shawarma Plate,1,14.65
4261,1550,Tom Yum Soup,3,15.89
4262,1550,Thai Basil Noodles,3,16.91
4263,1550,Tom Yum Soup,2,12.00
4264,1550,Tom Yum Soup,2,11.49
4265,1551,Cheeseburger,2,13.30
4266,1551,Smash Burger,3,13.64
4267,1552,Masala Dosa,3,18.61
4268,1552,Biryani,2,16.92
4269,1553,Greek Bowl,2,19.46
4270,1553,Cucumber Salad,1,17.43
4271,1553,Falafel Wrap,3,11.23
4272,1553,Greek Bowl,3,16.89
4273,1554,Rice Noodles,1,20.76
4274,1555,Rice Noodles,2,21.25
4275,1555,Rice Noodles,3,8.28
4276,1555,Rice Noodles,3,18.77
4277,1555,Vietnamese Iced Coffee,2,14.79
4278,1555,Spring Rolls,2,14.81
4279,1555,Banh Mi,3,14.66
4280,1557,Shawarma Plate,3,21.70
4281,1557,Cucumber Salad,1,12.95
4282,1557,Cucumber Salad,2,21.84
4283,1558,Paneer Tikka,2,17.25
4284,1558,Masala Dosa,3,10.53
4285,1558,Masala Dosa,3,17.15
4286,1558,Masala Dosa,2,21.29
4287,1558,Butter Chicken,3,16.67
4288,1558,Paneer Tikka,2,16.97
4289,1559,Butter Chicken,2,14.81
4290,1559,Paneer Tikka,2,15.91
4291,1559,Paneer Tikka,1,10.34
4292,1559,Chana Masala,2,11.57
4293,1559,Paneer Tikka,1,13.39
4294,1559,Chana Masala,3,12.40
4295,1561,Chicken Burger,2,17.32
4296,1561,Cheeseburger,3,10.20
4297,1562,Kung Pao Chicken,1,20.89
4298,1562,General Tso Bowl,2,10.32
4299,1562,General Tso Bowl,1,12.02
4300,1562,Fried Rice,1,11.60
4301,1562,General Tso Bowl,1,11.28
4302,1564,Classic Burger,1,9.51
4303,1564,Chicken Sandwich,1,11.36
4304,1564,Caesar Salad,1,11.71
4305,1564,BBQ Wings,2,20.26
4306,1564,BBQ Wings,1,17.73
4307,1564,Loaded Fries,2,12.46
4308,1566,Miso Soup,1,20.65
4309,1566,Teriyaki Bowl,1,8.09
4310,1566,Salmon Roll,2,11.12
4311,1566,Teriyaki Bowl,2,21.53
4312,1566,Sushi Combo,2,15.62
4313,1566,Miso Soup,2,9.10
4314,1568,Veggie Dumplings,1,15.43
4315,1568,Veggie Dumplings,3,16.10
4316,1568,Veggie Dumplings,2,17.25
4317,1568,Kung Pao Chicken,2,12.18
4318,1568,General Tso Bowl,3,13.34
4319,1568,Veggie Dumplings,1,20.02
4320,1569,Rice Noodles,3,10.91
4321,1569,Pho Bowl,2,13.06
4322,1569,Spring Rolls,2,15.53
4323,1569,Spring Rolls,1,17.17
4324,1569,Spring Rolls,2,12.82
4325,1570,Greek Bowl,3,12.29
4326,1570,Hummus Platter,2,10.56
4327,1570,Greek Bowl,2,7.60
4328,1570,Shawarma Plate,2,18.56
4329,1570,Cucumber Salad,3,11.99
4330,1570,Hummus Platter,1,16.80
4331,1572,Guacamole Chips,2,19.85
4332,1572,Tacos,3,17.91
4333,1572,Burrito Bowl,2,17.27
4334,1572,Guacamole Chips,1,7.92
4335,1573,Green Curry,3,18.18
4336,1573,Green Curry,2,15.64
4337,1573,Green Curry,2,20.31
4338,1573,Thai Basil Noodles,1,10.15
4339,1573,Green Curry,1,8.39
4340,1574,General Tso Bowl,2,21.16
4341,1574,Kung Pao Chicken,2,9.00
4342,1574,Spring Rolls,1,13.72
4343,1575,Shawarma Plate,1,20.71
4344,1575,Falafel Wrap,2,17.27
4345,1575,Hummus Platter,1,8.30
4346,1575,Cucumber Salad,1,11.14
4347,1575,Cucumber Salad,1,14.08
4348,1576,Thai Basil Noodles,2,20.37
4349,1576,Pad Thai,2,10.13
4350,1576,Pad Thai,3,16.85
4351,1576,Green Curry,3,19.28
4352,1576,Thai Basil Noodles,3,16.65
4353,1577,Classic Burger,3,16.09
4354,1577,BBQ Wings,2,18.78
4355,1577,BBQ Wings,1,9.12
4356,1577,Loaded Fries,1,7.86
4357,1577,Classic Burger,1,10.00
4358,1577,Caesar Salad,1,19.97
4359,1578,Chana Masala,1,20.24
4360,1579,Chana Masala,1,16.89
4361,1579,Masala Dosa,3,11.53
4362,1579,Masala Dosa,1,12.04
4363,1579,Chana Masala,3,12.17
4364,1579,Chana Masala,3,20.30
4365,1579,Paneer Tikka,3,20.94
4366,1580,Falafel Wrap,2,10.29
4367,1580,Hummus Platter,3,17.01
4368,1580,Falafel Wrap,1,21.62
4369,1580,Hummus Platter,2,21.55
4370,1580,Cucumber Salad,1,20.48
4371,1581,Sushi Combo,2,17.63
4372,1581,Sushi Combo,3,15.85
4373,1581,Teriyaki Bowl,3,20.19
4374,1582,Satay Skewers,2,7.69
4375,1582,Thai Basil Noodles,2,19.29
4376,1583,Kung Pao Chicken,3,13.64
4377,1584,Tom Yum Soup,2,9.74
4378,1584,Tom Yum Soup,2,10.05
4379,1584,Satay Skewers,1,14.02
4380,1584,Satay Skewers,3,11.11
4381,1584,Satay Skewers,3,20.55
4382,1586,Biryani,1,13.86
4383,1586,Chana Masala,2,13.50
4384,1586,Masala Dosa,2,14.10
4385,1586,Butter Chicken,2,8.74
4386,1588,Thai Basil Noodles,3,14.70
4387,1588,Satay Skewers,1,15.36
4388,1588,Green Curry,2,15.02
4389,1588,Thai Basil Noodles,1,14.88
4390,1588,Green Curry,2,17.39
4391,1589,Burrito Bowl,3,16.77
4392,1589,Guacamole Chips,2,9.22
4393,1589,Burrito Bowl,1,12.42
4394,1589,Guacamole Chips,1,16.79
4395,1590,Satay Skewers,1,12.32
4396,1590,Satay Skewers,3,14.92
4397,1590,Green Curry,1,17.44
4398,1591,Masala Dosa,2,11.90
4399,1593,Masala Dosa,3,19.57
4400,1593,Butter Chicken,1,14.21
4401,1594,Chana Masala,1,20.42
4402,1594,Paneer Tikka,2,9.42
4403,1594,Biryani,1,21.65
4404,1594,Biryani,1,19.57
4405,1594,Butter Chicken,1,15.81
4406,1595,Pad Thai,3,15.51
4407,1595,Tom Yum Soup,3,7.78
4408,1595,Satay Skewers,1,20.91
4409,1596,Kung Pao Chicken,2,7.52
4410,1596,Spring Rolls,3,17.37
4411,1596,General Tso Bowl,1,12.79
4412,1596,Kung Pao Chicken,2,14.23
4413,1596,Kung Pao Chicken,3,21.17
4414,1596,General Tso Bowl,2,8.34
4415,1598,Green Curry,1,13.61
4416,1598,Thai Basil Noodles,3,12.87
4417,1599,Satay Skewers,3,12.96
4418,1599,Green Curry,3,20.63
4419,1599,Satay Skewers,1,17.14
4420,1599,Tom Yum Soup,1,8.82
4421,1599,Thai Basil Noodles,1,8.24
4422,1599,Satay Skewers,1,19.24
4423,1601,Caesar Salad,3,18.11
4424,1602,Classic Burger,3,10.04
4425,1603,Biryani,1,9.64
4426,1603,Biryani,3,14.32
4427,1603,Paneer Tikka,3,17.33
4428,1603,Paneer Tikka,1,8.68
4429,1603,Paneer Tikka,3,20.48
4430,1604,Satay Skewers,2,20.52
4431,1606,Chana Masala,2,11.37
4432,1607,Shawarma Plate,3,17.48
4433,1607,Greek Bowl,3,10.81
4434,1607,Cucumber Salad,2,12.13
4435,1607,Shawarma Plate,3,11.95
4436,1607,Hummus Platter,2,9.68
4437,1608,Cucumber Salad,3,11.21
4438,1608,Hummus Platter,1,11.55
4439,1608,Shawarma Plate,2,9.13
4440,1609,Green Curry,2,11.70
4441,1610,Tom Yum Soup,1,20.47
4442,1610,Green Curry,1,14.10
4443,1611,Chicken Burger,1,20.00
4444,1611,Onion Rings,2,18.18
4445,1611,Chicken Burger,2,12.96
4446,1611,Cheeseburger,3,17.24
4447,1612,Masala Dosa,1,19.56
4448,1613,Biryani,2,14.65
4449,1613,Butter Chicken,2,11.84
4450,1613,Butter Chicken,2,15.00
4451,1613,Chana Masala,3,13.13
4452,1613,Chana Masala,1,11.46
4453,1613,Chana Masala,3,8.00
4454,1614,Burrito Bowl,1,21.27
4455,1614,Quesadilla,3,13.27
4456,1614,Quesadilla,3,8.15
4457,1615,Biryani,2,11.18
4458,1615,Biryani,1,15.64
4459,1615,Chana Masala,3,13.79
4460,1615,Paneer Tikka,2,12.88
4461,1616,Veggie Dumplings,2,9.59
4462,1616,General Tso Bowl,3,16.01
4463,1616,Kung Pao Chicken,1,8.80
4464,1616,Kung Pao Chicken,3,14.96
4465,1617,Falafel Wrap,3,11.10
4466,1617,Shawarma Plate,3,16.28
4467,1617,Greek Bowl,3,10.70
4468,1617,Hummus Platter,1,11.00
4469,1617,Cucumber Salad,2,9.20
4470,1618,Tacos,1,19.29
4471,1618,Guacamole Chips,3,17.50
4472,1618,Quesadilla,3,20.99
4473,1618,Chicken Enchiladas,1,20.14
4474,1618,Burrito Bowl,1,9.63
4475,1618,Guacamole Chips,2,9.73
4476,1619,Chana Masala,2,17.04
4477,1619,Paneer Tikka,1,12.32
4478,1622,Sushi Combo,2,15.37
4479,1622,Teriyaki Bowl,3,14.95
4480,1622,Miso Soup,3,19.95
4481,1622,Tempura Udon,1,21.44
4482,1622,Sushi Combo,2,21.49
4483,1623,Quesadilla,3,18.00
4484,1623,Quesadilla,2,11.89
4485,1624,Kung Pao Chicken,2,10.01
4486,1624,Veggie Dumplings,2,21.30
4487,1625,Guacamole Chips,3,15.39
4488,1625,Quesadilla,3,14.33
4489,1626,Green Curry,1,11.28
4490,1627,Kung Pao Chicken,2,10.14
4491,1627,Fried Rice,3,8.18
4492,1628,Loaded Fries,2,19.03
4493,1628,BBQ Wings,1,13.60
4494,1628,Caesar Salad,3,20.74
4495,1628,BBQ Wings,3,16.41
4496,1629,Spring Rolls,3,15.06
4497,1629,General Tso Bowl,2,11.72
4498,1629,Fried Rice,3,11.21
4499,1629,General Tso Bowl,2,21.42
4500,1630,Paneer Tikka,2,7.56
4501,1630,Chana Masala,1,17.90
4502,1630,Chana Masala,3,21.67
4503,1630,Masala Dosa,1,17.45
4504,1630,Chana Masala,2,10.12
4505,1630,Masala Dosa,2,17.05
4506,1631,Falafel Wrap,3,15.87
4507,1631,Greek Bowl,2,20.40
4508,1631,Cucumber Salad,3,7.89
4509,1631,Hummus Platter,2,19.62
4510,1632,Cucumber Salad,2,18.84
4511,1632,Shawarma Plate,3,10.99
4512,1633,Fried Rice,2,9.21
4513,1633,Kung Pao Chicken,2,13.40
4514,1635,Satay Skewers,1,17.66
4515,1635,Green Curry,1,21.41
4516,1635,Satay Skewers,1,16.96
4517,1635,Tom Yum Soup,3,11.13
4518,1638,Salmon Roll,2,21.44
4519,1638,Salmon Roll,2,8.01
4520,1638,Teriyaki Bowl,2,16.65
4521,1639,Loaded Fries,1,11.07
4522,1639,Chicken Sandwich,2,21.33
4523,1639,Chicken Sandwich,3,17.80
4524,1639,Caesar Salad,1,15.23
4525,1639,Chicken Sandwich,2,11.79
4526,1640,Quesadilla,2,10.21
4527,1640,Burrito Bowl,1,9.37
4528,1640,Burrito Bowl,1,15.33
4529,1640,Burrito Bowl,2,15.34
4530,1640,Tacos,3,20.52
4531,1640,Chicken Enchiladas,1,20.55
4532,1643,Vietnamese Iced Coffee,1,12.09
4533,1643,Spring Rolls,2,16.47
4534,1643,Rice Noodles,2,14.90
4535,1643,Vietnamese Iced Coffee,1,12.59
4536,1643,Spring Rolls,3,19.50
4537,1643,Pho Bowl,3,20.89
4538,1645,Banh Mi,3,19.81
4539,1646,Chicken Burger,1,12.38
4540,1646,Cheeseburger,1,20.67
4541,1646,Chicken Burger,3,15.28
4542,1646,Onion Rings,3,8.10
4543,1647,Spring Rolls,3,11.42
4544,1648,Spring Rolls,3,16.22
4545,1648,Fried Rice,1,15.23
4546,1648,Veggie Dumplings,3,19.61
4547,1648,Fried Rice,2,20.22
4548,1650,Sushi Combo,1,8.14
4549,1650,Salmon Roll,3,10.67
4550,1651,Paneer Tikka,3,15.28
4551,1652,Guacamole Chips,1,18.91
4552,1652,Tacos,1,18.24
4553,1652,Burrito Bowl,1,19.99
4554,1653,Caesar Salad,3,13.79
4555,1654,Tom Yum Soup,1,18.84
4556,1655,Vietnamese Iced Coffee,3,13.10
4557,1655,Vietnamese Iced Coffee,3,17.61
4558,1655,Spring Rolls,1,14.29
4559,1655,Rice Noodles,2,18.14
4560,1655,Pho Bowl,3,11.00
4561,1655,Pho Bowl,3,21.81
4562,1657,Miso Soup,2,15.58
4563,1657,Sushi Combo,2,21.47
4564,1657,Salmon Roll,2,10.12
4565,1657,Tempura Udon,1,19.36
4566,1658,Sushi Combo,3,16.62
4567,1660,Sushi Combo,2,11.00
4568,1660,Miso Soup,1,10.28
4569,1661,Paneer Tikka,2,14.70
4570,1661,Butter Chicken,1,11.17
4571,1662,Pesto Pasta,2,15.14
4572,1664,BBQ Wings,2,10.64
4573,1664,Chicken Sandwich,2,10.68
4574,1664,Chicken Sandwich,1,15.43
4575,1664,Caesar Salad,1,12.00
4576,1666,Teriyaki Bowl,2,8.10
4577,1666,Teriyaki Bowl,2,12.43
4578,1666,Sushi Combo,2,15.01
4579,1667,Hummus Platter,3,18.96
4580,1667,Shawarma Plate,3,8.06
4581,1667,Falafel Wrap,1,13.48
4582,1669,Chicken Enchiladas,3,19.79
4583,1669,Burrito Bowl,2,18.86
4584,1670,Vietnamese Iced Coffee,3,18.79
4585,1670,Spring Rolls,2,20.02
4586,1671,Vietnamese Iced Coffee,1,15.10
4587,1671,Spring Rolls,2,16.27
4588,1671,Spring Rolls,2,14.91
4589,1671,Spring Rolls,3,17.16
4590,1672,Satay Skewers,3,10.79
4591,1672,Green Curry,3,10.07
4592,1672,Pad Thai,3,9.85
4593,1672,Thai Basil Noodles,3,12.26
4594,1672,Thai Basil Noodles,2,20.72
4595,1673,Shawarma Plate,1,7.65
4596,1674,Vietnamese Iced Coffee,1,10.94
4597,1674,Rice Noodles,2,21.04
4598,1674,Rice Noodles,3,17.26
4599,1675,Sushi Combo,1,13.57
4600,1675,Salmon Roll,2,13.44
4601,1675,Tempura Udon,3,12.15
4602,1675,Salmon Roll,1,9.35
4603,1675,Salmon Roll,1,19.88
4604,1676,Hummus Platter,3,14.87
4605,1676,Falafel Wrap,1,17.89
4606,1676,Cucumber Salad,2,8.81
4607,1676,Shawarma Plate,1,15.34
4608,1677,Pesto Pasta,2,13.61
4609,1677,Garlic Bread,1,12.11
4610,1677,Garlic Bread,1,8.05
4611,1677,Margherita Pizza,1,12.77
4612,1677,Pesto Pasta,1,14.08
4613,1677,Pesto Pasta,2,13.31
4614,1679,Butter Chicken,1,16.66
4615,1679,Masala Dosa,2,9.89
4616,1679,Masala Dosa,1,21.87
4617,1679,Masala Dosa,2,16.26
4618,1680,Chicken Enchiladas,2,14.16
4619,1681,Rice Noodles,3,20.43
4620,1681,Spring Rolls,2,12.41
4621,1681,Spring Rolls,3,15.71
4622,1681,Spring Rolls,1,20.33
4623,1681,Spring Rolls,3,10.96
4624,1681,Vietnamese Iced Coffee,1,15.61
4625,1683,Pho Bowl,2,9.15
4626,1683,Rice Noodles,2,20.10
4627,1683,Spring Rolls,1,15.55
4628,1683,Rice Noodles,2,21.07
4629,1683,Spring Rolls,1,18.14
4630,1683,Spring Rolls,1,19.15
4631,1684,Salmon Roll,2,20.38
4632,1684,Tempura Udon,3,21.56
4633,1684,Teriyaki Bowl,1,13.18
4634,1685,Spring Rolls,1,20.08
4635,1685,Rice Noodles,3,17.72
4636,1685,Pho Bowl,2,19.48
4637,1685,Spring Rolls,2,11.75
4638,1685,Spring Rolls,2,9.64
4639,1685,Banh Mi,1,18.87
4640,1686,Pesto Pasta,2,16.58
4641,1686,Garlic Bread,2,14.17
4642,1686,Margherita Pizza,3,18.02
4643,1687,Rice Noodles,1,11.82
4644,1689,Margherita Pizza,1,19.34
4645,1689,Lasagna,3,19.86
4646,1689,Pesto Pasta,3,21.00
4647,1689,Pesto Pasta,3,21.79
4648,1690,Tom Yum Soup,1,18.11
4649,1690,Green Curry,3,10.38
4650,1690,Satay Skewers,1,11.67
4651,1690,Pad Thai,3,11.11
4652,1690,Green Curry,3,8.78
4653,1691,Chana Masala,1,12.71
4654,1691,Paneer Tikka,2,14.39
4655,1692,Biryani,3,15.68
4656,1692,Butter Chicken,2,20.82
4657,1694,Shawarma Plate,3,20.65
4658,1694,Falafel Wrap,1,19.03
4659,1694,Hummus Platter,1,12.18
4660,1694,Shawarma Plate,1,8.74
4661,1696,Chicken Enchiladas,1,21.25
4662,1696,Burrito Bowl,1,19.02
4663,1696,Tacos,2,19.04
4664,1697,Sushi Combo,2,8.49
4665,1699,Teriyaki Bowl,3,18.55
4666,1699,Tempura Udon,2,17.46
4667,1699,Miso Soup,2,15.37
4668,1699,Salmon Roll,1,14.61
4669,1701,Greek Bowl,1,9.17
4670,1701,Falafel Wrap,1,7.87
4671,1701,Hummus Platter,3,8.74
4672,1702,Hummus Platter,3,8.70
4673,1702,Hummus Platter,1,8.83
4674,1703,Chicken Enchiladas,2,15.57
4675,1706,Paneer Tikka,3,15.07
4676,1706,Chana Masala,1,15.51
4677,1706,Chana Masala,3,8.51
4678,1706,Masala Dosa,3,13.44
4679,1706,Biryani,1,10.21
4680,1707,BBQ Wings,1,17.24
4681,1707,BBQ Wings,1,14.89
4682,1707,Classic Burger,3,10.62
4683,1707,Loaded Fries,2,21.38
4684,1707,Chicken Sandwich,1,13.87
4685,1707,Chicken Sandwich,1,18.45
4686,1709,Satay Skewers,2,8.28
4687,1709,Tom Yum Soup,3,20.17
4688,1709,Pad Thai,2,8.73
4689,1710,Tacos,3,15.39
4690,1712,Garlic Bread,1,16.40
4691,1712,Garlic Bread,2,11.68
4692,1712,Lasagna,1,9.11
4693,1713,Paneer Tikka,1,7.83
4694,1713,Paneer Tikka,2,21.22
4695,1713,Biryani,3,12.80
4696,1713,Butter Chicken,2,8.60
4697,1713,Chana Masala,2,18.59
4698,1713,Biryani,1,19.40
4699,1714,Satay Skewers,2,12.49
4700,1714,Green Curry,2,17.69
4701,1714,Satay Skewers,1,10.76
4702,1714,Satay Skewers,3,10.51
4703,1714,Satay Skewers,1,19.53
4704,1714,Satay Skewers,3,14.76
4705,1719,Kung Pao Chicken,1,16.89
4706,1719,Kung Pao Chicken,2,18.60
4707,1720,General Tso Bowl,1,21.24
4708,1721,Rice Noodles,3,12.96
4709,1721,Banh Mi,1,13.61
4710,1721,Vietnamese Iced Coffee,1,7.70
4711,1721,Rice Noodles,3,11.55
4712,1721,Rice Noodles,2,13.22
4713,1721,Rice Noodles,1,19.90
4714,1722,Banh Mi,1,10.64
4715,1722,Vietnamese Iced Coffee,1,7.92
4716,1722,Pho Bowl,3,17.31
4717,1722,Rice Noodles,1,18.75
4718,1722,Rice Noodles,2,19.98
4719,1722,Pho Bowl,2,16.95
4720,1723,Spring Rolls,2,10.35
4721,1723,Veggie Dumplings,1,11.79
4722,1723,Kung Pao Chicken,2,12.36
4723,1723,Spring Rolls,2,11.72
4724,1723,Spring Rolls,3,15.08
4725,1725,Banh Mi,3,20.10
4726,1728,Green Curry,1,14.24
4727,1728,Thai Basil Noodles,3,7.57
4728,1728,Thai Basil Noodles,2,10.19
4729,1728,Thai Basil Noodles,2,20.65
4730,1729,Pesto Pasta,3,12.88
4731,1729,Lasagna,3,11.45
4732,1729,Lasagna,1,10.55
4733,1731,Pho Bowl,3,21.25
4734,1731,Pho Bowl,1,20.74
4735,1731,Rice Noodles,1,18.71
4736,1731,Banh Mi,2,14.64
4737,1731,Rice Noodles,1,15.39
4738,1731,Vietnamese Iced Coffee,1,13.21
4739,1732,Spring Rolls,3,10.27
4740,1732,Veggie Dumplings,3,7.74
4741,1733,Greek Bowl,3,10.89
4742,1733,Greek Bowl,2,12.74
4743,1733,Greek Bowl,2,13.56
4744,1733,Greek Bowl,3,13.70
4745,1733,Shawarma Plate,3,11.33
4746,1734,Caesar Salad,1,14.57
4747,1734,Classic Burger,1,8.06
4748,1734,Chicken Sandwich,1,14.09
4749,1734,Loaded Fries,1,15.78
4750,1734,Caesar Salad,2,8.04
4751,1735,Greek Bowl,2,14.89
4752,1735,Falafel Wrap,3,8.99
4753,1735,Greek Bowl,2,19.01
4754,1735,Greek Bowl,2,10.07
4755,1735,Falafel Wrap,3,11.99
4756,1735,Hummus Platter,3,12.96
4757,1736,Butter Chicken,1,13.46
4758,1737,Miso Soup,1,8.97
4759,1737,Miso Soup,1,19.88
4760,1738,Masala Dosa,1,8.79
4761,1738,Chana Masala,1,13.26
4762,1739,Pad Thai,2,12.42
4763,1740,Loaded Fries,2,21.49
4764,1741,Lasagna,1,18.18
4765,1741,Garlic Bread,1,12.97
4766,1741,Lasagna,1,14.70
4767,1741,Margherita Pizza,2,19.12
4768,1743,Paneer Tikka,2,20.13
4769,1744,Tom Yum Soup,3,17.38
4770,1744,Tom Yum Soup,2,19.71
4771,1744,Tom Yum Soup,3,13.41
4772,1744,Satay Skewers,1,7.63
4773,1744,Pad Thai,1,8.84
4774,1744,Satay Skewers,3,21.60
4775,1745,Pesto Pasta,2,18.67
4776,1745,Pesto Pasta,3,12.92
4777,1745,Garlic Bread,2,20.56
4778,1745,Pesto Pasta,3,8.93
4779,1746,Miso Soup,3,20.06
4780,1746,Teriyaki Bowl,2,18.99
4781,1746,Teriyaki Bowl,3,12.79
4782,1747,Pad Thai,3,12.18
4783,1747,Satay Skewers,1,21.61
4784,1748,Thai Basil Noodles,1,11.22
4785,1748,Thai Basil Noodles,3,8.72
4786,1748,Tom Yum Soup,1,15.33
4787,1748,Pad Thai,1,13.43
4788,1748,Tom Yum Soup,1,10.96
4789,1750,Chicken Enchiladas,3,11.13
4790,1750,Quesadilla,1,20.05
4791,1750,Guacamole Chips,2,7.99
4792,1753,Masala Dosa,1,19.17
4793,1753,Chana Masala,2,17.76
4794,1753,Chana Masala,2,20.12
4795,1753,Butter Chicken,2,19.18
4796,1753,Chana Masala,2,11.17
4797,1754,Rice Noodles,3,13.08
4798,1754,Rice Noodles,2,11.73
4799,1754,Pho Bowl,3,18.32
4800,1754,Vietnamese Iced Coffee,3,17.55
4801,1755,Fried Rice,2,9.38
4802,1755,Fried Rice,1,14.71
4803,1755,Kung Pao Chicken,1,13.47
4804,1757,Falafel Wrap,3,21.80
4805,1757,Hummus Platter,2,11.91
4806,1757,Cucumber Salad,3,18.78
4807,1757,Greek Bowl,3,10.15
4808,1758,Lasagna,3,9.19
4809,1758,Caprese Salad,3,10.57
4810,1758,Pesto Pasta,1,13.58
4811,1758,Garlic Bread,3,14.50
4812,1758,Margherita Pizza,3,21.26
4813,1758,Margherita Pizza,1,8.80
4814,1759,Pho Bowl,2,15.51
4815,1759,Pho Bowl,1,17.34
4816,1759,Rice Noodles,2,16.66
4817,1761,Quesadilla,2,13.33
4818,1761,Burrito Bowl,3,18.13
4819,1761,Burrito Bowl,2,20.08
4820,1761,Chicken Enchiladas,2,15.56
4821,1761,Burrito Bowl,3,20.76
4822,1762,Tom Yum Soup,1,16.51
4823,1762,Green Curry,2,17.78
4824,1763,Veggie Dumplings,3,10.41
4825,1763,Veggie Dumplings,2,9.93
4826,1763,Spring Rolls,2,17.77
4827,1763,General Tso Bowl,3,14.58
4828,1763,Spring Rolls,1,17.00
4829,1763,Kung Pao Chicken,1,13.47
4830,1764,Spring Rolls,2,11.44
4831,1764,Vietnamese Iced Coffee,3,14.30
4832,1764,Pho Bowl,2,14.95
4833,1764,Banh Mi,3,18.00
4834,1765,Pho Bowl,3,19.96
4835,1765,Vietnamese Iced Coffee,1,17.22
4836,1765,Rice Noodles,3,11.50
4837,1765,Pho Bowl,2,17.98
4838,1765,Pho Bowl,1,21.74
4839,1766,Butter Chicken,1,11.83
4840,1766,Masala Dosa,2,11.17
4841,1766,Butter Chicken,1,21.89
4842,1768,Chicken Enchiladas,1,8.37
4843,1768,Chicken Enchiladas,2,12.73
4844,1768,Quesadilla,1,18.03
4845,1768,Quesadilla,2,10.57
4846,1769,Chana Masala,3,19.85
4847,1770,Greek Bowl,3,10.16
4848,1771,Guacamole Chips,3,17.14
4849,1771,Quesadilla,3,17.22
4850,1772,Guacamole Chips,2,7.57
4851,1772,Guacamole Chips,3,15.57
4852,1772,Burrito Bowl,3,9.62
4853,1772,Tacos,1,12.31
4854,1772,Burrito Bowl,1,8.75
4855,1776,Cucumber Salad,1,15.43
4856,1776,Hummus Platter,1,13.35
4857,1777,Cucumber Salad,3,8.37
4858,1777,Shawarma Plate,3,13.34
4859,1778,Falafel Wrap,1,15.29
4860,1778,Greek Bowl,3,19.65
4861,1778,Cucumber Salad,1,19.44
4862,1778,Greek Bowl,2,8.41
4863,1778,Greek Bowl,2,18.41
4864,1779,Spring Rolls,1,21.54
4865,1779,Kung Pao Chicken,1,10.22
4866,1779,General Tso Bowl,1,19.48
4867,1780,Spring Rolls,1,13.94
4868,1781,Pesto Pasta,2,14.99
4869,1781,Margherita Pizza,3,16.59
4870,1782,General Tso Bowl,3,17.65
4871,1782,General Tso Bowl,3,10.74
4872,1782,Kung Pao Chicken,2,19.03
4873,1782,Kung Pao Chicken,3,21.38
4874,1782,Spring Rolls,1,11.43
4875,1782,Fried Rice,3,9.73
4876,1783,Masala Dosa,2,17.90
4877,1783,Chana Masala,2,19.96
4878,1783,Paneer Tikka,3,13.40
4879,1783,Butter Chicken,2,19.00
4880,1783,Biryani,2,13.19
4881,1783,Masala Dosa,1,13.65
4882,1784,Shawarma Plate,2,17.25
4883,1784,Falafel Wrap,3,14.84
4884,1785,Spring Rolls,1,13.93
4885,1785,Spring Rolls,2,14.68
4886,1785,Spring Rolls,2,7.55
4887,1785,Kung Pao Chicken,1,11.93
4888,1786,Tacos,1,8.38
4889,1786,Guacamole Chips,1,13.22
4890,1786,Tacos,1,10.62
4891,1787,Onion Rings,3,21.21
4892,1787,Loaded Burger,2,9.97
4893,1788,Loaded Fries,2,10.71
4894,1788,Classic Burger,3,20.61
4895,1788,Classic Burger,2,18.35
4896,1788,Loaded Fries,1,18.05
4897,1788,Chicken Sandwich,2,8.75
4898,1788,BBQ Wings,2,9.61
4899,1790,Veggie Dumplings,2,14.20
4900,1790,General Tso Bowl,2,9.26
4901,1791,Greek Bowl,3,15.53
4902,1791,Shawarma Plate,3,15.78
4903,1792,Pad Thai,1,17.87
4904,1792,Tom Yum Soup,1,13.25
4905,1792,Satay Skewers,3,20.90
4906,1792,Green Curry,1,14.59
4907,1794,Teriyaki Bowl,1,21.80
4908,1794,Teriyaki Bowl,1,15.17
4909,1794,Sushi Combo,3,13.26
4910,1794,Tempura Udon,1,14.20
4911,1794,Teriyaki Bowl,2,17.21
4912,1794,Teriyaki Bowl,2,18.31
4913,1795,Hummus Platter,1,8.01
4914,1795,Hummus Platter,3,14.29
4915,1795,Falafel Wrap,1,15.32
4916,1795,Cucumber Salad,2,9.55
4917,1795,Hummus Platter,2,20.97
4918,1796,Pad Thai,1,18.20
4919,1796,Pad Thai,2,10.34
4920,1796,Green Curry,1,17.33
4921,1796,Thai Basil Noodles,3,10.53
4922,1796,Tom Yum Soup,2,13.24
4923,1797,Salmon Roll,1,12.68
4924,1797,Miso Soup,3,16.51
4925,1797,Salmon Roll,2,14.19
4926,1797,Miso Soup,1,16.03
4927,1797,Sushi Combo,3,17.26
4928,1798,Caesar Salad,2,15.73
4929,1798,Caesar Salad,3,7.74
4930,1798,Caesar Salad,2,12.82
4931,1798,Loaded Fries,2,11.86
4932,1799,Paneer Tikka,1,12.79
4933,1799,Chana Masala,1,14.18
4934,1799,Paneer Tikka,2,11.67
4935,1799,Biryani,1,17.77
4936,1799,Masala Dosa,1,16.83
4937,1799,Chana Masala,2,15.02
4938,1800,Biryani,3,10.44
4939,1800,Paneer Tikka,3,21.79
4940,1801,Veggie Dumplings,3,19.06
4941,1801,Kung Pao Chicken,1,16.19
4942,1801,Spring Rolls,3,14.25
4943,1801,Spring Rolls,1,17.26
4944,1803,Pad Thai,3,12.86
4945,1803,Green Curry,1,8.86
4946,1803,Thai Basil Noodles,2,18.41
4947,1803,Satay Skewers,2,18.99
4948,1803,Pad Thai,3,17.36
4949,1804,Pad Thai,1,12.28
4950,1804,Satay Skewers,2,13.76
4951,1804,Thai Basil Noodles,2,16.69
4952,1805,Burrito Bowl,2,16.81
4953,1806,Pesto Pasta,2,14.62
4954,1806,Caprese Salad,1,20.04
4955,1806,Garlic Bread,3,17.27
4956,1808,Shawarma Plate,1,9.55
4957,1808,Cucumber Salad,2,17.93
4958,1808,Falafel Wrap,3,7.51
4959,1808,Cucumber Salad,2,10.17
4960,1808,Hummus Platter,2,12.99
4961,1808,Hummus Platter,1,12.18
4962,1810,Thai Basil Noodles,2,10.98
4963,1811,Masala Dosa,2,10.46
4964,1811,Masala Dosa,1,16.09
4965,1811,Biryani,3,12.35
4966,1811,Chana Masala,2,7.60
4967,1811,Chana Masala,3,12.51
4968,1812,Loaded Fries,2,12.72
4969,1813,Greek Bowl,1,8.57
4970,1813,Falafel Wrap,3,14.56
4971,1814,Salmon Roll,1,9.65
4972,1814,Salmon Roll,1,17.04
4973,1814,Miso Soup,1,12.97
4974,1814,Miso Soup,1,17.33
4975,1816,Banh Mi,2,18.10
4976,1816,Vietnamese Iced Coffee,1,17.87
4977,1816,Banh Mi,1,21.14
4978,1818,Paneer Tikka,2,20.72
4979,1818,Masala Dosa,2,15.63
4980,1818,Chana Masala,1,13.64
4981,1818,Masala Dosa,1,18.98
4982,1818,Chana Masala,1,7.98
4983,1819,Butter Chicken,2,15.40
4984,1819,Masala Dosa,2,17.87
4985,1819,Butter Chicken,3,13.87
4986,1819,Paneer Tikka,2,11.96
4987,1820,Shawarma Plate,3,20.27
4988,1821,Hummus Platter,3,14.25
4989,1821,Greek Bowl,3,12.73
4990,1821,Greek Bowl,1,14.47
4991,1821,Shawarma Plate,1,18.83
4992,1822,Spring Rolls,3,7.83
4993,1822,Veggie Dumplings,2,8.89
4994,1822,General Tso Bowl,2,20.68
4995,1822,Fried Rice,3,21.17
4996,1824,Pho Bowl,1,11.61
4997,1825,General Tso Bowl,1,17.81
4998,1825,General Tso Bowl,2,21.34
4999,1825,Fried Rice,2,20.66
5000,1825,Veggie Dumplings,3,21.33
5001,1825,Veggie Dumplings,3,13.84
5002,1825,Spring Rolls,1,18.22
5003,1826,Fried Rice,1,14.72
5004,1826,Spring Rolls,1,16.99
5005,1826,General Tso Bowl,2,12.46
5006,1826,Kung Pao Chicken,3,10.26
5007,1826,Spring Rolls,2,18.16
5008,1826,General Tso Bowl,1,16.05
5009,1827,Thai Basil Noodles,3,10.90
5010,1828,Guacamole Chips,2,11.04
5011,1829,Lasagna,2,8.12
5012,1829,Caprese Salad,3,12.09
5013,1829,Pesto Pasta,3,8.08
5014,1829,Pesto Pasta,3,12.16
5015,1829,Pesto Pasta,1,8.15
5016,1830,Cucumber Salad,3,16.02
5017,1830,Shawarma Plate,2,13.16
5018,1830,Cucumber Salad,3,9.88
5019,1830,Hummus Platter,2,18.65
5020,1832,Pesto Pasta,2,11.12
5021,1832,Caprese Salad,3,12.25
5022,1832,Margherita Pizza,1,19.31
5023,1833,Tom Yum Soup,2,7.96
5024,1834,Hummus Platter,3,14.01
5025,1834,Falafel Wrap,3,15.36
5026,1835,Hummus Platter,2,20.00
5027,1835,Shawarma Plate,3,11.69
5028,1835,Shawarma Plate,1,20.53
5029,1835,Cucumber Salad,1,10.55
5030,1835,Shawarma Plate,2,13.85
5031,1835,Shawarma Plate,2,18.08
5032,1836,Chana Masala,1,16.96
5033,1836,Butter Chicken,2,8.67
5034,1836,Paneer Tikka,1,19.20
5035,1837,Pad Thai,1,17.97
5036,1837,Satay Skewers,3,12.01
5037,1838,Quesadilla,3,18.86
5038,1840,Spring Rolls,3,20.84
5039,1840,Kung Pao Chicken,3,15.61
5040,1841,Cheeseburger,1,18.84
5041,1842,Greek Bowl,1,12.02
5042,1842,Cucumber Salad,1,10.59
5043,1842,Greek Bowl,1,19.67
5044,1842,Shawarma Plate,3,17.80
5045,1842,Shawarma Plate,1,8.95
5046,1843,Smash Burger,3,12.02
5047,1844,Cheeseburger,1,9.91
5048,1844,Loaded Burger,2,10.28
5049,1844,Chicken Burger,1,9.03
5050,1844,Cheeseburger,1,10.15
5051,1846,Sushi Combo,2,19.83
5052,1846,Salmon Roll,3,8.83
5053,1846,Sushi Combo,3,8.29
5054,1848,Burrito Bowl,3,11.75
5055,1849,Chicken Enchiladas,3,9.17
5056,1849,Guacamole Chips,3,18.80
5057,1849,Quesadilla,1,20.13
5058,1849,Quesadilla,1,15.79
5059,1849,Chicken Enchiladas,1,19.50
5060,1850,Cucumber Salad,2,15.16
5061,1850,Falafel Wrap,3,13.74
5062,1850,Shawarma Plate,1,14.46
5063,1851,Rice Noodles,1,16.74
5064,1851,Rice Noodles,1,16.10
5065,1851,Banh Mi,3,9.85
5066,1851,Rice Noodles,3,21.24
5067,1852,Spring Rolls,1,14.56
5068,1852,Pho Bowl,3,13.58
5069,1852,Banh Mi,3,10.67
5070,1852,Banh Mi,1,18.48
5071,1852,Spring Rolls,3,12.58
5072,1852,Banh Mi,1,15.60
5073,1854,Loaded Burger,1,17.09
5074,1854,Smash Burger,2,20.07
5075,1854,Cheeseburger,2,14.64
5076,1854,Chicken Burger,3,12.52
5077,1854,Smash Burger,3,13.97
5078,1854,Chicken Burger,1,13.10
5079,1856,Pho Bowl,1,17.44
5080,1856,Banh Mi,2,18.86
5081,1856,Banh Mi,3,7.97
5082,1856,Banh Mi,1,21.82
5083,1857,Cucumber Salad,2,21.08
5084,1857,Shawarma Plate,2,14.56
5085,1857,Falafel Wrap,1,9.09
5086,1858,Thai Basil Noodles,2,8.19
5087,1859,Falafel Wrap,3,8.68
5088,1859,Falafel Wrap,3,18.01
5089,1859,Hummus Platter,3,16.35
5090,1859,Cucumber Salad,1,10.32
5091,1860,Green Curry,2,12.64
5092,1860,Thai Basil Noodles,2,15.86
5093,1860,Green Curry,1,13.68
5094,1860,Green Curry,1,9.16
5095,1861,Greek Bowl,3,12.41
5096,1861,Shawarma Plate,3,16.98
5097,1861,Cucumber Salad,3,16.22
5098,1861,Falafel Wrap,1,20.19
5099,1861,Shawarma Plate,3,9.05
5100,1861,Shawarma Plate,3,8.20
5101,1862,Tom Yum Soup,2,7.94
5102,1863,Paneer Tikka,1,8.44
5103,1863,Butter Chicken,1,18.91
5104,1863,Butter Chicken,3,9.26
5105,1863,Biryani,1,21.06
5106,1864,Thai Basil Noodles,1,11.15
5107,1864,Satay Skewers,1,20.12
5108,1864,Pad Thai,3,16.30
5109,1864,Pad Thai,2,8.05
5110,1864,Thai Basil Noodles,1,11.43
5111,1865,Chana Masala,2,11.30
5112,1865,Chana Masala,2,7.93
5113,1865,Masala Dosa,1,16.00
5114,1865,Biryani,3,8.00
5115,1865,Paneer Tikka,3,21.10
5116,1865,Biryani,2,13.24
5117,1866,Rice Noodles,3,10.67
5118,1866,Rice Noodles,3,15.37
5119,1866,Spring Rolls,3,16.92
5120,1866,Vietnamese Iced Coffee,2,9.54
5121,1866,Spring Rolls,1,11.89
5122,1866,Rice Noodles,3,7.73
5123,1869,Cucumber Salad,2,14.04
5124,1869,Shawarma Plate,2,10.08
5125,1869,Hummus Platter,3,18.46
5126,1869,Cucumber Salad,2,14.04
5127,1869,Shawarma Plate,3,8.73
5128,1869,Cucumber Salad,2,10.31
5129,1870,Classic Burger,2,21.01
5130,1870,Loaded Fries,2,9.50
5131,1870,Caesar Salad,1,14.26
5132,1871,Greek Bowl,3,17.76
5133,1871,Cucumber Salad,2,15.89
5134,1871,Falafel Wrap,1,21.41
5135,1871,Shawarma Plate,1,16.27
5136,1871,Shawarma Plate,2,8.72
5137,1873,Shawarma Plate,2,9.47
5138,1873,Cucumber Salad,2,13.77
5139,1873,Hummus Platter,2,16.09
5140,1873,Hummus Platter,2,19.13
5141,1874,Satay Skewers,3,16.06
5142,1875,Onion Rings,2,16.87
5143,1875,Cheeseburger,2,12.82
5144,1877,Banh Mi,2,18.24
5145,1877,Spring Rolls,1,9.78
5146,1877,Spring Rolls,2,21.21
5147,1877,Banh Mi,1,17.82
5148,1877,Banh Mi,2,9.63
5149,1877,Banh Mi,1,12.40
5150,1878,Spring Rolls,3,13.12
5151,1878,Pho Bowl,1,15.00
5152,1879,Rice Noodles,3,11.95
5153,1879,Vietnamese Iced Coffee,1,14.02
5154,1879,Pho Bowl,2,21.26
5155,1880,Burrito Bowl,2,18.63
5156,1880,Burrito Bowl,3,12.68
5157,1880,Tacos,2,10.37
5158,1880,Burrito Bowl,1,17.85
5159,1880,Chicken Enchiladas,2,12.85
5160,1880,Guacamole Chips,1,12.24
5161,1881,Chana Masala,1,11.65
5162,1881,Paneer Tikka,1,9.65
5163,1881,Butter Chicken,1,16.21
5164,1881,Paneer Tikka,3,11.40
5165,1881,Biryani,3,10.76
5166,1881,Butter Chicken,2,20.59
5167,1882,Burrito Bowl,2,19.91
5168,1882,Chicken Enchiladas,2,14.87
5169,1883,Quesadilla,3,20.56
5170,1883,Tacos,3,19.64
5171,1883,Guacamole Chips,2,16.02
5172,1883,Chicken Enchiladas,1,17.42
5173,1883,Quesadilla,1,18.39
5174,1885,Classic Burger,1,13.65
5175,1885,BBQ Wings,1,10.78
5176,1885,Chicken Sandwich,2,16.47
5177,1886,BBQ Wings,3,20.48
5178,1886,BBQ Wings,1,14.73
5179,1888,Pho Bowl,1,19.08
5180,1889,Chicken Burger,2,9.67
5181,1890,Spring Rolls,1,21.52
5182,1890,Spring Rolls,2,14.98
5183,1890,Rice Noodles,2,19.18
5184,1891,Biryani,2,14.76
5185,1891,Masala Dosa,2,18.68
5186,1891,Biryani,1,13.50
5187,1891,Biryani,3,15.03
5188,1892,Spring Rolls,1,10.31
5189,1892,General Tso Bowl,3,9.65
5190,1892,Fried Rice,2,18.27
5191,1893,Chicken Sandwich,3,12.14
5192,1894,Tom Yum Soup,1,8.47
5193,1894,Satay Skewers,3,17.29
5194,1894,Green Curry,3,7.86
5195,1894,Pad Thai,1,11.13
5196,1894,Tom Yum Soup,1,15.48
5197,1895,Rice Noodles,1,14.86
5198,1895,Vietnamese Iced Coffee,1,7.60
5199,1895,Spring Rolls,2,13.21
5200,1895,Vietnamese Iced Coffee,2,20.68
5201,1896,Pho Bowl,3,9.35
5202,1896,Rice Noodles,2,11.81
5203,1896,Rice Noodles,2,8.64
5204,1896,Banh Mi,1,16.51
5205,1896,Spring Rolls,1,8.54
5206,1896,Banh Mi,3,20.62
5207,1897,Garlic Bread,2,16.20
5208,1897,Margherita Pizza,2,18.69
5209,1897,Pesto Pasta,2,9.35
5210,1897,Margherita Pizza,2,19.62
5211,1898,Burrito Bowl,2,18.88
5212,1898,Quesadilla,1,7.55
5213,1898,Burrito Bowl,1,19.10
5214,1899,Kung Pao Chicken,2,20.78
5215,1900,Sushi Combo,1,16.01
5216,1900,Tempura Udon,2,20.91
5217,1901,Quesadilla,3,14.14
5218,1901,Quesadilla,1,10.57
5219,1901,Chicken Enchiladas,3,19.74
5220,1902,Margherita Pizza,1,17.34
5221,1902,Lasagna,1,10.77
5222,1902,Pesto Pasta,2,18.81
5223,1903,Masala Dosa,1,16.46
5224,1903,Chana Masala,2,7.91
5225,1903,Butter Chicken,1,18.25
5226,1903,Biryani,1,11.74
5227,1903,Chana Masala,3,14.65
5228,1903,Chana Masala,3,12.63
5229,1904,Tempura Udon,3,13.45
5230,1904,Salmon Roll,3,15.14
5231,1904,Tempura Udon,1,19.57
5232,1904,Miso Soup,3,13.31
5233,1904,Teriyaki Bowl,1,12.78
5234,1906,Rice Noodles,1,14.69
5235,1906,Spring Rolls,1,14.07
5236,1907,Hummus Platter,3,9.34
5237,1907,Greek Bowl,3,19.99
5238,1907,Hummus Platter,1,9.19
5239,1907,Hummus Platter,1,10.80
5240,1908,Thai Basil Noodles,2,11.30
5241,1908,Pad Thai,2,7.70
5242,1908,Satay Skewers,1,17.37
5243,1908,Tom Yum Soup,3,21.06
5244,1908,Thai Basil Noodles,1,18.98
5245,1908,Thai Basil Noodles,2,11.96
5246,1909,Satay Skewers,3,19.86
5247,1909,Tom Yum Soup,1,14.11
5248,1909,Green Curry,2,13.04
5249,1911,Fried Rice,2,7.68
5250,1911,General Tso Bowl,2,21.36
5251,1914,Teriyaki Bowl,1,19.81
5252,1914,Tempura Udon,1,9.23
5253,1914,Teriyaki Bowl,3,16.79
5254,1914,Teriyaki Bowl,1,15.87
5255,1916,Tacos,3,13.48
5256,1916,Chicken Enchiladas,1,14.42
5257,1916,Quesadilla,2,9.42
5258,1916,Quesadilla,3,18.88
5259,1916,Chicken Enchiladas,1,10.34
5260,1916,Burrito Bowl,2,17.90
5261,1917,Quesadilla,3,15.94
5262,1917,Guacamole Chips,3,9.89
5263,1917,Burrito Bowl,2,13.27
5264,1917,Guacamole Chips,1,20.28
5265,1917,Chicken Enchiladas,2,21.73
5266,1917,Burrito Bowl,1,10.41
5267,1918,Fried Rice,1,21.88
5268,1918,Spring Rolls,3,11.49
5269,1920,Chana Masala,1,9.12
5270,1920,Chana Masala,3,11.95
5271,1921,Shawarma Plate,2,8.91
5272,1921,Greek Bowl,1,9.20
5273,1921,Shawarma Plate,3,10.88
5274,1921,Cucumber Salad,3,8.77
5275,1921,Falafel Wrap,2,15.55
5276,1922,Tacos,2,11.13
5277,1922,Chicken Enchiladas,1,8.70
5278,1923,Caesar Salad,3,12.37
5279,1924,Fried Rice,2,18.13
5280,1924,Spring Rolls,3,17.72
5281,1924,Spring Rolls,2,9.90
5282,1924,Spring Rolls,1,14.69
5283,1925,Paneer Tikka,1,10.50
5284,1925,Masala Dosa,1,20.60
5285,1925,Masala Dosa,2,15.80
5286,1925,Paneer Tikka,2,13.26
5287,1925,Masala Dosa,3,14.59
5288,1925,Masala Dosa,2,15.68
5289,1926,Tom Yum Soup,3,13.62
5290,1926,Green Curry,2,8.79
5291,1926,Tom Yum Soup,3,8.55
5292,1927,Fried Rice,1,18.65
5293,1928,Thai Basil Noodles,1,21.32
5294,1928,Thai Basil Noodles,2,10.08
5295,1928,Satay Skewers,1,10.26
5296,1928,Thai Basil Noodles,3,7.69
5297,1928,Satay Skewers,2,9.16
5298,1929,Salmon Roll,1,8.85
5299,1929,Salmon Roll,1,16.28
5300,1929,Sushi Combo,2,15.07
5301,1929,Salmon Roll,2,11.58
5302,1929,Teriyaki Bowl,2,21.49
5303,1929,Miso Soup,3,9.75
5304,1930,Kung Pao Chicken,2,21.80
5305,1930,Spring Rolls,1,8.75
5306,1930,Spring Rolls,2,8.90
5307,1930,General Tso Bowl,2,19.39
5308,1931,BBQ Wings,1,11.99
5309,1931,BBQ Wings,3,21.26
5310,1931,Loaded Fries,2,10.73
5311,1931,Classic Burger,2,14.04
5312,1931,BBQ Wings,2,14.15
5313,1932,Smash Burger,2,14.01
5314,1932,Cheeseburger,3,17.23
5315,1932,Cheeseburger,1,19.03
5316,1932,Smash Burger,2,10.11
5317,1932,Loaded Burger,1,17.21
5318,1933,Pho Bowl,2,14.83
5319,1933,Vietnamese Iced Coffee,3,15.65
5320,1933,Banh Mi,2,20.62
5321,1933,Rice Noodles,2,8.99
5322,1933,Spring Rolls,2,20.68
5323,1935,Guacamole Chips,3,10.31
5324,1935,Guacamole Chips,2,7.60
5325,1935,Burrito Bowl,3,12.33
5326,1935,Chicken Enchiladas,1,19.50
5327,1935,Guacamole Chips,3,14.69
5328,1935,Tacos,3,19.55
5329,1936,Vietnamese Iced Coffee,1,19.27
5330,1936,Rice Noodles,2,14.81
5331,1937,Vietnamese Iced Coffee,3,15.45
5332,1937,Rice Noodles,3,17.39
5333,1937,Vietnamese Iced Coffee,1,8.00
5334,1937,Rice Noodles,2,17.20
5335,1937,Vietnamese Iced Coffee,1,21.06
5336,1937,Rice Noodles,2,21.70
5337,1938,Onion Rings,3,11.72
5338,1939,Chicken Sandwich,3,20.69
5339,1939,Caesar Salad,2,11.41
5340,1939,Caesar Salad,1,9.92
5341,1942,Banh Mi,1,14.56
5342,1942,Vietnamese Iced Coffee,3,13.61
5343,1942,Spring Rolls,3,13.17
5344,1944,Tom Yum Soup,3,12.32
5345,1944,Satay Skewers,3,18.18
5346,1944,Satay Skewers,3,11.23
5347,1944,Thai Basil Noodles,3,11.32
5348,1944,Satay Skewers,3,8.63
5349,1945,Fried Rice,3,19.15
5350,1945,Veggie Dumplings,2,19.79
5351,1945,Fried Rice,2,16.83
5352,1947,Green Curry,2,7.84
5353,1947,Tom Yum Soup,1,13.87
5354,1948,Chicken Sandwich,3,16.82
5355,1950,Cucumber Salad,3,11.43
5356,1950,Cucumber Salad,3,13.24
5357,1950,Hummus Platter,3,16.48
5358,1950,Greek Bowl,1,10.91
5359,1950,Greek Bowl,2,15.48
5360,1951,Pho Bowl,2,15.06
5361,1951,Spring Rolls,1,15.16
5362,1952,Chicken Sandwich,3,15.18
5363,1952,Caesar Salad,3,10.21
5364,1952,BBQ Wings,1,11.07
5365,1952,BBQ Wings,2,11.86
5366,1954,Chicken Burger,1,17.53
5367,1955,Greek Bowl,1,14.34
5368,1955,Shawarma Plate,1,8.30
5369,1956,Spring Rolls,1,12.57
5370,1956,Vietnamese Iced Coffee,1,10.04
5371,1956,Spring Rolls,1,12.02
5372,1956,Pho Bowl,3,20.16
5373,1956,Vietnamese Iced Coffee,2,14.94
5374,1956,Rice Noodles,2,16.60
5375,1957,Masala Dosa,1,10.41
5376,1958,Greek Bowl,2,14.23
5377,1958,Shawarma Plate,2,17.46
5378,1958,Shawarma Plate,2,18.24
5379,1958,Hummus Platter,1,19.75
5380,1958,Hummus Platter,2,10.33
5381,1959,Spring Rolls,3,14.33
5382,1959,Kung Pao Chicken,2,16.06
5383,1959,Kung Pao Chicken,3,21.25
5384,1959,Spring Rolls,2,19.28
5385,1961,Salmon Roll,1,20.13
5386,1961,Salmon Roll,1,16.55
5387,1961,Miso Soup,1,14.45
5388,1962,Garlic Bread,1,17.32
5389,1962,Garlic Bread,2,9.16
5390,1962,Lasagna,3,11.28
5391,1963,General Tso Bowl,2,15.65
5392,1963,General Tso Bowl,1,14.96
5393,1963,Veggie Dumplings,1,13.65
5394,1963,Fried Rice,2,10.60
5395,1963,Fried Rice,2,19.92
5396,1963,Fried Rice,2,17.66
5397,1964,Onion Rings,3,16.00
5398,1964,Loaded Burger,1,21.12
5399,1965,Loaded Burger,3,18.41
5400,1966,Veggie Dumplings,2,7.96
5401,1966,General Tso Bowl,1,17.96
5402,1967,Rice Noodles,2,12.31
5403,1967,Vietnamese Iced Coffee,1,14.42
5404,1967,Rice Noodles,3,21.07
5405,1967,Banh Mi,3,10.13
5406,1967,Vietnamese Iced Coffee,1,19.92
5407,1967,Rice Noodles,1,9.33
5408,1969,Caesar Salad,2,11.15
5409,1969,BBQ Wings,3,15.97
5410,1969,Loaded Fries,3,8.98
5411,1969,Chicken Sandwich,1,14.67
5412,1969,BBQ Wings,2,7.63
5413,1970,Chicken Burger,1,14.55
5414,1970,Cheeseburger,1,16.54
5415,1970,Onion Rings,3,12.73
5416,1970,Cheeseburger,2,11.35
5417,1970,Onion Rings,1,21.40
5418,1970,Chicken Burger,1,18.46
5419,1971,Loaded Fries,2,15.15
5420,1971,Loaded Fries,3,21.45
5421,1971,Classic Burger,1,11.16
5422,1971,Loaded Fries,2,10.57
5423,1971,Loaded Fries,3,11.60
5424,1971,Classic Burger,2,20.14
5425,1972,Chana Masala,1,14.40
5426,1972,Chana Masala,1,16.35
5427,1972,Paneer Tikka,1,19.98
5428,1972,Chana Masala,3,11.03
5429,1972,Masala Dosa,2,11.04
5430,1972,Butter Chicken,2,14.59
5431,1974,Chana Masala,2,18.24
5432,1974,Chana Masala,2,21.15
5433,1974,Biryani,1,15.43
5434,1974,Chana Masala,2,21.85
5435,1975,Chicken Enchiladas,1,7.84
5436,1975,Tacos,3,7.98
5437,1975,Quesadilla,2,7.57
5438,1975,Quesadilla,1,13.60
5439,1975,Chicken Enchiladas,1,9.29
5440,1976,Tom Yum Soup,1,10.48
5441,1976,Pad Thai,1,16.24
5442,1976,Thai Basil Noodles,3,16.46
5443,1976,Satay Skewers,1,10.65
5444,1976,Thai Basil Noodles,1,20.61
5445,1977,Spring Rolls,2,12.58
5446,1977,Pho Bowl,1,7.92
5447,1977,Rice Noodles,3,16.04
5448,1981,Quesadilla,2,19.09
5449,1981,Burrito Bowl,1,17.33
5450,1981,Tacos,1,7.87
5451,1981,Tacos,3,16.27
5452,1981,Tacos,1,15.54
5453,1981,Quesadilla,1,7.82
5454,1982,Teriyaki Bowl,1,8.63
5455,1982,Tempura Udon,1,17.58
5456,1982,Miso Soup,3,9.32
5457,1982,Salmon Roll,2,15.11
5458,1982,Salmon Roll,3,7.97
5459,1982,Teriyaki Bowl,1,20.60
5460,1983,Loaded Burger,2,15.14
5461,1983,Onion Rings,1,20.68
5462,1983,Loaded Burger,2,18.39
5463,1983,Onion Rings,3,13.94
5464,1983,Smash Burger,3,19.18
5465,1984,Green Curry,2,19.47
5466,1984,Tom Yum Soup,3,17.29
5467,1984,Green Curry,3,19.45
5468,1985,Tom Yum Soup,1,15.22
5469,1985,Satay Skewers,1,19.88
5470,1986,Pesto Pasta,3,20.03
5471,1986,Caprese Salad,2,19.77
5472,1986,Garlic Bread,2,20.00
5473,1986,Margherita Pizza,3,12.44
5474,1987,Biryani,2,16.81
5475,1987,Masala Dosa,3,18.78
5476,1987,Butter Chicken,2,20.54
5477,1987,Chana Masala,1,11.01
5478,1988,Thai Basil Noodles,1,15.78
5479,1989,Chicken Enchiladas,2,19.67
5480,1989,Quesadilla,3,14.73
5481,1989,Guacamole Chips,1,17.22
5482,1989,Quesadilla,1,19.37
5483,1989,Quesadilla,3,15.48
5484,1990,Rice Noodles,3,9.16
5485,1993,Lasagna,3,7.94
5486,1994,Cucumber Salad,1,16.92
5487,1994,Greek Bowl,2,17.75
5488,1994,Falafel Wrap,1,20.71
5489,1994,Falafel Wrap,2,20.93
5490,1994,Shawarma Plate,3,20.90
5491,1994,Greek Bowl,2,16.16
5492,1995,Tacos,2,19.90
5493,1995,Chicken Enchiladas,3,8.62
5494,1995,Burrito Bowl,3,18.40
5495,1995,Tacos,3,9.70
5496,1996,Caesar Salad,2,11.82
5497,1996,Caesar Salad,3,14.65
5498,1996,Caesar Salad,2,12.86
5499,1996,Chicken Sandwich,2,11.59
5500,1997,Butter Chicken,1,10.62
5501,1997,Masala Dosa,1,19.76
5502,1997,Chana Masala,1,14.45
5503,1997,Masala Dosa,3,8.05
5504,1998,Satay Skewers,1,17.73
5505,1998,Tom Yum Soup,2,16.14
5506,1998,Tom Yum Soup,3,19.48
5507,1998,Thai Basil Noodles,3,18.12
5508,1998,Satay Skewers,2,20.78
5509,1998,Pad Thai,2,13.64
5510,1999,Paneer Tikka,3,15.62
5511,1999,Masala Dosa,3,19.67
5512,1999,Butter Chicken,1,12.25
5513,2000,Chicken Enchiladas,1,12.45
5514,2000,Burrito Bowl,1,18.68
5515,2001,Caesar Salad,2,11.29
5516,2002,Butter Chicken,2,11.84
5517,2003,Teriyaki Bowl,1,14.57
5518,2003,Miso Soup,2,12.69
5519,2003,Salmon Roll,2,19.27
5520,2003,Salmon Roll,3,16.54
5521,2003,Sushi Combo,1,14.65
5522,2003,Salmon Roll,1,12.38
5523,2004,Loaded Fries,2,15.50
5524,2005,Biryani,2,12.62
5525,2007,Greek Bowl,2,20.80
5526,2007,Hummus Platter,1,13.61
5527,2007,Cucumber Salad,3,10.59
5528,2007,Greek Bowl,3,14.46
5529,2008,Shawarma Plate,2,14.83
5530,2008,Cucumber Salad,3,12.63
5531,2009,Butter Chicken,2,21.73
5532,2009,Chana Masala,1,7.93
5533,2011,Shawarma Plate,3,8.23
5534,2011,Hummus Platter,1,14.32
5535,2012,Fried Rice,2,17.30
5536,2012,Spring Rolls,2,18.53
5537,2012,Kung Pao Chicken,3,17.84
5538,2013,General Tso Bowl,3,10.83
5539,2013,General Tso Bowl,3,13.03
5540,2013,Kung Pao Chicken,3,17.32
5541,2013,Veggie Dumplings,1,17.12
5542,2013,General Tso Bowl,1,15.04
5543,2014,Chicken Burger,3,15.37
5544,2014,Cheeseburger,1,7.98
5545,2014,Loaded Burger,3,10.34
5546,2014,Cheeseburger,1,9.06
5547,2015,Banh Mi,1,8.13
5548,2017,General Tso Bowl,2,8.20
5549,2017,Spring Rolls,3,10.23
5550,2017,Veggie Dumplings,3,10.63
5551,2019,Chicken Enchiladas,2,11.00
5552,2019,Chicken Enchiladas,1,10.16
5553,2019,Burrito Bowl,3,17.14
5554,2019,Tacos,3,15.57
5555,2019,Guacamole Chips,3,9.94
5556,2020,Pad Thai,3,15.17
5557,2020,Green Curry,3,11.78
5558,2020,Satay Skewers,3,8.93
5559,2020,Satay Skewers,2,13.72
5560,2020,Green Curry,3,20.20
5561,2020,Green Curry,3,7.61
5562,2021,Banh Mi,2,14.88
5563,2021,Pho Bowl,1,11.73
5564,2022,Vietnamese Iced Coffee,2,11.71
5565,2022,Spring Rolls,1,17.98
5566,2022,Vietnamese Iced Coffee,2,11.46
5567,2022,Pho Bowl,2,14.17
5568,2022,Rice Noodles,1,18.54
5569,2022,Banh Mi,2,16.13
5570,2025,Caprese Salad,2,10.95
5571,2025,Garlic Bread,3,12.21
5572,2025,Margherita Pizza,3,17.48
5573,2025,Caprese Salad,2,19.38
5574,2026,Lasagna,2,16.28
5575,2026,Pesto Pasta,2,13.09
5576,2026,Caprese Salad,3,8.77
5577,2026,Lasagna,2,19.24
5578,2027,Tacos,3,16.38
5579,2029,Quesadilla,1,8.82
5580,2029,Quesadilla,2,19.14
5581,2029,Guacamole Chips,2,16.91
5582,2029,Tacos,3,11.52
5583,2030,Chicken Sandwich,3,12.96
5584,2030,BBQ Wings,1,19.70
5585,2030,BBQ Wings,2,11.36
5586,2031,Chicken Burger,2,13.12
5587,2031,Chicken Burger,1,21.31
5588,2031,Cheeseburger,3,21.70
5589,2032,Green Curry,1,15.80
5590,2032,Green Curry,1,17.08
5591,2032,Green Curry,2,13.03
5592,2032,Satay Skewers,1,10.17
5593,2033,Cheeseburger,1,14.24
5594,2033,Smash Burger,2,17.68
5595,2033,Loaded Burger,1,21.63
5596,2034,Butter Chicken,1,14.91
5597,2034,Masala Dosa,2,17.68
5598,2034,Chana Masala,2,14.64
5599,2034,Paneer Tikka,1,20.87
5600,2034,Biryani,2,15.91
5601,2036,Biryani,3,18.67
5602,2036,Masala Dosa,3,19.30
5603,2037,Quesadilla,2,14.73
5604,2037,Chicken Enchiladas,3,7.53
5605,2038,Spring Rolls,2,8.47
5606,2038,Banh Mi,2,16.68
5607,2038,Vietnamese Iced Coffee,3,13.61
5608,2038,Spring Rolls,3,11.30
5609,2038,Vietnamese Iced Coffee,1,9.88
5610,2040,Pho Bowl,2,13.42
5611,2041,Fried Rice,2,12.61
5612,2041,Fried Rice,2,10.06
5613,2041,Kung Pao Chicken,2,9.67
5614,2041,Spring Rolls,2,13.88
5615,2041,General Tso Bowl,3,8.94
5616,2042,Fried Rice,1,8.23
5617,2042,Fried Rice,1,16.59
5618,2043,Pho Bowl,3,21.48
5619,2044,Sushi Combo,3,21.09
5620,2045,Salmon Roll,2,13.39
5621,2045,Salmon Roll,1,10.72
5622,2046,BBQ Wings,2,8.22
5623,2046,Classic Burger,3,11.29
5624,2046,Chicken Sandwich,1,19.49
5625,2046,BBQ Wings,3,20.00
5626,2046,Caesar Salad,2,13.41
5627,2048,Veggie Dumplings,1,19.80
5628,2049,Cucumber Salad,3,17.82
5629,2049,Greek Bowl,1,10.48
5630,2049,Cucumber Salad,1,7.52
5631,2049,Falafel Wrap,3,19.03
5632,2049,Cucumber Salad,1,18.11
5633,2051,Masala Dosa,1,8.05
5634,2051,Paneer Tikka,1,16.19
5635,2051,Chana Masala,2,12.53
5636,2051,Biryani,3,19.48
5637,2053,Caesar Salad,2,16.40
5638,2053,Classic Burger,2,19.70
5639,2053,Caesar Salad,1,17.63
5640,2053,Loaded Fries,3,16.43
5641,2054,Falafel Wrap,1,19.05
5642,2054,Hummus Platter,2,20.51
5643,2054,Cucumber Salad,1,8.14
5644,2054,Falafel Wrap,3,14.47
5645,2054,Greek Bowl,1,10.68
5646,2054,Shawarma Plate,1,7.66
5647,2055,Paneer Tikka,1,9.07
5648,2055,Chana Masala,3,14.06
5649,2055,Biryani,1,19.35
5650,2055,Butter Chicken,2,21.88
5651,2055,Paneer Tikka,1,8.13
5652,2055,Paneer Tikka,1,16.28
5653,2056,Satay Skewers,2,11.08
5654,2056,Pad Thai,1,13.46
5655,2056,Satay Skewers,2,13.23
5656,2056,Pad Thai,1,10.69
5657,2056,Satay Skewers,1,20.52
5658,2056,Tom Yum Soup,2,14.85
5659,2058,Onion Rings,1,11.11
5660,2058,Loaded Burger,2,12.37
5661,2060,Satay Skewers,2,21.04
5662,2060,Pad Thai,3,10.98
5663,2060,Satay Skewers,3,8.33
5664,2060,Satay Skewers,3,12.02
5665,2060,Pad Thai,1,20.31
5666,2060,Tom Yum Soup,3,19.67
5667,2061,Shawarma Plate,3,14.52
5668,2061,Shawarma Plate,3,7.54
5669,2061,Shawarma Plate,1,18.63
5670,2061,Hummus Platter,1,17.55
5671,2061,Falafel Wrap,2,14.03
5672,2062,Chana Masala,1,19.17
5673,2062,Paneer Tikka,2,19.01
5674,2063,Paneer Tikka,3,19.07
5675,2064,Teriyaki Bowl,1,16.57
5676,2065,Loaded Fries,2,15.13
5677,2067,Rice Noodles,3,12.10
5678,2067,Pho Bowl,2,12.26
5679,2067,Pho Bowl,2,15.88
5680,2067,Banh Mi,1,19.89
5681,2068,Tempura Udon,1,7.96
5682,2068,Sushi Combo,1,13.20
5683,2068,Sushi Combo,2,18.30
5684,2068,Sushi Combo,3,20.88
5685,2069,Fried Rice,3,9.09
5686,2069,Kung Pao Chicken,1,17.88
5687,2069,Fried Rice,1,19.83
5688,2070,Pho Bowl,2,17.73
5689,2070,Rice Noodles,3,7.97
5690,2072,Biryani,1,8.22
5691,2072,Paneer Tikka,1,11.60
5692,2072,Biryani,3,11.07
5693,2072,Masala Dosa,1,18.50
5694,2072,Butter Chicken,2,14.44
5695,2072,Biryani,3,11.86
5696,2073,Shawarma Plate,3,20.04
5697,2073,Falafel Wrap,3,19.30
5698,2073,Greek Bowl,1,13.34
5699,2073,Greek Bowl,1,13.99
5700,2073,Shawarma Plate,1,16.71
5701,2073,Hummus Platter,1,18.82
5702,2075,Pad Thai,3,11.38
5703,2075,Pad Thai,1,19.29
5704,2076,Loaded Burger,3,17.58
5705,2076,Chicken Burger,1,15.45
5706,2076,Smash Burger,1,20.75
5707,2076,Chicken Burger,3,14.28
5708,2076,Onion Rings,3,19.60
5709,2077,Rice Noodles,2,12.98
5710,2077,Pho Bowl,2,12.95
5711,2077,Vietnamese Iced Coffee,2,8.03
5712,2077,Rice Noodles,1,14.61
5713,2077,Banh Mi,3,18.65
5714,2078,Green Curry,1,18.49
5715,2078,Pad Thai,1,17.37
5716,2078,Tom Yum Soup,3,8.71
5717,2078,Satay Skewers,3,18.57
5718,2079,Hummus Platter,1,17.83
5719,2079,Falafel Wrap,2,15.98
5720,2079,Shawarma Plate,2,16.77
5721,2079,Falafel Wrap,3,16.17
5722,2079,Greek Bowl,3,11.82
5723,2080,Guacamole Chips,2,17.64
5724,2080,Quesadilla,2,19.42
5725,2080,Quesadilla,3,10.42
5726,2080,Quesadilla,2,7.81
5727,2081,Satay Skewers,2,19.96
5728,2081,Pad Thai,3,11.26
5729,2081,Green Curry,1,14.25
5730,2081,Tom Yum Soup,2,9.62
5731,2082,Teriyaki Bowl,2,9.09
5732,2082,Teriyaki Bowl,2,7.88
5733,2082,Teriyaki Bowl,3,16.97
5734,2082,Salmon Roll,1,15.58
5735,2082,Tempura Udon,1,18.15
5736,2084,Classic Burger,3,20.26
5737,2085,Paneer Tikka,2,19.57
5738,2085,Chana Masala,3,8.48
5739,2085,Biryani,3,7.55
5740,2085,Chana Masala,1,16.91
5741,2085,Butter Chicken,1,20.06
5742,2086,Paneer Tikka,2,17.44
5743,2086,Paneer Tikka,3,7.85
5744,2086,Chana Masala,2,14.20
5745,2088,Guacamole Chips,2,18.80
5746,2088,Burrito Bowl,2,17.16
5747,2088,Guacamole Chips,1,17.55
5748,2088,Chicken Enchiladas,1,20.19
5749,2088,Burrito Bowl,1,15.61
5750,2091,General Tso Bowl,3,16.95
5751,2091,Spring Rolls,2,11.91
5752,2091,Kung Pao Chicken,2,13.97
5753,2092,Fried Rice,3,12.71
5754,2092,Spring Rolls,3,9.11
5755,2092,Spring Rolls,1,9.65
5756,2092,Fried Rice,1,21.48
5757,2092,Fried Rice,2,10.96
5758,2093,Chana Masala,3,17.05
5759,2094,Quesadilla,3,15.14
5760,2094,Chicken Enchiladas,1,12.56
5761,2094,Burrito Bowl,2,12.64
5762,2094,Guacamole Chips,2,18.26
5763,2094,Chicken Enchiladas,2,16.70
5764,2094,Tacos,2,15.30
5765,2095,BBQ Wings,1,18.02
5766,2097,Shawarma Plate,3,14.65
5767,2097,Cucumber Salad,2,21.09
5768,2097,Greek Bowl,2,14.00
5769,2097,Hummus Platter,2,19.93
5770,2098,Chicken Enchiladas,3,17.10
5771,2098,Quesadilla,3,15.42
5772,2098,Tacos,3,10.89
5773,2099,Masala Dosa,3,15.83
5774,2100,Vietnamese Iced Coffee,1,10.06
5775,2100,Banh Mi,1,19.63
5776,2100,Rice Noodles,1,8.39
5777,2100,Vietnamese Iced Coffee,2,13.63
5778,2100,Rice Noodles,1,9.64
5779,2100,Vietnamese Iced Coffee,1,15.81
5780,2101,BBQ Wings,2,21.36
5781,2101,BBQ Wings,1,10.54
5782,2101,Chicken Sandwich,3,8.04
5783,2102,Classic Burger,1,18.51
5784,2102,Caesar Salad,3,10.62
5785,2102,Loaded Fries,3,13.16
5786,2102,Chicken Sandwich,3,18.99
5787,2102,Caesar Salad,2,10.84
5788,2102,Loaded Fries,2,10.06
5789,2103,Hummus Platter,1,9.45
5790,2103,Greek Bowl,3,21.27
5791,2103,Greek Bowl,2,14.76
5792,2103,Falafel Wrap,1,15.54
5793,2103,Shawarma Plate,3,19.80
5794,2104,BBQ Wings,1,11.68
5795,2105,Loaded Fries,1,14.01
5796,2105,BBQ Wings,1,19.03
5797,2106,Veggie Dumplings,3,10.68
5798,2107,Shawarma Plate,3,14.13
5799,2107,Shawarma Plate,2,20.54
5800,2107,Falafel Wrap,1,15.67
5801,2107,Greek Bowl,3,17.89
5802,2107,Shawarma Plate,2,19.55
5803,2108,Butter Chicken,2,12.19
5804,2108,Masala Dosa,3,17.01
5805,2109,Onion Rings,3,8.64
5806,2109,Loaded Burger,1,8.57
5807,2109,Smash Burger,3,11.84
5808,2109,Loaded Burger,3,12.10
5809,2109,Loaded Burger,1,14.74
5810,2109,Cheeseburger,1,17.44
5811,2111,Vietnamese Iced Coffee,2,7.96
5812,2111,Rice Noodles,1,20.46
5813,2111,Vietnamese Iced Coffee,1,8.22
5814,2111,Spring Rolls,3,8.00
5815,2111,Banh Mi,2,16.02
5816,2111,Spring Rolls,2,16.77
5817,2112,Miso Soup,1,20.20
5818,2112,Sushi Combo,1,10.37
5819,2112,Salmon Roll,2,15.22
5820,2115,Miso Soup,1,19.11
5821,2116,BBQ Wings,2,12.17
5822,2116,Caesar Salad,3,18.43
5823,2116,Chicken Sandwich,3,16.76
5824,2117,Sushi Combo,2,19.05
5825,2117,Salmon Roll,3,8.47
5826,2117,Sushi Combo,1,19.86
5827,2119,Rice Noodles,2,11.25
5828,2121,Teriyaki Bowl,2,11.51
5829,2122,Chicken Enchiladas,1,9.15
5830,2122,Burrito Bowl,1,19.75
5831,2122,Burrito Bowl,3,15.36
5832,2122,Chicken Enchiladas,2,16.30
5833,2123,Chana Masala,3,9.14
5834,2123,Paneer Tikka,3,15.94
5835,2125,Biryani,2,21.48
5836,2125,Biryani,1,15.11
5837,2125,Chana Masala,3,8.62
5838,2125,Butter Chicken,2,17.82
5839,2125,Butter Chicken,1,11.81
5840,2126,Loaded Fries,2,8.27
5841,2127,Pho Bowl,2,11.62
5842,2127,Banh Mi,2,10.20
5843,2127,Spring Rolls,2,11.59
5844,2127,Banh Mi,1,20.63
5845,2127,Pho Bowl,1,12.42
5846,2127,Spring Rolls,2,16.47
5847,2128,Hummus Platter,1,17.06
5848,2128,Cucumber Salad,2,7.56
5849,2128,Falafel Wrap,2,11.04
5850,2128,Greek Bowl,1,11.48
5851,2128,Shawarma Plate,1,20.72
5852,2130,Garlic Bread,2,19.50
5853,2130,Lasagna,2,17.37
5854,2131,Butter Chicken,2,8.23
5855,2131,Paneer Tikka,3,15.07
5856,2131,Butter Chicken,1,13.86
5857,2131,Biryani,1,13.13
5858,2132,Sushi Combo,1,8.57
5859,2133,Butter Chicken,3,10.05
5860,2133,Paneer Tikka,1,11.69
5861,2134,Pad Thai,2,12.37
5862,2134,Pad Thai,2,14.91
5863,2134,Thai Basil Noodles,2,13.78
5864,2134,Pad Thai,3,18.04
5865,2135,Loaded Fries,2,9.25
5866,2135,Chicken Sandwich,3,10.34
5867,2135,Caesar Salad,2,18.02
5868,2135,Classic Burger,1,14.96
5869,2135,BBQ Wings,1,12.23
5870,2137,Shawarma Plate,3,18.43
5871,2137,Greek Bowl,3,9.18
5872,2137,Cucumber Salad,1,17.10
5873,2137,Shawarma Plate,3,9.95
5874,2137,Falafel Wrap,3,12.24
5875,2141,Fried Rice,3,10.07
5876,2141,Kung Pao Chicken,3,19.92
5877,2141,Kung Pao Chicken,3,11.58
5878,2141,Spring Rolls,3,20.61
5879,2141,Fried Rice,3,9.13
5880,2143,Cheeseburger,2,7.60
5881,2144,Burrito Bowl,1,19.24
5882,2144,Quesadilla,3,17.63
5883,2144,Chicken Enchiladas,3,10.23
5884,2146,Salmon Roll,2,19.81
5885,2146,Miso Soup,2,9.72
5886,2146,Salmon Roll,1,19.32
5887,2146,Salmon Roll,1,13.98
5888,2148,Butter Chicken,1,8.24
5889,2148,Chana Masala,3,11.86
5890,2149,Sushi Combo,2,16.40
5891,2149,Tempura Udon,3,21.33
5892,2149,Miso Soup,2,12.74
5893,2149,Sushi Combo,3,8.57
5894,2149,Tempura Udon,1,14.17
5895,2150,Tempura Udon,1,11.06
5896,2150,Miso Soup,2,20.27
5897,2150,Sushi Combo,3,21.20
5898,2150,Miso Soup,2,21.27
5899,2150,Tempura Udon,1,21.84
5900,2150,Sushi Combo,1,18.96
5901,2151,Classic Burger,3,16.93
5902,2151,Classic Burger,1,10.25
5903,2151,BBQ Wings,2,20.21
5904,2151,Chicken Sandwich,1,12.67
5905,2151,BBQ Wings,1,20.28
5906,2152,Hummus Platter,2,10.14
5907,2152,Greek Bowl,3,21.51
5908,2152,Hummus Platter,1,20.19
5909,2152,Greek Bowl,2,10.01
5910,2152,Shawarma Plate,2,19.50
5911,2152,Hummus Platter,1,7.64
5912,2153,Banh Mi,2,11.06
5913,2153,Spring Rolls,1,10.98
5914,2153,Vietnamese Iced Coffee,2,19.02
5915,2153,Vietnamese Iced Coffee,2,13.04
5916,2153,Spring Rolls,1,16.41
5917,2153,Banh Mi,3,21.80
5918,2154,Rice Noodles,3,14.61
5919,2154,Vietnamese Iced Coffee,3,13.19
5920,2154,Vietnamese Iced Coffee,2,8.25
5921,2155,Chana Masala,3,20.12
5922,2155,Masala Dosa,2,19.93
5923,2155,Butter Chicken,1,13.96
5924,2155,Biryani,1,18.93
5925,2155,Butter Chicken,1,10.97
5926,2156,Veggie Dumplings,3,8.02
5927,2156,Fried Rice,1,7.77
5928,2156,Spring Rolls,3,19.93
5929,2157,Banh Mi,2,19.00
5930,2157,Banh Mi,2,11.48
5931,2157,Vietnamese Iced Coffee,2,11.67
5932,2157,Pho Bowl,2,18.23
5933,2157,Rice Noodles,3,17.16
5934,2158,BBQ Wings,1,14.49
5935,2158,Caesar Salad,3,21.23
5936,2158,Chicken Sandwich,3,15.43
5937,2159,Paneer Tikka,1,15.50
5938,2160,Falafel Wrap,3,9.94
5939,2160,Cucumber Salad,3,10.25
5940,2160,Shawarma Plate,3,10.26
5941,2160,Hummus Platter,2,15.41
5942,2160,Shawarma Plate,3,7.81
5943,2160,Falafel Wrap,2,10.10
5944,2162,Hummus Platter,2,20.51
5945,2163,Satay Skewers,3,10.83
5946,2163,Thai Basil Noodles,3,16.17
5947,2163,Thai Basil Noodles,1,8.52
5948,2164,Pho Bowl,3,13.64
5949,2164,Rice Noodles,3,10.19
5950,2165,Classic Burger,3,10.25
5951,2165,Chicken Sandwich,2,17.68
5952,2165,Classic Burger,2,7.60
5953,2165,Caesar Salad,3,7.55
5954,2165,Caesar Salad,2,7.59
5955,2165,BBQ Wings,3,20.73
5956,2166,Greek Bowl,3,11.57
5957,2166,Cucumber Salad,3,16.31
5958,2166,Shawarma Plate,1,18.76
5959,2166,Shawarma Plate,2,14.77
5960,2166,Shawarma Plate,1,18.57
5961,2167,Smash Burger,3,20.95
5962,2167,Loaded Burger,3,12.66
5963,2167,Chicken Burger,2,15.46
5964,2168,Loaded Burger,2,18.27
5965,2168,Smash Burger,2,15.89
5966,2168,Loaded Burger,1,10.32
5967,2168,Smash Burger,3,8.00
5968,2169,Biryani,3,8.47
5969,2169,Biryani,1,15.88
5970,2169,Paneer Tikka,3,17.42
5971,2169,Butter Chicken,3,17.64
5972,2170,Pho Bowl,1,16.09
5973,2170,Vietnamese Iced Coffee,2,12.43
5974,2170,Banh Mi,2,10.80
5975,2171,Lasagna,3,16.22
5976,2171,Lasagna,3,7.94
5977,2171,Margherita Pizza,2,10.92
5978,2171,Pesto Pasta,1,10.92
5979,2171,Pesto Pasta,2,19.97
5980,2171,Caprese Salad,3,18.83
5981,2172,Guacamole Chips,1,21.80
5982,2172,Tacos,3,9.98
5983,2172,Chicken Enchiladas,1,9.51
5984,2172,Burrito Bowl,2,8.41
5985,2172,Chicken Enchiladas,3,16.92
5986,2172,Chicken Enchiladas,1,12.59
5987,2173,Tom Yum Soup,3,13.88
5988,2173,Tom Yum Soup,1,21.24
5989,2173,Pad Thai,1,20.51
5990,2173,Satay Skewers,3,12.07
5991,2173,Thai Basil Noodles,2,11.02
5992,2174,Guacamole Chips,1,8.51
5993,2174,Quesadilla,3,19.61
5994,2174,Tacos,1,21.76
5995,2174,Burrito Bowl,1,21.85
5996,2174,Chicken Enchiladas,2,9.83
5997,2175,Green Curry,1,19.26
5998,2175,Tom Yum Soup,3,20.30
5999,2175,Pad Thai,1,10.88
6000,2175,Thai Basil Noodles,1,14.84
6001,2175,Pad Thai,1,17.65
6002,2176,Loaded Fries,3,21.21
6003,2176,Classic Burger,3,8.04
6004,2176,Classic Burger,1,8.48
6005,2176,Chicken Sandwich,2,8.59
6006,2176,Loaded Fries,1,15.33
6007,2176,Caesar Salad,1,9.44
6008,2177,Quesadilla,2,8.40
6009,2177,Chicken Enchiladas,2,15.17
6010,2177,Tacos,1,18.44
6011,2178,Biryani,3,16.23
6012,2178,Masala Dosa,1,10.52
6013,2178,Paneer Tikka,1,11.53
6014,2181,Greek Bowl,3,14.64
6015,2181,Hummus Platter,3,10.45
6016,2182,Tom Yum Soup,1,9.00
6017,2182,Satay Skewers,2,8.46
6018,2182,Pad Thai,1,11.74
6019,2182,Satay Skewers,1,8.45
6020,2182,Tom Yum Soup,1,10.37
6021,2183,Veggie Dumplings,2,12.78
6022,2183,General Tso Bowl,3,11.87
6023,2184,Pad Thai,3,14.30
6024,2184,Green Curry,3,17.31
6025,2184,Green Curry,3,21.33
6026,2185,Caesar Salad,3,14.19
6027,2187,Butter Chicken,2,12.94
6028,2188,Butter Chicken,3,15.03
6029,2190,BBQ Wings,3,21.05
6030,2191,Chicken Burger,2,17.80
6031,2191,Onion Rings,2,13.60
6032,2191,Onion Rings,2,19.95
6033,2192,Hummus Platter,3,14.42
6034,2192,Falafel Wrap,1,18.87
6035,2192,Cucumber Salad,3,8.71
6036,2193,Cucumber Salad,1,16.35
6037,2193,Hummus Platter,1,11.50
6038,2194,Satay Skewers,1,8.06
6039,2194,Tom Yum Soup,1,15.95
6040,2194,Tom Yum Soup,2,18.15
6041,2194,Satay Skewers,3,19.14
6042,2195,Falafel Wrap,3,18.11
6043,2197,Satay Skewers,3,10.72
6044,2197,Pad Thai,3,15.50
6045,2197,Pad Thai,2,21.35
6046,2197,Thai Basil Noodles,3,13.30
6047,2197,Tom Yum Soup,3,17.25
6048,2197,Green Curry,3,16.63
6049,2198,Butter Chicken,2,20.12
6050,2198,Biryani,3,12.27
6051,2198,Paneer Tikka,3,9.03
6052,2198,Chana Masala,3,12.18
6053,2198,Masala Dosa,3,9.52
6054,2198,Biryani,2,19.41
6055,2201,Thai Basil Noodles,1,18.55
6056,2201,Thai Basil Noodles,1,13.95
6057,2202,Chana Masala,2,11.12
6058,2202,Masala Dosa,1,14.94
6059,2202,Masala Dosa,2,7.62
6060,2203,Margherita Pizza,3,14.24
6061,2204,Margherita Pizza,2,10.34
6062,2204,Garlic Bread,3,11.52
6063,2204,Margherita Pizza,3,20.39
6064,2204,Lasagna,3,16.84
6065,2204,Lasagna,1,17.20
6066,2205,Lasagna,2,20.99
6067,2205,Margherita Pizza,2,18.43
6068,2205,Garlic Bread,3,16.05
6069,2205,Caprese Salad,2,14.24
6070,2205,Garlic Bread,3,15.25
6071,2205,Garlic Bread,1,16.78
6072,2207,Paneer Tikka,1,18.48
6073,2207,Butter Chicken,3,8.06
6074,2207,Paneer Tikka,3,17.09
6075,2207,Biryani,1,18.57
6076,2207,Chana Masala,2,14.62
6077,2208,Butter Chicken,1,18.76
6078,2208,Biryani,2,9.02
6079,2208,Masala Dosa,2,17.13
6080,2208,Chana Masala,3,7.72
6081,2208,Biryani,1,21.07
6082,2209,Kung Pao Chicken,3,21.69
6083,2209,Spring Rolls,2,13.39
6084,2209,Kung Pao Chicken,3,13.53
6085,2209,Fried Rice,1,21.32
6086,2209,Veggie Dumplings,2,11.83
6087,2210,Caprese Salad,1,17.52
6088,2211,Thai Basil Noodles,3,13.47
6089,2211,Pad Thai,1,19.09
6090,2212,Butter Chicken,3,14.17
6091,2212,Butter Chicken,1,10.99
6092,2212,Biryani,2,18.68
6093,2212,Biryani,3,11.73
6094,2213,Pad Thai,2,11.02
6095,2213,Tom Yum Soup,2,17.00
6096,2213,Thai Basil Noodles,3,21.78
6097,2213,Satay Skewers,3,20.35
6098,2213,Thai Basil Noodles,3,8.36
6099,2214,Banh Mi,3,18.67
6100,2216,Lasagna,1,14.89
6101,2217,Pad Thai,2,13.87
6102,2217,Thai Basil Noodles,3,14.70
6103,2217,Thai Basil Noodles,3,9.56
6104,2217,Satay Skewers,3,9.82
6105,2220,General Tso Bowl,1,11.57
6106,2223,Garlic Bread,1,9.02
6107,2223,Pesto Pasta,1,8.84
6108,2223,Caprese Salad,2,11.03
6109,2223,Pesto Pasta,1,19.22
6110,2223,Lasagna,3,12.96
6111,2223,Lasagna,1,14.85
6112,2225,Pad Thai,1,14.18
6113,2225,Thai Basil Noodles,1,20.42
6114,2225,Satay Skewers,1,7.81
6115,2225,Tom Yum Soup,1,20.51
6116,2228,General Tso Bowl,2,10.35
6117,2231,Green Curry,2,20.29
6118,2231,Satay Skewers,2,7.91
6119,2231,Tom Yum Soup,1,12.97
6120,2231,Tom Yum Soup,1,20.10
6121,2231,Green Curry,1,9.28
6122,2232,Greek Bowl,2,9.07
6123,2232,Falafel Wrap,1,16.02
6124,2232,Falafel Wrap,3,9.48
6125,2232,Shawarma Plate,1,14.54
6126,2233,Banh Mi,3,13.29
6127,2233,Rice Noodles,1,8.26
6128,2234,Salmon Roll,2,20.04
6129,2234,Teriyaki Bowl,1,21.58
6130,2234,Sushi Combo,2,9.86
6131,2234,Miso Soup,2,16.92
6132,2234,Teriyaki Bowl,3,18.36
6133,2234,Teriyaki Bowl,3,11.32
6134,2235,Hummus Platter,2,18.66
6135,2235,Falafel Wrap,1,19.49
6136,2235,Falafel Wrap,3,12.00
6137,2237,Tempura Udon,3,17.80
6138,2237,Sushi Combo,2,18.08
6139,2237,Miso Soup,3,8.73
6140,2237,Sushi Combo,2,12.03
6141,2238,Miso Soup,2,15.21
6142,2240,Teriyaki Bowl,2,15.13
6143,2240,Tempura Udon,2,8.36
6144,2240,Salmon Roll,2,19.76
6145,2240,Tempura Udon,3,11.98
6146,2240,Salmon Roll,1,19.01
6147,2240,Teriyaki Bowl,1,12.50
6148,2241,Tom Yum Soup,3,10.81
6149,2241,Tom Yum Soup,3,8.31
6150,2241,Green Curry,3,18.11
6151,2241,Tom Yum Soup,3,9.97
6152,2241,Thai Basil Noodles,1,12.34
6153,2241,Satay Skewers,2,8.16
6154,2242,Vietnamese Iced Coffee,3,17.09
6155,2242,Pho Bowl,3,17.38
6156,2243,General Tso Bowl,1,12.69
6157,2243,Fried Rice,1,12.66
6158,2243,Fried Rice,3,17.60
6159,2246,Satay Skewers,2,14.45
6160,2246,Tom Yum Soup,2,15.64
6161,2246,Tom Yum Soup,3,11.03
6162,2249,Loaded Fries,2,11.57
6163,2249,Classic Burger,1,13.76
6164,2250,Shawarma Plate,3,15.16
6165,2251,Chicken Burger,1,13.12
6166,2251,Chicken Burger,2,9.31
6167,2253,Masala Dosa,2,19.11
6168,2254,Hummus Platter,2,14.16
6169,2254,Hummus Platter,3,12.56
6170,2254,Greek Bowl,3,19.08
6171,2254,Falafel Wrap,3,8.95
6172,2254,Falafel Wrap,1,20.26
6173,2254,Greek Bowl,1,14.24
6174,2255,Tom Yum Soup,2,19.16
6175,2255,Tom Yum Soup,3,10.35
6176,2255,Satay Skewers,1,8.83
6177,2255,Satay Skewers,1,15.76
6178,2256,Chicken Enchiladas,1,9.54
6179,2258,Lasagna,2,7.95
6180,2258,Garlic Bread,1,13.22
6181,2259,Smash Burger,2,17.13
6182,2259,Cheeseburger,3,14.37
6183,2259,Smash Burger,1,17.37
6184,2259,Cheeseburger,1,9.40
6185,2259,Cheeseburger,3,19.38
6186,2260,BBQ Wings,2,11.05
6187,2260,BBQ Wings,3,20.96
6188,2260,Loaded Fries,2,21.00
6189,2260,Caesar Salad,3,15.75
6190,2260,Chicken Sandwich,3,20.81
6191,2262,Caesar Salad,1,18.82
6192,2262,Caesar Salad,3,20.61
6193,2262,BBQ Wings,2,17.95
6194,2262,Loaded Fries,2,16.20
6195,2262,Loaded Fries,3,16.47
6196,2263,Guacamole Chips,3,14.80
6197,2263,Burrito Bowl,1,13.96
6198,2263,Tacos,3,9.07
6199,2263,Quesadilla,3,17.98
6200,2263,Tacos,2,18.00
6201,2263,Chicken Enchiladas,1,9.41
6202,2265,Banh Mi,3,11.53
6203,2266,Butter Chicken,1,10.57
6204,2266,Paneer Tikka,2,19.92
6205,2266,Paneer Tikka,2,13.08
6206,2266,Masala Dosa,2,20.72
6207,2266,Biryani,3,7.94
6208,2267,Quesadilla,1,11.51
6209,2267,Guacamole Chips,2,17.06
6210,2267,Burrito Bowl,1,9.85
6211,2267,Guacamole Chips,1,14.77
6212,2267,Burrito Bowl,1,12.54
6213,2267,Tacos,3,20.02
6214,2268,Tacos,3,17.85
6215,2268,Tacos,1,14.37
6216,2268,Quesadilla,3,16.66
6217,2269,Chicken Enchiladas,2,9.94
6218,2269,Chicken Enchiladas,3,21.14
6219,2269,Guacamole Chips,2,14.56
6220,2269,Quesadilla,1,10.47
6221,2269,Tacos,2,17.57
6222,2270,Smash Burger,1,19.31
6223,2271,Vietnamese Iced Coffee,1,18.03
6224,2272,Teriyaki Bowl,3,13.84
6225,2272,Teriyaki Bowl,3,13.52
6226,2272,Tempura Udon,1,8.65
6227,2273,Tom Yum Soup,1,8.09
6228,2273,Green Curry,2,7.52
6229,2273,Satay Skewers,1,8.48
6230,2275,Green Curry,3,16.52
6231,2275,Thai Basil Noodles,2,21.27
6232,2275,Thai Basil Noodles,3,18.84
6233,2275,Tom Yum Soup,1,20.09
6234,2275,Pad Thai,2,20.50
6235,2276,Guacamole Chips,1,9.10
6236,2277,Classic Burger,2,10.11
6237,2277,BBQ Wings,3,15.56
6238,2277,Classic Burger,3,14.03
6239,2277,Classic Burger,3,19.16
6240,2277,Loaded Fries,1,14.36
6241,2277,Chicken Sandwich,1,14.23
6242,2278,Paneer Tikka,1,21.65
6243,2278,Chana Masala,2,21.74
6244,2278,Biryani,1,18.19
6245,2278,Chana Masala,2,8.24
6246,2280,Teriyaki Bowl,3,17.44
6247,2280,Sushi Combo,3,16.70
6248,2281,Pho Bowl,3,9.65
6249,2281,Rice Noodles,3,7.77
6250,2281,Rice Noodles,1,14.30
6251,2282,Chicken Sandwich,1,15.58
6252,2282,Caesar Salad,1,20.05
6253,2282,Classic Burger,3,15.91
6254,2282,Loaded Fries,2,10.09
6255,2283,Garlic Bread,3,17.58
6256,2285,Thai Basil Noodles,2,18.62
6257,2285,Green Curry,1,10.52
6258,2285,Tom Yum Soup,3,20.56
6259,2287,Chicken Enchiladas,3,17.89
6260,2288,Biryani,1,14.13
6261,2288,Masala Dosa,3,7.93
6262,2288,Paneer Tikka,1,7.70
6263,2288,Chana Masala,3,15.25
6264,2289,Caesar Salad,1,20.26
6265,2289,Loaded Fries,1,14.19
6266,2289,Classic Burger,1,21.25
6267,2290,Lasagna,1,21.13
6268,2290,Margherita Pizza,1,13.89
6269,2291,Thai Basil Noodles,2,14.61
6270,2291,Tom Yum Soup,3,17.59
6271,2291,Satay Skewers,2,12.41
6272,2291,Thai Basil Noodles,2,21.17
6273,2292,Butter Chicken,3,12.38
6274,2292,Butter Chicken,2,12.33
6275,2292,Biryani,3,19.44
6276,2292,Masala Dosa,1,20.48
6277,2292,Masala Dosa,2,16.46
6278,2292,Masala Dosa,1,13.91
6279,2293,Thai Basil Noodles,2,21.26
6280,2294,Butter Chicken,3,20.62
6281,2296,Loaded Fries,3,9.43
6282,2296,Loaded Fries,1,16.88
6283,2296,Loaded Fries,3,12.16
6284,2296,Classic Burger,3,21.24
6285,2299,Biryani,2,9.61
6286,2299,Masala Dosa,2,11.26
6287,2299,Paneer Tikka,2,16.21
6288,2299,Paneer Tikka,3,20.52
6289,2301,Classic Burger,2,18.79
6290,2301,Caesar Salad,2,11.19
6291,2301,Classic Burger,2,15.51
6292,2304,Spring Rolls,3,20.13
6293,2304,General Tso Bowl,3,14.85
6294,2304,Fried Rice,3,12.03
6295,2304,Fried Rice,3,8.59
6296,2305,Falafel Wrap,1,13.19
6297,2306,Guacamole Chips,2,16.73
6298,2307,Shawarma Plate,2,21.17
6299,2307,Cucumber Salad,2,16.50
6300,2307,Cucumber Salad,2,15.25
6301,2307,Greek Bowl,1,14.05
6302,2307,Falafel Wrap,1,21.43
6303,2308,Lasagna,3,10.56
6304,2308,Margherita Pizza,2,18.16
6305,2308,Lasagna,3,17.15
6306,2309,Chana Masala,1,20.84
6307,2309,Biryani,1,21.71
6308,2309,Masala Dosa,3,7.71
6309,2309,Masala Dosa,1,11.72
6310,2309,Masala Dosa,3,15.98
6311,2311,Caesar Salad,2,8.48
6312,2311,BBQ Wings,2,12.88
6313,2311,BBQ Wings,1,21.69
6314,2311,BBQ Wings,1,18.40
6315,2312,Paneer Tikka,3,21.45
6316,2312,Paneer Tikka,2,21.22
6317,2313,Tom Yum Soup,2,9.20
6318,2313,Tom Yum Soup,2,20.33
6319,2314,Tacos,1,9.72
6320,2314,Tacos,1,7.89
6321,2314,Quesadilla,2,17.00
6322,2314,Chicken Enchiladas,2,18.84
6323,2314,Burrito Bowl,2,10.87
6324,2315,Lasagna,1,12.40
6325,2318,Caprese Salad,2,7.78
6326,2318,Garlic Bread,3,18.80
6327,2318,Margherita Pizza,2,20.70
6328,2318,Garlic Bread,1,13.36
6329,2318,Garlic Bread,1,17.55
6330,2319,Chicken Sandwich,1,10.41
6331,2319,Loaded Fries,1,19.32
6332,2319,Chicken Sandwich,3,13.34
6333,2320,Veggie Dumplings,1,15.97
6334,2320,Fried Rice,2,18.04
6335,2320,Spring Rolls,2,16.38
6336,2320,Spring Rolls,2,19.97
6337,2320,General Tso Bowl,1,18.10
6338,2321,Classic Burger,2,8.13
6339,2321,Caesar Salad,2,21.02
6340,2321,Classic Burger,2,18.84
6341,2321,Chicken Sandwich,2,7.95
6342,2321,Classic Burger,2,18.06
6343,2321,Classic Burger,3,19.99
6344,2322,Masala Dosa,2,20.34
6345,2322,Biryani,1,13.08
6346,2322,Masala Dosa,1,17.01
6347,2322,Masala Dosa,1,14.75
6348,2322,Masala Dosa,2,10.19
6349,2323,Falafel Wrap,2,20.35
6350,2324,Masala Dosa,2,19.49
6351,2324,Biryani,2,21.50
6352,2324,Chana Masala,2,13.68
6353,2324,Chana Masala,1,11.68
